id;question;answer;source_doc;source_loc;tags;difficulty
1;Akademik teþvik baþvurusu yapacak öðretim elemanlarýnýn sisteme giriþ sürecindeki temel yükümlülükleri nelerdir?;"Öðretim elemanlarýnýn öncelikle akademik faaliyet verilerini YÖKSÝS sistemine girmeleri zorunludur; ardýndan bu sistemden alýnan çýktý ile birlikte FUATS (https://akademiktesvik.firat.edu.tr) üzerinden baþvurularýný tamamlamalýdýrlar; baþvuru sahipleri YÖKSÝS ve FUATS sistem çýktýlarýnýn her sayfasýný imzalý olarak sunmakla yükümlüdürler; faaliyetlere ait tüm kanýtlayýcý belgelerin elektronik ortamda FUATS sistemine yüklenmesi þarttýr; imzalý çýktýlar ise kadrolarýnýn bulunduðu birimlerin ilgili komisyonuna teslim edilmelidir; süreci zamanýnda ve usulüne uygun tamamlamayan araþtýrmacýlarýn baþvurularý deðerlendirmeye alýnmaz.";Baþvuru Rehberi;Teþvik ödeneði baþvurusu > Sayfa 3;baþvuru|sistem|yöksis|imza;easy
2;Birim akademik teþvik baþvuru ve inceleme komisyonu baþvurularý deðerlendirirken hangi takvime uymalýdýr?;"Birim komisyonu öðretim elemanlarýnca yapýlan baþvurularý 12-15 Ocak 2026 tarihleri arasýnda FUATS sistemi üzerinden incelemek zorundadýr; inceleme süreci tamamlandýktan sonra 15 Ocak 2026 tarihinde teþvik almaya hak kazananlar sisteme girilmelidir; ayný gün YÖKSÝS ve FUATS sistem çýktýlarý Dekanlýk veya Müdürlüklere iletilmelidir; birimler tarafýndan onaylanan evraklarýn 16 Ocak 2026 tarihine kadar üst komisyona gönderilmesi esastýr; deðerlendirme sýrasýnda reddedilen veya puaný deðiþtirilen faaliyetler için mutlaka gerekçeli açýklama yapýlmalýdýr; komisyonlar tüm iþlemlerini ilan edilen bu takvim planýna uygun þekilde yürütmekle mükelleftir.";Takvim;12-15 Ocak 2026;komisyon|inceleme|takvim|süreç;med
3;Üst komisyonun deðerlendirme sonuçlarýna karþý itiraz süreci ve yöntemi nasýl gerçekleþtirilmelidir?;"Akademik Teþvik Düzenleme, Denetleme ve Ýtiraz Komisyonu nihai kararlarýný 25 Ocak 2026 tarihinde FUATS üzerinden ilan eder; ilan edilen sonuçlara karþý itirazlar 26-30 Ocak 2026 tarihleri arasýnda yazýlý olarak yapýlmalýdýr; itiraz dilekçeleri doðrudan Rektör Yardýmcýlýðý Makamýna elden teslim edilmek zorundadýr; komisyon itirazlarý beþ iþ günü içerisinde deðerlendirerek nihai karara baðlar; komisyon tarafýndan verilen kararlar kesin nitelik taþýr ve daha sonra itiraz kabul edilmez; itiraz sürecinin sonunda kesin listeler oluþturularak ödeme birimlerine bildirilir.";Yönetmelik / Takvim;Madde 6(6) / 26-30 Ocak 2026;itiraz|dilekçe|ilan|nihai karar;med
4;Devlet yükseköðretim kurumlarý dýþýnda görev yapan öðretim elemanlarýnýn teþvik hakký nasýl düzenlenmiþtir?;"Vakýf üniversitelerine görevlendirilen devlet üniversitesi öðretim elemanlarý görevlendirme süreleri boyunca gerçekleþtirdikleri faaliyetlerden teþvik alamazlar; vakýf üniversitelerinden veya diðer kurumlardan devlet üniversitelerine geçenler ise sadece devlet üniversitesindeki görev sürelerinde yaptýklarý faaliyetler için baþvurabilirler; teþvik puaný hesaplanýrken sadece devlet yükseköðretim kurumlarýnda üretilen yayýnlara yapýlan atýflar geçerli kabul edilir; yabancý uyruklu öðretim elemanlarý bu ödenekten hiçbir þekilde yararlanamazlar; kurum dýþýndaki faaliyetlerin deðerlendirilebilmesi için ilgili faaliyetlerin devlet kurumlarý bünyesinde gerçekleþtirilmiþ olmasý esastýr; araþtýrmacýnýn faaliyetleri kadrosunun bulunduðu güncel devlet kurumunda deðerlendirilir.";Yönetmelik;Madde 6(7) ve Madde 6(9);vakýf üniversitesi|devlet kurumu|yabancý uyruklu|uygunluk;hard
5;Araþtýrma faaliyetinin teþvik kapsamýnda deðerlendirilebilmesi için gereken asgari süre ve görevlendirme þartý nedir?;"Araþtýrma faaliyetinin puanlanabilmesi için kurum dýþýnda görevlendirme ile yurt içinde veya yurt dýþýnda en az dört ay süreyle yürütülmüþ olmasý zorunludur; dört aydan kýsa süren sistematik çalýþmalar deðerlendirme kapsamý dýþýnda tutulur; araþtýrmanýn bilim, teknoloji ve sanata katký saðlayýcý nitelikte yeni bilgiler üretmesi veya teknolojik çözümler sunmasý beklenir; araþtýrma için mutlaka üniversite yönetim kurulu tarafýndan yapýlmýþ resmi bir görevlendirme bulunmalýdýr; görevlendirme belgeleri ve sonuç raporu FUATS sistemine kanýt olarak yüklenmelidir; araþtýrmacýlarýn kendi kurumu dýþýndaki bir üniversite veya araþtýrma kurumunda tam zamanlý çalýþmýþ olmalarý þarttýr.";Yönetmelik / Rehber;Madde 3(þ) / Araþtýrma Koþullarý;araþtýrma|süre|görevlendirme|yönetim kurulu;med
6;Hangi tür projeler akademik teþvik ödeneði kapsamýnda deðerlendirme dýþý (kapsam dýþý) býrakýlmýþtýr?;"Yükseköðretim kurumlarý tarafýndan desteklenen bilimsel araþtýrma projeleri (BAP) teþvik kapsamý dýþýndadýr; TÜBÝTAK-1002 hýzlý destek projeleri ile sanayi, kamu ve giriþimcilik odaklý projeler deðerlendirmeye alýnmaz; süresi dokuz aydan az olan veya Ar-Ge niteliði taþýmayan döner sermaye projeleri kapsam dýþýdýr; yerel kalkýnma, topluma hizmet veya sosyal sorumluluk amaçlý fonlanan projeler puanlamaya dahil edilmez; Avrupa Birliði Katýlým Öncesi Mali Yardým (IPA) projeleri ve döner sermaye üzerinden yapýlan bilirkiþilikler de kabul edilmez; ayný projenin uzantýsý olan mükerrer çalýþmalar için ikinci kez puanlama yapýlamaz.";Yönetmelik;Madde 7(2);proje|kapsam dýþý|BAP|Ar-Ge;hard
7;Kitap yazarlýðý ve kitap bölümü çalýþmalarýnda yayýnevlerinin saðlamasý gereken kriterler nelerdir?;"Uluslararasý yayýnevlerinin en az beþ yýl uluslararasý düzeyde faaliyet yürütmesi ve Türkçe dýþýndaki dillerde ayný alanda en az yirmi kitap yayýmlamýþ olmasý þarttýr; ulusal yayýnevleri için de en az beþ yýl faaliyet ve ayný alanda farklý yazarlara ait en az yirmi kitap yayýmlama kriteri aranýr; kitaplarýn mutlaka ISBN numarasýna sahip olmasý gerekmektedir; kongre veya sempozyum bildirilerinden oluþan kitaplar ile buralarda yayýmlanan bildiriler yayýn kategorisinde deðerlendirilmez; sýnavlar için hazýrlanan soru kitaplarý ve küratörlük kitaplarý kapsam dýþý tutulmuþtur; yazarlýk faaliyetleri yayýneviyle yapýlan sözleþme veya editörden gelen davet mektubu ile belgelendirilmelidir.";Yönetmelik / Rehber;Madde 3(l) / Yayýn Koþullarý;kitap|yayýnevi|ISBN|uluslararasý;hard
8;Dergilerde gerçekleþtirilen editörlük faaliyetlerinin puanlanmasýnda uygulanan kýsýtlamalar nelerdir?;"Dergilerde editörlük ve editör kurulu üyelikleri deðerlendirilirken yýllýk yayýnlanan sayýya bakýlmaksýzýn sadece bir editörlük dikkate alýnýr; farklý dergilerde birden fazla editörlük görevi bulunsa dahi yalnýzca bir tanesi puanlamaya dahil edilebilir; çok editörlü dergilerde sadece baþ editör olan öðretim elemaný teþvik kapsamýnda deðerlendirilir; editör kurulu üyelikleri mevcut yönetmelik ve rehber hükümleri uyarýnca teþvik kapsamýndan tamamen çýkartýlmýþtýr; puanlama için derginin indeksi ve adayýn editör olduðunu gösteren web sitesi ekran görüntüsü kanýt olarak sunulmalýdýr; derginin ISSN numarasýna sahip olmasý ve düzenli yayým yapmasý temel þarttýr.";Yönetmelik / Rehber;Madde 7(4) / Yayýn Belgeleri;editör|dergi|baþ editör|kýsýtlama;med
9;Akademik teþvik puaný hesaplanýrken kullanýlan (k) katsayýsý kiþi sayýsýna göre nasýl deðiþmektedir?;"Tek yazarlý veya tek katýlýmcýlý faaliyetlerde (k) katsayýsý tam deðer olan 1 olarak uygulanýr; iki isimli çalýþmalarda her bir araþtýrmacý için katsayý 0,8 olarak hesaplanýr; üç kiþilik faaliyetlerde bu deðer 0,6 iken dört kiþilik faaliyetlerde 0,45 olarak dikkate alýnýr; beþ kiþilik çalýþmalarda katsayý 1/5, altý kiþilik çalýþmalarda ise 1/6 oranýnda uygulanýr; yedi ve daha fazla katýlýmcý bulunmasý durumunda katsayý 1 bölü toplam kiþi sayýsý þeklinde belirlenir; ancak karma sergi etkinlikleri ve uluslararasý karma ses/görüntü kayýtlarýnda kiþi sayýsýna bakýlmaksýzýn katsayý uygulanmaz ve tam puan verilir; bu katsayýlar çok isimli yayýn, teblið ve patentler için temel hesaplama aracýdýr.";Yönetmelik;Madde 8(4) / Tablo 1;katsayý|kiþi sayýsý|puanlama|hesaplama;easy
10;SCI, SCI-Expanded, SSCI ve AHCI kapsamýndaki makalelerin puanlanmasýnda (p) katsayýsý nasýl belirlenir?;"Makalenin yayýmlandýðý yýl için derginin ISI Web of Science tarafýndan belirlenen Çeyreklik (Quartile) sýnýflandýrmasý esas alýnýr; Q1 sýnýfýndaki dergiler için (p) katsayýsý tam deðer olan 1 olarak uygulanýr; Q2 sýnýfýndaki dergiler için katsayý 0,8 iken Q3 sýnýfý için 0,5 olarak belirlenmiþtir; Q4 sýnýfýndaki dergilerde yayýmlanan makaleler için en düþük oran olan 0,25 katsayýsý kullanýlýr; AHCI kapsamýndaki dergilerde yayýmlanan makaleler için katsayý deðeri sabit olarak 0,5 þeklinde uygulanýr; eðer bir derginin Q deðeri henüz belirlenmemiþse en alt katsayý olan 0,25 deðeri üzerinden iþlem yapýlýr; bu katsayýlar araþtýrma ve derleme makalelerin nihai puanýný doðrudan etkiler.";Yönetmelik;Madde 8(6) / Tablo 3;quartile|Q deðeri|katsayý|indeks;med
11;Tebliðlerin uluslararasý etkinlik kapsamýnda deðerlendirilebilmesi için gereken katýlýmcý þartlarý nelerdir?;"Etkinliðin uluslararasý nitelik kazanmasý için Türkiye dýþýnda en az beþ farklý ülkeden sözlü teblið sunan konuþmacýnýn katýlýmý þarttýr; sunulan toplam tebliðlerin yarýdan fazlasýnýn Türkiye dýþýndan katýlan araþtýrmacýlar tarafýndan sunulmuþ olmasý zorunludur; sadece beþ yabancý katýlýmcýnýn olmasý yeterli deðildir, katýlýmcýlarýn farklý ülkelerden gelmesi kriteri aranýr; tebliðlerin tam metin olarak etkinlik kitapçýðýnda (basýlý veya elektronik) yayýmlanmýþ olmasý gerekmektedir; ayrýca etkinliðin uluslararasý olup olmadýðýna dair üniversite yönetim kurulu kararýnýn bulunmasý þarttýr; özet metinler veya tam metni yayýmlanmayan sunumlar puanlamaya dahil edilmez.";Yönetmelik / Rehber;Madde 7(9) / Teblið Koþullarý;teblið|uluslararasý|katýlýmcý|tam metin;hard
12;Hangi tür ödüller akademik teþvik puanlamasý kapsamýnda deðerlendirme dýþý býrakýlmaktadýr?;"Öðretim elemanýnýn kadrosunun bulunduðu üniversite tarafýndan verilen ödüller puanlamaya dahil edilmez; bilimsel toplantýlarda sunulan tebliðler için verilen ödüller teþvik kapsamý dýþýndadýr; dergi hakemlikleri dolayýsýyla yayýnevleri veya editörlükler tarafýndan verilen ödüller kabul edilmez; yayýn teþvik ödülleri, teþekkür belgeleri, plaketler, burslar ve onur belgeleri deðerlendirmeye alýnmaz; yarýþmalarda verilen mansiyon ödülleri puanlama dýþý tutulmuþtur; sürekli olarak verilmeyen veya daha önce en az beþ kez düzenlenmemiþ ödüller kapsam dýþýdýr; ödülün mutlaka araþtýrmacýnýn kendi uzmanlýk alaný ile ilgili olmasý þarttýr.";Yönetmelik / Rehber;Madde 7(10) / Ödül Koþullarý;ödül|kapsam dýþý|mansiyon|hakemlik;hard
13;Patent faaliyetlerinin teþvik puaný hesaplamasýnda kullanýlan tescil yýlý ve tür sýnýrlamalarý nelerdir?;"Patentlerin deðerlendirilmesinde tescil edildiði tarih esas alýnýr ve sadece 2025 yýlýnda tescil edilenler kabul edilir; ulusal düzeyde yapýlan baþvurularda sadece incelemeli patentler deðerlendirmeye alýnýr; ulusal incelemesiz patentler teþvik kapsamý dýþýnda býrakýlmýþtýr; Patent Ýþbirliði Antlaþmasý veya Avrupa Patent Sözleþmesi kapsamýnda tescillenenler uluslararasý patent olarak puanlanýr; birden fazla ülkede tescillenmiþ ayný içerikli patentler için mükerrer baþvuru yapýlamaz, sadece bir kez puanlanýr; tescil belgesinin bir nüshasýnýn FUATS sistemine kanýt olarak yüklenmesi zorunludur; uluslararasý patentler için katsayý 100, ulusal patentler için ise 60 üzerinden hesaplanýr.";Yönetmelik / Rehber;Madde 7(7) / Patent Koþullarý;patent|tescil|incelemeli|uluslararasý;hard
14;Atýf faaliyetlerinin puanlanmasýnda kullanýlan temel kurallar ve kýsýtlamalar nelerdir?;"Sadece teþvik baþvurusu yapýlan 2025 yýlý içerisinde yayýmlanmýþ çalýþmalardaki atýflar dikkate alýnýr; araþtýrmacýnýn kendi yayýnlarýna yaptýðý atýflar (self-citation) kesinlikle puanlanmaz; bir eserin ayný yayýnýn farklý bölümlerinde birden fazla kez zikredilmesi tek bir atýf sayýlýr; atýf yapan ve atýf yapýlan her iki çalýþmanýn da yönetmelikçe geçerli yayýn kategorilerinde olmasý þarttýr; sadece devlet yükseköðretim kurumlarýnda görev yaparken üretilen eserlere yapýlan atýflar geçerlidir; atýf puanlamasýnda kiþi sayýsý dikkate alýnmaz ve her bir araþtýrmacý için ayrý puanlama yapýlýr; farklý bölüm yazarlarý olan kitaplarda her bölümdeki atýf ayrý puanlanýr.";Yönetmelik / Rehber;Madde 7(8) / Atýf Koþullarý;atýf|puanlama|kýsýtlama|devlet kurumu;med
15;Sergi faaliyetlerinin uluslararasý olarak kabul edilmesi için gereken onay süreci nasýldýr?;"Bir serginin uluslararasý nitelikte sayýlabilmesi için öncelikle ilgili bölüm, anabilim dalý veya anasanat dalý kurullarýnca onaylanmasý gerekir; sanatsal veya bilimsel niteliðe sahip iþitsel ve görsel etkinlikler sergi kapsamýnda deðerlendirilir; etkinliklerin sanata katký saðlayýcý özellikte olmasý ve eðitim-öðretim faaliyetleri dýþýndaki özgün çalýþmalarý kapsamasý þarttýr; uluslararasý sergiler için kurul kararýnýn FUATS sistemine kanýt olarak yüklenmesi zorunludur; ayný yýl içerisinde tekrar eden etkinliklerin en fazla iki tanesi puanlanýr ve ikinci tekrar %50 puanla deðerlendirilir; öðrenci kulübü faaliyetleri kapsamýnda düzenlenen sergiler teþvik dýþý tutulmuþtur; deðerlendirmede serginin açýlýþ tarihi esas alýnýr.";Yönetmelik / Rehber;Madde 7(6) / Sergi Koþullarý;sergi|uluslararasý|onay|kurul kararý;med
16;Akademik teþvik ödeneði ödeme süreci ne zaman baþlar ve ne kadar süreyle devam eder?;"Akademik teþvik ödemeleri her takvim yýlý için bir önceki yýlýn faaliyetleri esas alýnarak hesaplanýr; ödemeler ilgili yýlýn Þubat ayýnýn on beþinden itibaren baþlatýlýr; hak kazanan öðretim elemanlarýna on iki ay boyunca her ayýn on beþinde ödeme yapýlmaya devam edilir; ödenek damga vergisi hariç herhangi bir vergiye tabi tutulmaz ve diðer tazminatlarýn hesabýnda dikkate alýnmaz; ödemelerin yapýlabilmesi için araþtýrmacýnýn teþvik puanýnýn en az otuz olmasý þarttýr; ödeme süreci devam ederken kurum deðiþtiren öðretim elemanlarýnýn ödemeleri yeni kurumlarý tarafýndan gerçekleþtirilir; yanlýþ beyanda bulunduðu tespit edilenlerin ödemeleri kanuni faiziyle geri alýnýr.";Yönetmelik;Madde 10;ödeme|süre|vergi|kurum deðiþikliði;easy
17;Tasarým faaliyetinin teþvik kapsamýnda deðerlendirilebilmesi için gereken uygulama þartlarý nelerdir?;"Tasarýmýn bilim, teknoloji ve sanata katký saðlayýcý nitelikte ve araþtýrmacýnýn kendi alaný ile ilgili olmasý zorunludur; tasarýmlarýn kamu kurumlarý veya özel hukuk tüzel kiþileriyle yapýlan sözleþme uyarýnca uygulanmýþ veya ticarileþtirilmiþ olmasý þarttýr; deðerlendirmede tasarýmýn sonuçlandýðý tarih esas alýnýr ve 2025 yýlý içerisinde gerçekleþmiþ olmasý gerekir; tasarýmýn özgün bir çizim, endüstriyel, çevresel veya grafiksel bir model olmasý beklenir; baþvuru sýrasýnda tasarým dosyasý ile uygulandýðýný gösterir sözleþme veya tescil belgesi FUATS'a yüklenmelidir; ticarileþmeyen veya sadece taslak aþamasýnda kalan projeler puanlamaya dahil edilmez.";Yönetmelik / Rehber;Madde 7(5) / Tasarým Belgeleri;tasarým|ticarileþme|sözleþme|uygulama;med
18;Akademik teþvik puaný hesaplama formülü ve kadro unvanlarýna göre uygulanan oranlar nelerdir?;"Ödeme tutarý; en yüksek devlet memuru brüt aylýðý ile kadro unvaný oranýnýn ve teþvik puanýnýn yüze bölünmesiyle elde edilen oranýn çarpýlmasýyla bulunur; profesör kadrosundakiler için %100, doçentler için %90, doktor öðretim üyeleri için %80 oran uygulanýr; araþtýrma görevlileri ve öðretim görevlileri için bu oran %70 olarak belirlenmiþtir; puan hesaplanýrken her faaliyet türünün puaný faaliyet katsayýlarý ile çarpýlarak bulunur; toplam akademik teþvik puaný yüz puaný geçemez ve her bir faaliyet türünün aðýrlýðý toplam puanýn %30'unu aþamaz; hesaplamalarda öðretim elemanýnýn baþvuru tarihindeki kadro unvaný esas alýnýr; en az otuz puan barajýný aþamayanlara ödeme yapýlmaz.";Yönetmelik / Rehber;Madde 8 / Hesaplama Yöntemi;maaþ katsayýsý|unvan oraný|formül|baraj puan;hard
19;Yayýn faaliyetlerinde 'Alan Ýndeksleri' kapsamýndaki makalelerin deðerlendirilme kurallarý nelerdir?;"Alan indeksleri; Üniversitelerarasý Kurul (ÜAK) tarafýndan tanýmlanan ve YÖK tarafýndan onaylanan doçentlik baþvurusu endekslerini ifade eder; bu kapsamda puanlama yapýlabilmesi için derginin ilgili alan indeksine girdiðini gösteren ÜAK belgesi FUATS sistemine yüklenmelidir; eðitim bilimleri, mimarlýk, sosyal ve beþeri bilimler ile spor bilimleri gibi belirli temel alanlar dýþýndaki alanlar için bu puanlama uygulanmayabilir; alan indeksli dergilerdeki araþtýrma makaleleri için katsayýlar alan grubuna göre 20 ile 25 arasýnda deðiþmektedir; derleme veya kýsa makaleler için bu oranlar daha düþüktür; ÜAK kriterlerinde alan indeksi yer almayan branþlarda bu kapsamda mükerrer veya hatalý puanlama yapýlmamalýdýr.";Yönetmelik / Rehber;Madde 3(b) / Yayýn Belgeleri;alan indeksi|ÜAK|makale|puanlama;hard
20;Müzik ve sahne sanatlarý alanýndaki ses ve görüntü kayýtlarýnýn puanlanma þartlarý nelerdir?;"Performansa dayalý kiþisel veya karma ses ve/veya görüntü kayýtlarýnýn mutlaka yayýmlanmýþ olmasý þarttýr; kayýtlarýn 2025 yýlý içerisinde yayýmlandýðýný ve ulusal ya da uluslararasý niteliðini gösteren belgeler sunulmalýdýr; müzik bölümleri için CD, DVD veya benzeri ortamdaki kayýtlara yönelik bandrol belgesi zorunludur; bestecilik, yorumculuk veya sahne tasarýmý gibi etkinlikler için etkinliðin boyutunu kanýtlayan yazýlý dökümanlar sisteme yüklenmelidir; uluslararasý boyutta performansa dayalý karma kayýtlarda kiþi sayýsýna bakýlmaksýzýn tam puan verilir; deðerlendirme aþamasýnda etkinliðin sanatsal aðýrlýðý ve yayýmlanma mecrasý titizlikle incelenir.";Yönetmelik / Rehber;Madde 7(4) / Yayýn Belgeleri;ses kaydý|görüntü kaydý|müzik|sahne sanatlarý;med
21;TÜBÝTAK 1002 Hýzlý Destek Programý kapsamýnda yürütülen ve baþarýyla tamamlanan projelerin akademik teþvik puanlamasýndaki yeri nedir?;"TÜBÝTAK 1002 projeleri akademik teþvik ödeneði kapsamýnda deðerlendirme dýþý býrakýlan projeler arasýnda yer almaktadýr; bu projeler araþtýrmacýlarýn araþtýrma kültürünün desteklenmesine yönelik olsa da yönetmelik ve baþvuru rehberi uyarýnca puanlamaya dahil edilmezler; benzer þekilde TÜBÝTAK’ýn sanayi, kamu, giriþimcilik ve bilim-toplum destek projeleri de kapsam dýþýdýr; baþvuru sahiplerinin sadece kapsam dahilindeki TÜBÝTAK 1001, 1003 veya 1005 gibi akademik destek programlarýný beyan etmeleri gerekmektedir.";[Baþvuru Rehberi];Madde 12 / Sayfa 6;proje|tübitak|1002|kapsam dýþý;easy
22;Akademik teþvik baþvurusunda bulunacak bir öðretim elemanýnýn kadro unvaný deðiþikliði puan hesaplamasýný nasýl etkilemektedir?;"Puanlarýn ve ödemelerin hesaplanmasýnda öðretim elemanýnýn teþvik baþvurusunu yaptýðý tarihteki güncel kadro unvaný esas alýnmaktadýr; unvan deðiþikliði yaþayan personelin eski unvanýndaki faaliyetleri de yeni unvaný üzerinden deðerlendirilir; hesaplama tablosundaki profesör, doçent veya doktor öðretim üyesi oranlarý baþvuru anýndaki statüye göre uygulanýr; araþtýrmacýlarýn baþvuru formunda ve FUATS sisteminde en son kadro unvanlarýný beyan etmeleri zorunludur; bu kural ödeme tutarýnýn belirlenmesinde kullanýlan temel parametrelerden biridir.";[Baþvuru Rehberi] | [Yönetmelik];Madde 8(8) / Madde 9;kadro unvaný|hesaplama|unvan deðiþikliði|baþvuru;med
23;Uluslararasý bir yayýnevinin akademik teþvik kapsamýnda 'tanýnmýþ uluslararasý yayýnevi' sayýlabilmesi için gereken asgari kriterler nelerdir?;"Bir yayýnevinin tanýnmýþ uluslararasý yayýnevi sayýlabilmesi için en az beþ yýldýr uluslararasý düzeyde düzenli faaliyet yürütmesi þarttýr; ayrýca yayýnevinin Türkçe dýþýndaki dillerde ayný alanda farklý yazarlara ait en az yirmi kitap yayýmlamýþ olmasý zorunludur; bu kriterleri saðlayan yayýnevlerinden çýkan özgün bilimsel kitaplar tam puan üzerinden deðerlendirmeye alýnýr; baþvuru sýrasýnda yayýnevinin bu þartlarý taþýdýðýný gösteren belgeler veya internet sayfasý adresleri FUATS sistemine yüklenmelidir; Danýþtay kararlarý sonrasý 'Türkçe dýþýndaki dillerde' ibaresi bu taným için belirleyici hale gelmiþtir.";[Yönetmelik];Madde 3(l);yayýnevi|uluslararasý|kitap|kriter;hard
24;Döner sermaye üzerinden yürütülen projelerin akademik teþvik kapsamýnda deðerlendirilebilmesi için hangi özel þartlarý taþýmasý gerekir?;"Döner sermaye projelerinin deðerlendirilebilmesi için öncelikle projenin Ar-Ge niteliði taþýmasý ve toplam süresinin dokuz aydan fazla olmasý zorunludur; projenin maddi desteðinin mutlaka üniversiteye aktarýlmýþ olmasý þarttýr; süresi dokuz aydan az olan veya Ar-Ge niteliði bulunmayan döner sermaye projeleri puanlamaya dahil edilmez; ayrýca döner sermaye üzerinden yapýlan bilirkiþilikler ve danýþmanlýk faaliyetleri de teþvik kapsamý dýþýnda tutulmuþtur; baþvuru sýrasýnda projenin süresini ve niteliðini kanýtlayan resmi sözleþmeler sunulmalýdýr.";[Baþvuru Rehberi] | [Yönetmelik];Madde 7(2) / Bölüm 11;döner sermaye|proje|Ar-Ge|süre;med
25;Dört kiþilik bir yazar grubu tarafýndan yayýmlanan ortak bir makale için 'k' katsayýsý nasýl uygulanmaktadýr?;"Çok isimli yayýnlarda kiþi sayýsýna göre deðiþen (k) katsayýsý uygulanýr; dört kiþilik bir yazar listesinde her bir yazar için katsayý 0,45 olarak belirlenmiþtir; bu katsayý makalenin toplam puaný ile çarpýlarak her bir araþtýrmacýnýn hak ettiði net puaný belirlemek için kullanýlýr; beþ kiþilik çalýþmalarda katsayý 1/5 oranýna düþerken; altý kiþilik çalýþmalarda 1/6 olarak hesaplanýr; yedi ve üzeri katýlýmcý olduðunda ise katsayý doðrudan 1 bölü kiþi sayýsý þeklinde formüle edilir; tek yazarlý eserlerde ise bu katsayý tam deðer olan 1'dir.";[Yönetmelik];Madde 8(4) / Tablo 1;katsayý|yazar sayýsý|puanlama|makale;easy
26;Eðitim-öðretim faaliyetleri kapsamýnda düzenlenen sergilerin akademik teþvik puanlamasýndaki geçerliliði nedir?;"Eðitim-öðretim faaliyetleri ile öðrenci kulüp faaliyetleri kapsamýnda düzenlenen tüm sergiler akademik teþvik puanlamasýnda kapsam dýþý býrakýlmýþtýr; bu tür etkinlikler araþtýrmacýnýn özgün akademik faaliyeti olarak deðerlendirilmez; teþvik alabilmek için serginin sanata katký saðlayýcý nitelikte ve akademik faaliyet alanýnda gerçekleþtirilmiþ olmasý gerekir; sergilerin deðerlendirilmesinde serginin açýldýðý tarih esas alýnýr ve 2025 yýlý içerisinde gerçekleþmiþ olmasý þarttýr; ayrýca kiþisel veya grup etkinliklerinin bölümlerce onaylanmýþ olmasý puanlama için temel gereklilikler arasýndadýr.";[Baþvuru Rehberi] | [Yönetmelik];Madde 7(6) / Bölüm 32;sergi|eðitim-öðretim|kapsam dýþý|öðrenci kulübü;med
27;Akademik teþvik ödeneðinden yararlanma þartý olarak belirlenen asgari puan sýnýrý ve ödeme süresi nedir?;"Akademik teþvik ödeneðinin ödenebilmesi için öðretim elemanýnýn topladýðý toplam akademik teþvik puanýnýn en az otuz olmasý þarttýr; otuz puanýn altýnda kalan baþvurular için herhangi bir ödeme yapýlmaz; puaný otuz ve üzerinde olanlara ise her yýlýn 15 Þubat tarihinden itibaren on iki ay boyunca ödeme yapýlýr; ödemeler her ayýn on beþinde gerçekleþtirilir ve damga vergisi hariç herhangi bir vergiye tabi tutulmaz; ödeme tutarý kadro unvanýna göre belirlenen oranlar ve en yüksek devlet memuru brüt aylýðý üzerinden hesaplanýr.";[Yönetmelik];Madde 10(2) ve 10(3);baraj puan|ödeme süresi|vergi|asgari puan;easy
28;Araþtýrma faaliyetlerinin teþvik kapsamýnda deðerlendirilebilmesi için Üniversite Yönetim Kurulu'ndan alýnmasý gereken izinle ilgili kural nedir?;"Araþtýrma faaliyetinin puanlanabilmesi için kurum dýþýnda görevlendirme yapýlmýþ olmasý ve bu görevlendirmenin mutlaka üniversite yönetim kurulu tarafýndan resmi bir karara baðlanmýþ olmasý þarttýr; yönetim kurulu izni bulunmayan veya sadece bölüm izni ile yapýlan araþtýrmalar deðerlendirmeye alýnmaz; araþtýrma için yurt içi veya yurt dýþý kurumlarca önceden onay verilmiþ olmasý da gerekmektedir; görevlendirme yazýsýnýn bir nüshasý FUATS sistemine kanýt olarak yüklenmelidir; araþtýrma faaliyetleri ay üzerinden deðerlendirilir ve asgari dört ay sürme þartý aranýr; yönetim kurulu kararý araþtýrmanýn resmiyetini kanýtlar.";[Yönetmelik] | [Baþvuru Rehberi];Madde 7(3) / Madde 15;yönetim kurulu|izin|araþtýrma|görevlendirme;med
29;Baþka bir üniversiteden naklen gelen öðretim elemanlarý akademik teþvik baþvurusu sýrasýnda hangi ek belgeyi sunmalýdýr?;"Kurum deðiþikliði yapan öðretim elemanlarýnýn önceki kurumunda ve mevcut üniversitesinde gerçekleþtirdiði faaliyetleri ayrýntýlý olarak belirten 'Kurum Deðiþikliði Beyan Formu'nu sunmalarý zorunludur; ayrýca YÖKSÝS çýktýsýnda her bir faaliyetin hangi kurum bünyesinde gerçekleþtirildiði açýkça gösterilmelidir; vakýf üniversitelerinden devlet üniversitelerine geçenler sadece devlet üniversitesinde görev yaptýklarý süreye ait faaliyetleri için baþvurabilirler; deðerlendirme süreci araþtýrmacýnýn þu an kadrosunun bulunduðu üniversite komisyonu tarafýndan yürütülür; tüm belgelerin imzalý ve eksiksiz olmasý þarttýr.";[Baþvuru Rehberi];Madde 8 / Sayfa 8;kurum deðiþikliði|beyan formu|naklen atama|yöksis;med
30;TÜBÝTAK Bilim Ödülü alan bir araþtýrmacý için uygulanacak faaliyet oraný ve puanlama türü nasýldýr?;"TÜBÝTAK Bilim Ödülü alan öðretim elemanlarý için faaliyet oraný %100 olarak belirlenmiþtir ve bu ödül en yüksek puan dilimi olan 20 puan üzerinden deðerlendirilir; hesaplama tablosunda bu tür prestijli ödüller için herhangi bir katsayý çarpaný uygulanmadan doðrudan tam puan verilir; ancak ödülün 2025 yýlý içerisinde verilmiþ olmasý þarttýr; ayný çalýþma veya eser nedeniyle birden fazla ödül alýnmýþsa sadece bir tanesi için puanlama yapýlýr; ödülün baþvuru sahibinin alaný ile ilgili olmasý ve yetkili mercilerce onaylanmýþ belgesinin sunulmasý zorunludur.";[Yönetmelik] | [Baþvuru Rehberi];Tablo 4 / Ödül Koþullarý;tübitak|bilim ödülü|puanlama|oran;hard
31;Editör kurulu üyeliklerinin akademik teþvik puanlamasýndaki güncel durumu nedir?;"Akademik teþvik yönetmeliðinde yapýlan deðiþiklikler uyarýnca editör kurulu üyelikleri teþvik kapsamýndan tamamen çýkartýlmýþtýr; araþtýrmacýlarýn dergilerdeki yayýn kurulu veya editör kurulu üyelikleri için puan talep etmeleri mümkün deðildir; dergi editörlüðü kategorisinde sadece 'baþ editör' veya tek editör olan öðretim elemanlarý teþvik kapsamýnda deðerlendirilir; çok editörlü dergilerde baþ editör dýþýndaki yardýmcý editörler veya kurul üyeleri puan alamazlar; bu kural hem ulusal hem de uluslararasý tüm hakemli dergiler için geçerlidir; baþvurularda bu hususa dikkat edilmesi ve yanlýþ beyanda bulunulmamasý gerekmektedir.";[Baþvuru Rehberi] | [Yönetmelik];Madde 17 / Bölüm 25;editör kurulu|kapsam dýþý|baþ editör|yayýn;med
32;Uluslararasý bir tebliðin puanlanabilmesi için sunulan bildirilerin Türkiye dýþý katýlýmcý oraný ne olmalýdýr?;"Bir etkinliðin uluslararasý nitelik taþýmasý için tebliðlerin yarýdan fazlasýnýn (yüzde ellisinden fazlasýnýn) Türkiye dýþýndan gelen katýlýmcýlar tarafýndan sunulmuþ olmasý zorunludur; katýlýmcýlarýn en az beþ farklý ülkeden gelmesi þartý ile birlikte bu oran kriteri de eþ zamanlý olarak saðlanmalýdýr; eðer sunulan bildirilerin yarýsýndan fazlasý Türkiye'den katýlan araþtýrmacýlara ait ise etkinlik uluslararasý kapsamda deðerlendirilmez; bu durum hem yüz yüze hem de çevrimiçi katýlým saðlanan etkinlikler için geçerlidir; etkinlik programý ve katýlýmcý listesi bu oraný doðrulamak amacýyla kanýt olarak sunulmalýdýr.";[Yönetmelik] | [Baþvuru Rehberi];Madde 7(9) / Madde 41;teblið|uluslararasý|katýlýmcý oraný|oran;hard
33;Patent faaliyetlerinde 'incelemesiz patent' türünün akademik teþvikteki geçerliliði nedir?;"Ulusal mevzuat kapsamýnda baþvurusu yapýlan ancak inceleme raporu sonucunda deðil de 'incelemesiz' olarak verilen patentler akademik teþvik kapsamý dýþýnda tutulmuþtur; yalnýzca Türk Patent ve Marka Kurumu tarafýndan inceleme raporu sonucunda verilen incelemeli patentler puanlamaya dahil edilir; uluslararasý patentlerde ise en az bir istemin patentlenebilirlik kriterlerini (yenilik, buluþ basamaðý, sanayiye uygulanabilirlik) saðladýðýnýn belgelenmesi gerekir; tescil edilmemiþ sadece baþvuru aþamasýndaki patentler de deðerlendirmeye alýnmaz; tescil belgesinin nüshasý baþvuru dosyasýnda yer almalýdýr.";[Yönetmelik] | [Baþvuru Rehberi];Madde 7(7) / Madde 34;patent|incelemesiz|ulusal patent|kapsam dýþý;med
34;Öðretim elemanlarýnýn baþvurularýný yaparken kanýtlayýcý belgeleri teslim etme yöntemi nasýl belirlenmiþtir?;"Öðretim elemanlarý akademik faaliyetlerine ait tüm kanýtlayýcý belgeleri elektronik ortamda FUATS sistemi (https://akademiktesvik.firat.edu.tr) üzerinden sunmak zorundadýr; birimlere fiziksel olarak dosya veya kanýt belgesi teslim edilmeyecektir; birimlere sadece YÖKSÝS ve FUATS sistemlerinden alýnan ýslak imzalý çýktýlar teslim edilmelidir; kanýtlarýn sisteme yüklenmesi sýrasýnda her faaliyet türü için belirlenen (kapak sayfasý, indeks belgesi, sonuç raporu vb.) belgelerin eksiksiz olduðundan emin olunmalýdýr; eksik belge sunulan faaliyetler komisyonlar tarafýndan reddedilir; dijital arþivleme süreci bu sistem üzerinden yürütülür.";[Takvim] | [Baþvuru Rehberi];02-11 Ocak 2026 / Madde 1;kanýt|belge|fuats|elektronik;easy
35;Projelerde 'r' katsayýsý hangi görev tanýmlarýna göre nasýl uygulanmaktadýr?;"Proje faaliyetlerinin puanlanmasýnda araþtýrmacýnýn projedeki rolüne göre (r) katsayýsý uygulanýr; projenin yürütücüsü olan öðretim elemaný için (r) katsayýsý tam deðer olan 1 olarak alýnýr; projede araþtýrmacý veya bursiyer olarak görev alan öðretim elemanlarý için bu katsayý 0,5 olarak uygulanmaktadýr; bu katsayý projenin türüne göre belirlenen (örneðin TÜBÝTAK 1001 için 80) temel puan ile çarpýlýr; sonuçta elde edilen rakam araþtýrmacýnýn o projedeki nihai puanýný oluþturur; bir projede birden fazla araþtýrmacý olmasý durumunda her biri için 0,5 katsayýsý ayrý ayrý dikkate alýnýr.";[Yönetmelik];Madde 8(5) / Tablo 2;r katsayýsý|proje|yürütücü|araþtýrmacý;med
36;Ayný çalýþma veya eser nedeniyle birden fazla ödül alýnmasý durumunda puanlama nasýl yapýlýr?;"Ayný çalýþma, yayýn veya sanatsal eser nedeniyle farklý kurum veya kuruluþlardan birden fazla ödül alýnmasý durumunda yalnýzca bir defa puanlama yapýlýr; araþtýrmacý bu ödüller arasýndan en yüksek puana sahip olaný tercih edebilir ancak mükerrer puanlama yapýlmasýna izin verilmez; ödülün 2025 yýlýna ait olmasý ve adayýn uzmanlýk alaný ile doðrudan ilgili olmasý þarttýr; jürili ve sürekli düzenlenen etkinliklerde alýnan dereceler de bu kurala tabidir; baþvuru sahibinin sunduðu belgeler arasýnda ödülün konusu ve tarihi açýkça belirtilmelidir; komisyonlar ödülün içeriðini ve mükerrerlik durumunu titizlikle inceler.";[Yönetmelik] | [Baþvuru Rehberi];Madde 7(10) / Madde 44;ödül|mükerrer puanlama|ayný eser|kýsýtlama;hard
37;Güzel Sanatlar (A4) temel alanýnda uluslararasý bir ses kaydý için belirlenen puanlama þartý nedir?;"Güzel Sanatlar alanýndaki öðretim elemanlarý için uluslararasý boyutta performansa dayalý yayýmlanmýþ kiþisel ses veya görüntü kayýtlarý 20 puan üzerinden deðerlendirilir; karma ses veya görüntü kayýtlarýnda ise puan deðeri 10 olarak belirlenmiþtir; karma kayýtlarda diðer faaliyetlerin aksine kiþi sayýsýna bakýlmaksýzýn tam puan verilir; bu kayýtlarýn mutlaka yayýmlanmýþ olmasý ve 2025 yýlýna ait olmasý þarttýr; müzik bölümleri için CD/DVD bandrolü kanýt olarak sunulmalýdýr; uluslararasý niteliðin belgelenmesi için yayýn organýnýn veya daðýtýmcý kuruluþun niteliðini gösteren dökümanlar sisteme yüklenmelidir.";[Yönetmelik];Tablo 4 / Madde 8(7);ses kaydý|görüntü kaydý|güzel sanatlar|karma kayýt;med
38;Yönetmelik kapsamýnda 'atýf' faaliyetinde self-citation (öz-atýf) neden kabul edilmemektedir?;"Akademik teþvik sisteminde atýf, öðretim elemanýnýn yazar olarak yer almadýðý yayýnlarda kendi eserlerine yapýlan atýflarý ifade eder; araþtýrmacýnýn kendi yayýnlarýna veya eserlerine yaptýðý atýflar (self-citation) bilimsel etki ölçümü amacýyla kýsýtlanmýþ ve kapsam dýþý býrakýlmýþtýr; sadece baþka araþtýrmacýlar tarafýndan yayýmlanmýþ çalýþmalardaki atýflar puanlanabilir; atýf yapan eserin de yönetmelikçe geçerli bir yayýn kategorisinde olmasý þarttýr; öz-atýf yapýldýðý tespit edilen baþvurularda ilgili atýf puanlarý komisyon tarafýndan iptal edilir; atýf listeleri hazýrlanýrken yazar isimlerinin kontrol edilmesi baþvuru sahibinin sorumluluðundadýr.";[Baþvuru Rehberi] | [Yönetmelik];Madde 7(8) / Madde 37;atýf|öz-atýf|kapsam dýþý|bilimsel etki;med
39;Akademik teþvik ödeneði baþvurusu reddedilen veya puaný deðiþtirilen adaylara yapýlacak bilgilendirme nasýl olmalýdýr?;"Birim veya Üst Komisyon tarafýndan hazýrlanan deðerlendirme raporlarýnda reddedilen veya puan deðerinde deðiþiklik yapýlan her bir faaliyet için mutlaka gerekçeli açýklama yapýlmasý zorunludur; komisyonlar nihai kararlarýný araþtýrmacýlara yazýlý olarak veya FUATS sistemi üzerinden elektronik ortamda duyurur; açýklamalar yönetmelik maddelerine ve rehberdeki kriterlere dayandýrýlmalýdýr; adaylar bu gerekçeleri inceleyerek itiraz sürecini baþlatma hakkýna sahiptir; gerekçesiz yapýlan puan deðiþiklikleri yönetmeliðe aykýrýlýk teþkil eder; þeffaflýk ilkesi gereði her iþlem kayýt altýna alýnýr.";[Yönetmelik];Madde 6(4) ve 6(5);gerekçe|bilgilendirme|ret|puan deðiþikliði;med
40;Akademik teþvik puaný hesaplanýrken her bir faaliyet türünün toplam puan içindeki aðýrlýðý en fazla ne kadar olabilir?;"Yönetmelik uyarýnca akademik teþvik toplam puaný hesaplanýrken her bir akademik faaliyet türünün (proje, yayýn, atýf vb.) aðýrlýðý toplam puanýn %30'unu geçemez; yani bir faaliyet alanýndan ne kadar çok puan toplanýrsa toplansýn, o alanýn toplam teþvik puanýna katkýsý 30 puan ile sýnýrlandýrýlmýþtýr; bu kural öðretim elemanlarýnýn farklý akademik alanlarda faaliyet göstermesini teþvik etmek amacýyla getirilmiþtir; toplam akademik teþvik puaný ise hiçbir þekilde 100 puaný aþamaz; hesaplamalar sýrasýnda bu sýnýrlar sistem tarafýndan otomatik olarak kontrol edilir veya komisyonlarca manuel olarak düzeltilir; örneðin sadece yayýndan 50 puan alan bir hocanýn bu alandaki puaný 30 olarak iþlenir.";[Yönetmelik];Madde 1(1) / Madde 8(3);aðýrlýk|yüzde otuz|üst sýnýr|puanlama;hard
41;Teþvik kapsamýndaki 'sergi' faaliyetlerinde tekrarlayan etkinlikler için puanlama nasýl düzenlenmiþtir?;"Ayný yýl içerisinde tekrar eden sergi, konser, festival ve gösteri gibi etkinliklerin puanlanmasýnda en fazla iki tekrar dikkate alýnýr; ilk etkinlik tam puan üzerinden deðerlendirilirken; ikinci tekrar etkinlik için mevcut faaliyet puanýnýn %50'si (yarýsý) uygulanýr; ikiden fazla tekrar eden ayný içerikli etkinlikler için herhangi bir ek puan verilmez; serginin uluslararasý veya ulusal olmasý bu kuralýn uygulanmasýný deðiþtirmez; deðerlendirmede her iki etkinliðin de 2025 yýlý içerisinde gerçekleþmiþ olmasý ve belgelendirilmesi þarttýr; bu kural sanatsal faaliyetlerin çeþitliliðini artýrmak amacýyla uygulanmaktadýr.";[Yönetmelik] | [Baþvuru Rehberi];Madde 7(6) / Madde 32;sergi|tekrarlayan etkinlik|puanlama|kýsýtlama;med
42;Dergilerde yayýmlanan 'editöre mektup' ve 'vaka takdimi' gibi kýsa makalelerin puanlanma þartý nedir?;"SCI, SCI-Expanded, SSCI ve AHCI kapsamýndaki dergilerde yayýmlanan editöre mektup, yorum, vaka takdimi, teknik not, araþtýrma notu ve kitap eleþtirileri müstakil yayýmlanmýþ olma þartýyla puanlanýr; bu tür kýsa makaleler için tam araþtýrma makalesine verilen puanýn yarýsý (30 puan üzerinden hesaplanan oranýn yarýsý) uygulanýr; alan indeksleri kapsamýndaki dergilerde de benzer bir oranlama söz konusudur; bu yayýnlarýn mutlaka derginin ilgili sayýsýnda yer almasý ve künyesinin açýkça sunulmasý gerekir; özet metinler veya henüz yayýmlanmamýþ kabul yazýlarý bu kapsamda deðerlendirilmez; katsayýlar uygulanýrken makalenin türü FUATS sisteminde doðru seçilmelidir.";[Yönetmelik];Madde 8(6) / Tablo 4;kýsa makale|vaka takdimi|puanlama|dergi;hard
43;Birim akademik teþvik baþvuru ve inceleme komisyonu üyeleri hangi kriterlere göre ve kim tarafýndan seçilir?;"Birim komisyonu üyeleri ilgili bölüm, anabilim dalý veya anasanat dalý yönetim kurulu tarafýndan seçilir; komisyonda görev alacak kiþilerin yüksek akademik teþvik puanýna sahip öðretim elemanlarý arasýndan seçilmesi esastýr; komisyon en az üç üyeden oluþur ve baþkanlýðýný ilgili bölüm veya anabilim dalý baþkaný yürütür; birimde yeterli öðretim elemaný bulunmamasý durumunda yakýn alanlardaki öðretim elemanlarýndan görevlendirme yapýlabilir; üyeler iki yýl süreyle görev yapar ve süresi bitenler tekrar seçilebilir; komisyonun tarafsýzlýðý ve akademik yetkinliði deðerlendirme sürecinin saðlýðý için kritik öneme sahiptir.";[Yönetmelik];Madde 5(1);komisyon üyeleri|seçim|birim komisyonu|yönetim kurulu;med
44;Akademik teþvik baþvurusu sýrasýnda sunulmasý gereken 'YÖKSÝS Çýktýsý' ile ilgili temel kural nedir?;"Baþvuru yapacak öðretim elemanlarý öncelikle tüm akademik faaliyetlerini YÖKSÝS veri tabanýna girmeli ve buradan aldýklarý sistem çýktýsýný baþvurularýna eklemelidir; YÖKSÝS çýktýsýnda yer almayan hiçbir faaliyet akademik teþvik puanlamasýna dahil edilemez; çýktýnýn her bir sayfasýnýn araþtýrmacý tarafýndan ýslak imzalý olarak sunulmasý zorunludur; ayrýca kurum deðiþikliði yapan personelin YÖKSÝS çýktýsýnda her bir faaliyetin hangi kurumda gerçekleþtirildiði açýkça görülmelidir; FUATS sistemi ile YÖKSÝS verilerinin uyumlu olmasý deðerlendirme komisyonlarýnýn ilk kontrol ettiði husustur; imzalý çýktýlarýn birimlere teslimi baþvuru sürecinin son adýmýdýr.";[Baþvuru Rehberi] | [Yönetmelik];Madde 8 / Madde 6(1);yöksis|imza|çýktý|baþvuru;easy
45;Vakýf üniversitelerinden devlet üniversitelerine geçen öðretim elemanlarýnýn teþvik baþvurusu kýsýtlamasý nedir?;"Vakýf yükseköðretim kurumlarýndan veya diðer kurumlardan devlet üniversitelerine geçen öðretim elemanlarý için sadece devlet üniversitelerinde görev yaptýklarý süre içerisinde gerçekleþtirdikleri faaliyetler esas alýnýr; vakýf üniversitesi kadrosundayken üretilen yayýnlar, projeler veya alýnan ödüller akademik teþvik puanlamasýna dahil edilemez; araþtýrmacýnýn devlet memuru statüsünde ve devlet yükseköðretim kurumu bünyesinde geçirdiði süreler teþvik için geçerli kabul edilir; bu durum atýf puanlamasý için de geçerlidir; sadece devlet kurumlarýndayken üretilen eserlere yapýlan atýflar puanlanýr; baþvuru sýrasýnda hizmet dökümü ve kurum deðiþikliði belgeleri bu durumu kanýtlamak için sunulmalýdýr.";[Yönetmelik] | [Baþvuru Rehberi];Madde 6(7) / Madde 7;vakýf üniversitesi|geçiþ|kýsýtlama|devlet üniversitesi;hard
46;Akademik teþvik ödemelerinin kesilmesine veya geri alýnmasýna neden olan durumlar nelerdir?;"Öðretim elemanlarýna akademik teþvik ödemesi aylýk ödendiði sürece yapýlýr; aylýðý kesilenlerin teþvik ödemesi de kesilir; ayrýca ödeme yapýldýktan sonra sunulan faaliyetlerin gerçeðe aykýrý olduðu veya yönetmelik kapsamýna girmediði tespit edilirse yapýlan tüm ödemeler kanuni faiziyle birlikte geri alýnýr; yanlýþ veya yanýltýcý bildirimde bulunanlar hakkýnda idari ve cezai inceleme baþlatýlýr; komisyonlarýn bu konudaki tespitleri rektörlüðe bildirilir ve genel hükümler çerçevesinde iþlem yapýlýr; araþtýrmacýlarýn beyan ettikleri bilgilerin doðruluðundan þahsen sorumlu olduklarý yönetmelikte açýkça belirtilmiþtir.";[Yönetmelik];Madde 10(2) ve 10(5);ödeme kesilmesi|geri alma|yanlýþ beyan|faiz;med
47;Teblið faaliyetlerinde 'tam metin' zorunluluðu ve özet metinlerin durumu nedir?;"Akademik teþvik puanlamasýnda tebliðlerin deðerlendirilebilmesi için mutlaka tam metin olarak yayýmlanmýþ olmasý ve etkinlik kitapçýðýnda (basýlý veya elektronik) yer almasý þarttýr; sadece özet metin (abstract) olarak yayýmlanan bildiriler kesinlikle kapsam dýþý býrakýlmýþtýr; araþtýrmacýlarýn FUATS sistemine bildiri tam metnini ve kitabýn künyesini yüklemeleri zorunludur; tam metni yayýmlanmayan ancak sözlü sunulan bildiriler teþvik için yeterli deðildir; bu kural bilimsel derinliðin ve paylaþýmýn tam olarak gerçekleþtiðini teyit etmek amacýyla uygulanýr; çevrimiçi sunumlarda da tam metin þartý ayný þekilde aranmaktadýr.";[Baþvuru Rehberi] | [Yönetmelik];Madde 41 / Madde 7(9);teblið|tam metin|özet metin|kapsam dýþý;easy
48;Uluslararasý patentler için puanlama kriteri olarak belirlenen 'patentlenebilirlik kriterleri' nelerdir?;"Uluslararasý patentlerin (PCT veya Avrupa Patenti) teþvik kapsamýnda deðerlendirilebilmesi için; uluslararasý araþtýrma raporunun yazýlý görüþ kýsmýnda veya ön inceleme raporunda en az bir istemin yenilik, buluþ basamaðý ve sanayiye uygulanabilirlik kriterlerini saðladýðýnýn belirtilmesi þarttýr; bu kriterlerden herhangi birini saðlamayan patent baþvurularý uluslararasý patent kategorisinde puanlanamaz; tescil belgesi veya bu kriterleri saðladýðýný gösteren resmi rapor FUATS'a yüklenmelidir; tescil tarihi 2025 yýlý olmalýdýr; uluslararasý patentler 30 tam puan üzerinden k x 100 oranýyla hesaplanýr; bu faaliyet türü araþtýrmanýn teknolojiye dönüþümünü ödüllendirmeyi amaçlar.";[Yönetmelik] | [Baþvuru Rehberi];Madde 3(ö) / Madde 33;patent|patentlenebilirlik|yenilik|buluþ basamaðý;hard
49;Üst Komisyon (Akademik Teþvik Düzenleme, Denetleme ve Ýtiraz Komisyonu) kaç üyeden oluþur ve görev süresi nedir?;"Üst komisyon baþkan dahil en az beþ üyeden oluþur; komisyon baþkaný rektör tarafýndan görevlendirilen bir rektör yardýmcýsýdýr; diðer üyeler her bir doçentlik temel alanýndan en az bir kiþi olmak üzere senato tarafýndan iki yýl süreyle seçilir; süresi biten üyeler yeniden seçilebilir; komisyon toplantýlarýný üye tamsayýsýnýn salt çoðunluðu ile gerçekleþtirir; kararlar katýlanlarýn salt çoðunluðu ile alýnýr; oylarýn eþitliði halinde baþkanýn oyu yönünde karar verilir; komisyon üyeleri çekimser oy kullanamazlar; komisyon tüm üniversitedeki teþvik sürecinin yürütülmesinden ve nihai kararlarýn verilmesinden sorumludur.";[Yönetmelik];Madde 4(1) ve 4(2);üst komisyon|üye sayýsý|görev süresi|karar yeter sayýsý;med
50;Projelerin akademik teþvik kapsamýnda deðerlendirilebilmesi için 'sonuçlanma' durumu ile ilgili þart nedir?;"Proje faaliyetlerinin puanlanabilmesi için projenin mutlaka baþarý ile sonuçlandýrýlmýþ ve sonuç raporunun ilgili destekleyici kurum (TÜBÝTAK, AB vb.) tarafýndan onaylanmýþ olmasý zorunludur; devam eden projeler için ara raporlar üzerinden puanlama yapýlamaz; deðerlendirmede projenin sonuçlandýðý tarih esas alýnýr ve bu tarihin 2025 yýlý içerisinde olmasý gerekir; baþvuru sýrasýnda FUATS sistemine projenin kapatýldýðýný veya sonuçlandýðýný gösteren onaylý resmi belge yüklenmelidir; sonuçlanmayan veya baþarýsýz bulunan projeler hiçbir þekilde teþvik puanlamasýna dahil edilmez; projenin sonuç raporunun kabul edilmiþ olmasý bilimsel baþarýnýn kanýtý sayýlýr.";[Yönetmelik] | [Baþvuru Rehberi];Madde 7(2) / Madde 10;proje|sonuç raporu|onay|sonuçlanma;easy
51;Dergilerin 'Alan Ýndeksleri' kapsamýnda deðerlendirilebilmesi için hangi alanlar dýþýndakiler kabul edilmez?;"Alan indeksi puanlamasý sadece Eðitim Bilimleri, Mimarlýk, Planlama ve Tasarým, Sosyal, Beþeri ve Ýdari Bilimler ile Spor Bilimleri temel alanlarý için geçerlidir; bu temel alanlar dýþýndaki (örneðin Fen Bilimleri, Mühendislik veya Saðlýk Bilimleri gibi) branþlarda alan indeksi üzerinden puanlama yapýlmayacaktýr; bu alanlardaki araþtýrmacýlarýn makalelerini SCI, SSCI veya diðer uluslararasý hakemli dergi kategorilerinde beyan etmeleri gerekir; alan indeksli dergiler için ÜAK sayfasýndan alýnmýþ güncel indeks belgesi FUATS'a eklenmelidir; bu kural branþlar arasýndaki indeksleme farklýlýklarýný dengelemek amacýyla yönetmelikte yer almaktadýr.";[Baþvuru Rehberi];Madde 26 / Bölüm 3;alan indeksi|temel alanlar|kýsýtlama|üak;hard
52;Akademik teþvik itiraz dilekçelerinin teslim yöntemi ve süresi hakkýnda belirlenen kural nedir?;"Komisyon tarafýndan ilan edilen nihai kararlara karþý yapýlacak itirazlar için beþ iþ günü süre tanýnmýþtýr; Takvim uyarýnca itirazlar 26-30 Ocak 2026 tarihleri arasýnda kabul edilir; itiraz dilekçelerinin mutlaka yazýlý olmasý ve Rektör Yardýmcýlýðý Makamýna doðrudan elden teslim edilmesi zorunludur; posta veya e-posta yoluyla yapýlan itiraz baþvurularý kabul edilmez; itiraz sürecinde araþtýrmacýlar puaný deðiþtirilen veya reddedilen faaliyetleri için ek kanýt veya açýklama sunabilirler; komisyon itirazlarý beþ iþ günü içinde deðerlendirerek kesin kararýný açýklar; elden teslim kuralý evrak güvenliði ve kayýt altýna alma açýsýndan kritiktir.";[Takvim] | [Baþvuru Rehberi];26-30 Ocak 2026 / Madde 6;itiraz|dilekçe|elden teslim|itiraz süresi;med
53;Ödül kategorisinde 'mansiyon' ödüllerinin akademik teþvik puanlamasýndaki yeri nedir?;"Yönetmelik ve baþvuru rehberi hükümlerine göre yarýþmalarda veya etkinliklerde verilen mansiyon ödülleri akademik teþvik puanlamasý kapsamýnda deðerlendirilmez; puanlama için ödülün mutlaka derece ödülü (birinci, ikinci, üçüncü gibi) veya kurumun en yüksek bilimsel ödülü niteliðinde olmasý gerekir; bu kural hem ulusal hem de uluslararasý tüm ödül türleri için geçerlidir; mansiyon ödülleri özendirme amaçlý görülmekte ancak akademik teþvikin 'derece' kriterini karþýlamamaktadýr; ödül belgesinde derecenin açýkça belirtilmesi ve jüri yapýsýnýn akademik aðýrlýklý olduðunun kanýtlanmasý þarttýr; aksi takdirde faaliyet reddedilir.";[Baþvuru Rehberi] | [Yönetmelik];Madde 45 / Madde 110;mansiyon|ödül|kapsam dýþý|derece;med
54;Kitaplarda yapýlan atýflarýn kanýtlanmasý için FUATS sistemine hangi sayfalarýn yüklenmesi zorunludur?;"Kitaplarda yapýlan atýflarýn puanlanabilmesi için; kitabýn kapak sayfasý, basým bilgilerinin yer aldýðý künye sayfasý, kaynakça sayfalarý ve atýfýn geçtiði metin içi sayfalarýn tek bir dosya halinde sunulmasý zorunludur; basým sayfasý kitabýn yayýnevi, basým yýlý ve ISBN bilgilerini içermelidir; atýf yapýlan eserin kaynakçada doðru þekilde listelendiði net olarak görülmelidir; eksik sayfa sunulan atýf baþvurularý birim komisyonlarý tarafýndan reddedilebilir; ayrýca kitabýn 'tanýnmýþ ulusal' veya 'tanýnmýþ uluslararasý' yayýnevi kriterlerini karþýlamasý da puan miktarýný etkileyen temel bir unsurdur.";[Baþvuru Rehberi];Madde 38 / Atýf Belgeleri;atýf|kitap|kanýt|fuats;med
55;Uluslararasý bir etkinliðin 'uluslararasý' niteliðini resmi olarak belgelemek için hangi makamýn kararý gereklidir?;"Bir tebliðin sunulduðu konferans veya kongrenin uluslararasý nitelikte sayýlabilmesi için, Türkiye dýþýndan en az beþ farklý ülke katýlýmý þartýnýn yaný sýra mutlaka Üniversite Yönetim Kurulu Kararýnýn bulunmasý zorunludur; bu karar ödemeye esas teþkil eden resmi bir onay niteliðindedir; araþtýrmacýlarýn baþvuru sýrasýnda bu kararýn bir örneðini veya ilgili duyuruyu sisteme yüklemeleri istenir; yönetim kurulu kararý bulunmayan etkinlikler, katýlýmcý sayýsý kriterini saðlasa dahi uluslararasý kategoride deðerlendirilemez; üniversiteler her yýl bu tür etkinliklerin listesini veya kriterlerini yönetim kurulu aracýlýðýyla ilan eder.";[Yönetmelik] | [Baþvuru Rehberi];Madde 7(9) / Madde 40;uluslararasý etkinlik|yönetim kurulu kararý|teblið|onay;hard
56;Araþtýrma faaliyetlerinde 'ay' üzerinden yapýlan deðerlendirmede iki aydan az süren çalýþmalarýn durumu nedir?;"Yönetmelik hükümlerine göre iki aydan az süren araþtýrmalar kesinlikle deðerlendirmeye alýnmaz; teþvik ödeneði kapsamýnda bir araþtýrmanýn puanlanabilmesi için asgari sürenin dört ay olmasý þarttýr (Baþvuru rehberinde asgari süre 4 ay olarak belirtilirken yönetmelik 2 aydan az olanlarý reddetmektedir; ancak Fýrat Üniversitesi rehberinde 4 ay kriteri vurgulanmýþtýr); araþtýrmalar ay üzerinden hesaplanýr ve sürenin resmi görevlendirme belgelerinde açýkça belirtilmesi gerekir; eylem planý, fizibilite raporu ve envanter çalýþmalarý da süreye bakýlmaksýzýn araþtýrma kapsamýnda deðerlendirilmez; araþtýrmacýlarýn tam zamanlý olarak kurum dýþýnda görevlendirilmiþ olmalarý temel kuraldýr.";[Yönetmelik] | [Baþvuru Rehberi];Madde 7(3) / Madde 16;araþtýrma|süre|iki ay|dört ay;med
57;Akademik teþvik puaný hesaplama formülünde yer alan 'en yüksek devlet memuru brüt aylýðý' nedir?;"Hesaplama formülünde temel alýnan bu tutar; 9.500 gösterge rakamýnýn (1.500 aylýk + 8.000 ek gösterge) güncel memur aylýk katsayýsý ile çarpýlmasý sonucu elde edilen brüt tutardýr; akademik teþvik ödeneði bu brüt tutarýn kadro unvanýna göre belirlenen oraný (%70 ile %100 arasý) ve adayýn topladýðý teþvik puanýnýn yüze bölünmesiyle elde edilen çarpanýn uygulanmasýyla bulunur; bu rakam her yýl memur maaþ katsayýlarýna göre güncellenir; ödemeler bu formüle dayalý olarak tahakkuk ettirilir ve araþtýrmacýnýn hesabýna yatýrýlýr; formülün standart olmasý devlet üniversiteleri arasýndaki uygulama birliðini saðlar.";[Yönetmelik];Madde 3(ç) / Madde 8(1);maaþ katsayýsý|brüt aylýk|formül|hesaplama;hard
58;Dergilerde yayýmlanan makaleler için 'yýl' bilgisi teþvik baþvurusunda neden kritiktir?;"Akademik teþvik baþvurularýnda sadece bir önceki takvim yýlý içerisinde (2025 yýlýnda) yayýmlanmýþ faaliyetler deðerlendirmeye alýnýr; makaleler için derginin basýlmýþ olmasý veya elektronik ortamda cilt, sayý ve sayfa numaralarýyla (veya makale numarasýyla) tam olarak yayýmlanmýþ olmasý þarttýr; kabul yazýsý alýnmýþ olsa dahi henüz yayýmlanmamýþ veya 'early view' aþamasýnda olup yýlý belli olmayan çalýþmalar puanlanmaz; atýf puanlamasýnda da hem atýf yapan hem de atýf yapýlan eserin yayýmlanma yýllarýnýn yönetmelik þartlarýna uygunluðu denetlenir; yýl kriteri her bir teþvik döneminin sýnýrlarýný belirleyen en temel kuraldýr.";[Yönetmelik] | [Baþvuru Rehberi];Madde 3(j) / Madde 19;yayýmlanma yýlý|takvim yýlý|makale|kriter;easy
59;Tasarým faaliyetlerinde 'ticarileþme' veya 'uygulanma' þartý nasýl belgelendirilmelidir?;"Bir tasarýmýn teþvik alabilmesi için kamu kurumlarý veya özel hukuk tüzel kiþileriyle yapýlan bir sözleþme uyarýnca uygulanmýþ veya ticarileþtirilmiþ olmasý zorunludur; bu durumu kanýtlamak için FUATS sistemine tasarým dosyasýnýn yaný sýra uygulama sözleþmesi, fatura veya ticarileþme belgesi yüklenmelidir; sadece çizim aþamasýnda kalan veya henüz hayata geçirilmemiþ tasarýmlar puanlamaya dahil edilmez; tescil edilmiþ tasarýmlar için ise tescil belgesi yeterli kabul edilir; tasarýmlarýn araþtýrmacýnýn kendi uzmanlýk alaný ile ilgili olmasý ve sanata veya teknolojiye katký saðlamasý beklenir; belgelerin 2025 yýlýna ait olmasý þarttýr.";[Baþvuru Rehberi] | [Yönetmelik];Madde 30 / Madde 7(5);tasarým|ticarileþme|sözleþme|kanýt;med
60;Akademik teþvik ödeneði hangi vergilerden muaftýr ve hangi hesaplamalarda dikkate alýnmaz?;"Akademik teþvik ödeneði damga vergisi hariç herhangi bir vergiye (gelir vergisi vb.) tabi tutulmaz; ayrýca bu ödenek diðer mevzuatlar uyarýnca ödenmekte olan zam, tazminat, döner sermaye ek ödemesi, ikramiye veya ücret gibi ödemelerin hesabýnda hiçbir þekilde dikkate alýnmaz; yani emekli keseneðine veya ek ders ücreti tavanýna etki etmez; net bir ödeme kalemi olarak araþtýrmacýya yansýtýlýr; damga vergisi kesintisi yapýldýktan sonra kalan tutar aylýk olarak ödenir; bu muafiyet ve kýsýtlamalar 2914 sayýlý Yükseköðretim Personel Kanunu'nun ilgili maddeleriyle güvence altýna alýnmýþtýr.";[Yönetmelik];Madde 10(2c);vergi muafiyeti|damga vergisi|ek ödeme|hesaplama;med
61;Öðretim elemanlarýnýn akademik teþvik baþvurularýný yaparken kullandýklarý FUATS sistemine kanýt belgelerini yükleme zorunluluðu hangi tarihler arasýndadýr?;"Fýrat Üniversitesi Akademik Teþvik Takvimi uyarýnca öðretim elemanlarý baþvurularýný ve kanýt belgelerini 02-11 Ocak 2026 tarihleri arasýnda FUATS sistemi üzerinden tamamlamalýdýr; bu süreçte YÖKSÝS verileri sisteme çekilmeli ve kanýtlayýcý tüm dökümanlar elektronik ortamda sisteme yüklenmelidir; süresi içinde yüklenmeyen belgeler deðerlendirmeye alýnmaz; ayrýca imzalý sistem çýktýlarý da ayný tarihlerde ilgili birim komisyonlarýna elden teslim edilmelidir.";[Takvim] | [Baþvuru Rehberi];02-11 Ocak 2026;baþvuru|tarih|fuats|kanýt;easy
62;Güzel sanatlar alanýndaki eserlerin uluslararasý veya ulusal kaynaklarda yer almasý durumunda uygulanan atýf puanlamasý nasýl gerçekleþtirilir?;"Güzel sanatlardaki eserlerin uluslararasý kaynak veya yayýn organlarýnda yer almasý veya gösterime girmesi durumunda her bir faaliyet için 8 puan; ulusal kaynaklarda yer almasý durumunda ise 4 puan verilir; bu özel puanlama sadece Güzel Sanatlar (A4) temel alanýndaki öðretim elemanlarý için geçerlidir; faaliyetlerin belgelendirilmesi ve 2025 yýlý içerisinde gerçekleþmiþ olmasý þarttýr; diðer akademik alanlardaki atýf puanlama sisteminden farklý olarak eserin niteliði ve yayýn organýnýn kapsamý esas alýnýr.";[Yönetmelik];Tablo 4 (7. Atýf);atýf|güzel sanatlar|puanlama|sergi;med
63;Uluslararasý bir projenin akademik teþvik kapsamýnda deðerlendirilebilmesi için gereken asgari destek süresi ve nitelik þartý nedir?;"Uluslararasý özel veya resmi kurumlarca desteklenen projelerin puanlanabilmesi için projenin mutlaka Ar-Ge niteliði taþýmasý ve destek süresinin dokuz aydan fazla olmasý zorunludur; süresi dokuz aydan az olan projeler kapsam dýþý býrakýlmýþtýr; projenin 2025 yýlýnda baþarýyla sonuçlanmýþ ve sonuç raporunun onaylanmýþ olmasý gerekir; ayrýca projenin bilim, teknoloji veya sanata katký saðlayýcý özellikte olmasý þarttýr; baþvuru sýrasýnda destekleyen kuruluþtan alýnan onaylý sonuç belgesi FUATS sistemine yüklenmelidir.";[Baþvuru Rehberi] | [Yönetmelik];Madde 7(2) / Sayfa 6;proje|uluslararasý|Ar-Ge|süre;med
64;Yedi veya daha fazla araþtýrmacýnýn yer aldýðý çok isimli bir yayýn için 'k' katsayýsý nasýl hesaplanmaktadýr?;"Akademik teþvik yönetmeliði uyarýnca yazar sayýsý yedi veya daha fazla olan makale, kitap veya patent gibi faaliyetlerde (k) katsayýsý doðrudan ""1 bölü kiþi sayýsý"" formülü ile hesaplanýr; örneðin on yazarlý bir makalede her bir yazarýn puaný toplam puanýn onda biri (0,10) olarak belirlenir; bu katsayý faaliyetin toplam puaný ile çarpýlarak bireysel puan elde edilir; kiþi sayýsý arttýkça bireysel puan katkýsý orantýlý olarak azalmaktadýr; sistemdeki otomatik hesaplamalar bu formül üzerinden yürütülür.";[Yönetmelik];Madde 8(4) / Tablo 1;katsayý|yazar sayýsý|puanlama|formül;hard
65;Araþtýrma faaliyetleri için Üniversite Yönetim Kurulu izin yazýsýnýn baþvuru dosyasýna eklenmesi neden zorunlu bir kriterdir?;"Yönetmeliðin 7. maddesi uyarýnca araþtýrma faaliyetlerinin deðerlendirilebilmesi için araþtýrmacýnýn kurum dýþýnda görevlendirilmiþ olmasý ve bu görevlendirmenin üniversite yönetim kurulu izni ile yapýlmýþ olmasý þarttýr; izin yazýsý bulunmayan baþvurular araþtýrmanýn resmiyetini kanýtlayamadýðý için reddedilir; araþtýrma süresinin ay üzerinden hesaplanabilmesi ve asgari dört ay sýnýrýnýn kontrol edilmesi için bu belge temel kanýttýr; araþtýrmacýlarýn izin belgesini FUATS sistemine asýl veya onaylý suret olarak yüklemeleri zorunluluk arz etmektedir.";[Yönetmelik] | [Baþvuru Rehberi];Madde 7(3) / Madde 15;araþtýrma|yönetim kurulu|izin|görevlendirme;med
66;SCI-Expanded kapsamýndaki bir dergide yayýmlanan 'vaka takdimi' türündeki bir yayýnýn puan hesaplamasý nasýl yapýlýr?;"SCI-Expanded kapsamýndaki dergilerde müstakil olarak yayýmlanmýþ vaka takdimi, editöre mektup veya teknik not gibi kýsa makaleler; ilgili derginin Q (çeyreklik) deðerine göre belirlenen puanýn yarýsý üzerinden deðerlendirilir; hesaplama k x p x 30 (A1 ve A3 alanlarý için) veya k x p x 40 (A2 ve A4 alanlarý için) formülüyle yapýlýr; burada 'p' katsayýsý derginin Q1-Q4 grubuna göre 1 ile 0,25 arasýnda deðiþir; yayýnýn mutlaka 2025 yýlý içerisinde basýlmýþ veya elektronik olarak tam yayýmlanmýþ olmasý þarttýr.";[Yönetmelik];Tablo 4 (3. Yayýn);vaka takdimi|puanlama|sci-expanded|makale;hard
67;Akademik Teþvik Düzenleme, Denetleme ve Ýtiraz Komisyonu'nun nihai kararlarýný ilan etme tarihi ve yöntemi nedir?;"Üst komisyon tüm baþvurularý ve birim raporlarýný inceledikten sonra teþvik almaya hak kazanan öðretim elemanlarýnýn listesini 25 Ocak 2026 tarihinde FUATS sistemi üzerinden ilan eder; bu ilan ile araþtýrmacýlar puanlarýný ve varsa reddedilen faaliyetlerinin gerekçelerini görebilirler; ilan tarihi ayný zamanda itiraz sürecinin baþlangýcý için esas teþkil eder; nihai kararlar elektronik ortamda duyurulduðu için öðretim elemanlarýnýn sistemi düzenli kontrol etmeleri gerekmektedir; komisyon bu aþamada tüm üniversite düzeyindeki deðerlendirmeyi tamamlamýþ olur.";[Takvim];25 Ocak 2026;ilan|komisyon|nihai karar|tarih;easy
68;Birim akademik teþvik komisyonlarý tarafýndan hazýrlanan deðerlendirme raporlarýnda puan deðiþikliði yapýldýðýnda hangi kurala uyulmalýdýr?;"Birim komisyonlarý yaptýklarý inceleme sonucunda bir faaliyetin puanýný deðiþtirir veya faaliyeti tamamen reddederse; bu durumun gerekçesini hazýrladýklarý deðerlendirme raporunda açýkça belirtmek zorundadýrlar; gerekçesiz yapýlan puan düþürme veya ret iþlemleri yönetmeliðe aykýrýdýr; raporlar ilgili dekanlýk veya müdürlük tarafýndan onaylanarak üst komisyona iletilir; araþtýrmacýlarýn itiraz haklarýný kullanabilmeleri için bu gerekçeli açýklamalarýn þeffaf ve anlaþýlýr olmasý esastýr; her faaliyet için ayrý açýklama yapýlmasý beklenir.";[Yönetmelik];Madde 6(4);komisyon|deðerlendirme|gerekçe|puan deðiþikliði;med
69;Uluslararasý yayýnevleri tarafýndan yayýmlanan kitaplarda 'bölüm yazarlýðý' faaliyetinde uygulanan sayýsal kýsýtlama nedir?;"Akademik teþvik yönetmeliði ve baþvuru rehberine göre; ayný kitap içerisinde yer alan bölüm yazarlýklarý deðerlendirilirken en fazla iki bölüm puanlamaya dahil edilir; ikiden fazla bölüm yazýlmýþ olsa dahi sadece iki bölümün puaný hesaplanýr; bu kural hem ulusal hem de uluslararasý yayýnevlerinden çýkan kitaplar için geçerlidir; kitap bölümlerinin özgün bilimsel nitelik taþýmasý ve yayýnevinin tanýnmýþlýk kriterlerini karþýlamasý þarttýr; baþvuru sahibi FUATS sistemine kitabýn içindekiler sayfasýný yükleyerek bölümlerini belgelemelidir.";[Yönetmelik] | [Baþvuru Rehberi];Tablo 4 (Notlar) / Sayfa 13;kitap bölümü|kýsýtlama|yazar|puanlama;med
70;Akademik teþvik ödeneðinden yararlanamayacak olan öðretim elemaný grubu hangisidir ve bu durumun istisnasý var mýdýr?;"Yabancý uyruklu öðretim elemanlarý akademik teþvik ödeneðinden hiçbir þekilde yararlanamazlar; yönetmeliðin 6. maddesinin 9. fýkrasý bu durumu açýkça belirtmiþtir ve herhangi bir istisna tanýnmamýþtýr; sadece devlet yükseköðretim kurumlarýnýn kadrolarýnda bulunan Türk vatandaþý öðretim elemanlarý baþvurabilir; ayrýca vakýf üniversitelerinde görevlendirilen devlet memuru öðretim elemanlarý da bu süre zarfýnda teþvik alamazlar; baþvuru sahiplerinin kadro durumlarý ve uyrukluk bilgileri ilgili birimler tarafýndan kontrol edilerek baþvuru uygunluðu denetlenir.";[Yönetmelik];Madde 6(9);yabancý uyruklu|yararlanma|kýsýtlama|kadro;easy
71;Teblið faaliyetlerinde 'beþ farklý ülke' kriterinin saðlanamadýðý durumlarda komisyonun uygulayacaðý iþlem nedir?;"Bir tebliðin sunulduðu etkinliðin uluslararasý sayýlabilmesi için Türkiye dýþýnda en az beþ farklý ülkeden konuþmacý katýlýmý zorunludur; eðer bu kriter saðlanamazsa (örneðin sadece dört ülkeden katýlým varsa) teblið uluslararasý kategoride deðerlendirilmez ve puan verilmez; sadece yabancý katýlýmcý sayýsýnýn fazla olmasý yeterli deðildir, ülkelerin çeþitliliði esastýr; baþvuru sahibi ülkeleri kanýtlayan katýlýmcý listesini sunmakla yükümlüdür; bu þartýn saðlanmadýðý tespit edilen teblið baþvurularý birim komisyonlarýnca doðrudan reddedilir.";[Yönetmelik] | [Baþvuru Rehberi];Madde 7(9) / Madde 42;teblið|ülke sayýsý|uluslararasý|ret;hard
72;Dergilerin 'Diðer uluslararasý hakemli dergi' sayýlabilmesi için yayýn hayatý süresiyle ilgili asgari þart nedir?;"Bir derginin bu kategoride puanlanabilmesi için en az beþ yýldýr yýlda en az bir sayý ile düzenli olarak yayýmlanýyor olmasý þarttýr; yayýn hayatý beþ yýldan kýsa olan dergilerde çýkan makaleler akademik teþvik kapsamýnda deðerlendirilmez; baþvuru sýrasýnda derginin son beþ yýllýk arþivine eriþilebilen internet adresi veya bu durumu kanýtlayan dökümanlar FUATS sistemine eklenmelidir; derginin editör kurulunun uluslararasý olmasý da ek bir gerekliliktir; bu kural derginin akademik sürdürülebilirliðini ve güvenilirliðini teyit etmek amacýyla uygulanmaktadýr.";[Yönetmelik] | [Baþvuru Rehberi];Madde 7(4) / Madde 21;dergi|yayýn süresi|uluslararasý|kriter;med
73;Baþvuru sýrasýnda sunulan YÖKSÝS ve FUATS sistem çýktýlarýnýn her sayfasýnýn imzalanmasý kuralý neyi amaçlar?;"Her sayfanýn imzalanmasý; sunulan verilerin doðruluðunun ve sisteme girilen faaliyetlerin araþtýrmacý tarafýndan onaylandýðýnýn resmi beyanýdýr; imzalanmamýþ çýktýlarla yapýlan baþvurular geçersiz sayýlýr ve iþleme alýnmaz; araþtýrmacý imzaladýðý bu dökümanlarla beyan ettiði tüm bilgilerin sorumluluðunu üstlenmiþ olur; birim komisyonlarý inceleme yaparken imzalý nüshalar üzerinden iþlem yürütür; olasý bir yanlýþ beyan durumunda bu imzalý belgeler hukuki dayanak oluþturur; imzalarýn mavi tükenmez kalemle ve ýslak imza þeklinde olmasý genel bir uygulamadýr.";[Baþvuru Rehberi];Madde 8 / Sayfa 3;imza|yöksis|fuats|sorumluluk;easy
74;Akademik teþvik puaný hesaplanýrken her bir faaliyet türü (proje, yayýn vb.) için uygulanan üst sýnýr puaný kaçtýr?;"Yönetmelik uyarýnca her bir akademik faaliyet türünden (örneðin sadece atýf veya sadece yayýn) elde edilecek toplam puan akademik teþvik puanýnýn %30'unu geçemez; bu da her bir kategori için en fazla 30 puanýn hesaplamaya dahil edilebileceði anlamýna gelir; araþtýrmacý bir kategoriden 50 puan toplasa dahi bu puan 30 olarak sabitlenir; toplam teþvik puaný ise tüm kategorilerin toplamýyla oluþur ve en fazla 100 puan olabilir; bu sýnýrlama araþtýrmacýlarýn tek bir alana yoðunlaþmak yerine akademik faaliyetlerini çeþitlendirmelerini teþvik etmek için getirilmiþtir.";[Yönetmelik];Madde 1(1) / Madde 8(3);puan sýnýrý|üst sýnýr|yüzde otuz|hesaplama;med
75;TÜBÝTAK 1005 (Ulusal Yeni Fikirler ve Ürünler Araþtýrma Destek Programý) projesinde araþtýrmacý olan birinin puaný nasýl hesaplanýr?;"TÜBÝTAK 1005 projeleri için temel puan 70 olarak belirlenmiþtir; araþtýrmacý veya bursiyer rolünde olan öðretim elemaný için (r) katsayýsý 0,5 olarak uygulanýr; bu durumda hesaplama 70 x 0,5 = 35 puan þeklinde olur; ancak bu puanýn teþvik puanýna katkýsý her halükarda proje kategorisi üst sýnýrý olan 30 puaný geçemez; projenin 2025 yýlýnda baþarýyla kapatýlmýþ olmasý ve onaylý sonuç raporunun FUATS'a yüklenmiþ olmasý þarttýr; yürütücü olmayan katýlýmcýlar projedeki rollerini resmi belgelerle kanýtlamalýdýr.";[Yönetmelik];Tablo 4 / Madde 8(5);tübitak 1005|proje|r katsayýsý|puanlama;hard
76;Baþka bir devlet üniversitesinden naklen gelen öðretim elemaný 2025 yýlý faaliyetleri için baþvuruyu nereye yapmalýdýr?;"Naklen gelen öðretim elemaný akademik teþvik baþvurusunu kadrosunun bulunduðu güncel yükseköðretim kurumuna (Fýrat Üniversitesi) yapmalýdýr; önceki kurumunda gerçekleþtirdiði faaliyetler de mevcut kurumundaki ilgili birim komisyonu tarafýndan deðerlendirilir; araþtýrmacýnýn kadrosunun bulunduðu birimdeki uzmanlýk alanýna uygun komisyona baþvurmasý þarttýr; baþvuru dosyasýnda 'Kurum Deðiþikliði Beyan Formu' bulunmalý ve YÖKSÝS çýktýsýnda faaliyetlerin hangi kurumda yapýldýðý net þekilde görülmelidir; deðerlendirme yetkisi tamamen güncel görev yapýlan kuruma aittir.";[Yönetmelik] | [Baþvuru Rehberi];Madde 6(2) / Madde 8;naklen atama|baþvuru yeri|kurum deðiþikliði|birim;med
77;Atýf faaliyetlerinde 'ayný esere yapýlan çoklu atýf' kuralý kapsamýnda puanlama nasýl sýnýrlandýrýlmýþtýr?;"Ayný yayýn veya esere bir kitabýn ya da makalenin farklý bölümlerinde, sayfalarýnda veya kýsýmlarýnda birden fazla kez atýf yapýlmasý durumunda; bu atýflarýn tamamý sadece tek bir atýf olarak kabul edilir ve buna göre puan verilir; ancak atýf yapýlan kitapta her bölümün yazarý farklý ise, bu farklý bölümlerde yapýlan atýflar ayrý ayrý puanlandýrýlýr; araþtýrmacýlarýn atýf listelerini oluþtururken bu mükerrerliði önlemek adýna kontrol yapmalarý gerekir; komisyonlar atýf yapan eserin içeriðini inceleyerek bu kuralýn uygulanýp uygulanmadýðýný denetler.";[Yönetmelik] | [Baþvuru Rehberi];Madde 7(8) / Madde 37;atýf|mükerrer atýf|kýsýtlama|kitap bölümü;hard
78;Üst Komisyon (Akademik Teþvik Düzenleme, Denetleme ve Ýtiraz Komisyonu) üyelerinin seçim usulü nasýldýr?;"Komisyon üyeleri rektörün her bir üyelik için önereceði üç aday arasýndan üniversite senatosu tarafýndan seçilir; komisyon baþkanlýðýný rektör yardýmcýsý yürütür; üyeler yüksek akademik teþvik puanýna sahip öðretim üyeleri arasýndan ve her bir doçentlik temel alanýný temsil edecek þekilde belirlenir; baþkan hariç en az dört üyeden oluþan bu komisyon iki yýl süreyle görev yapar; senato onayý komisyonun akademik meþruiyetini saðlar; üyelerin görev süresi dolduðunda ayný usulle yeniden seçim yapýlýr veya mevcut üyeler tekrar seçilebilir.";[Yönetmelik];Madde 4(1);üst komisyon|seçim|senato|rektör;med
79;Döner sermaye üzerinden yürütülen ve süresi sekiz ay olan bir Ar-Ge projesi teþvik puaný alabilir mi?;"Hayýr, alamaz; yönetmelik ve rehber hükümlerine göre döner sermaye üzerinden yapýlan projelerin akademik teþvik kapsamýnda deðerlendirilebilmesi için proje süresinin dokuz aydan az olmamasý (en az 9 ay olmasý) þarttýr; sekiz ay süren bir proje, Ar-Ge niteliði taþýsa dahi süre kriterini saðlamadýðý için kapsam dýþýdýr; ayrýca projenin maddi desteðinin üniversiteye aktarýlmýþ olmasý ve projenin baþarýyla sonuçlanmýþ olmasý da ek þartlar arasýndadýr; araþtýrmacýlarýn proje sözleþmesindeki baþlangýç ve bitiþ tarihlerini FUATS sisteminde kanýtlamalarý gerekmektedir.";[Yönetmelik] | [Baþvuru Rehberi];Madde 7(2) / Madde 11;döner sermaye|proje süresi|dokuz ay|kapsam dýþý;easy
80;Tasarým faaliyetinde 'tescil' kriteri puanlama için tek baþýna yeterli midir, uygulama þartý aranýr mý?;"Tasarýmýn deðerlendirilmesinde tasarýmýn 2025 yýlý içerisinde uygulamaya konulmuþ olmasý veya tescil edilmiþ olmasý yeterlidir; yani tescil belgesi olan bir tasarým için ayrýca kamu/özel kurumla uygulama sözleþmesi sunulmasýna gerek yoktur; ancak tescil edilmemiþ bir tasarýmýn puanlanabilmesi için mutlaka kamu kurumlarý veya özel hukuk tüzel kiþileriyle yapýlan sözleþme uyarýnca uygulanmýþ veya ticarileþtirilmiþ olmasý þarttýr; her iki durumda da faaliyetin bilim, teknoloji veya sanata katký saðlamasý ve araþtýrmacýnýn kendi alanýyla ilgili olmasý zorunludur.";[Yönetmelik] | [Baþvuru Rehberi];Madde 30 / Madde 7(5);tasarým|tescil|uygulama|ticarileþme;med
81;Akademik teþvik ödeneði hesaplamasýnda 'p' katsayýsý hangi durumlarda en alt deðer olan 0,25 olarak uygulanýr?;"ISI Web of Science kapsamýnda olup henüz Çeyreklik (Quartile/Q) deðeri belirlenmemiþ olan dergilerde yayýmlanan makaleler için (p) katsayýsý en alt deðer olan 0,25 üzerinden hesaplanýr; ayrýca Q4 sýnýfýnda yer alan dergiler için de bu katsayý uygulanýr; AHCI kapsamýndaki dergiler için ise bu katsayý sabit olarak 0,5'tir; derginin Q deðerinin tespiti için en son yayýmlanan liste esas alýnýr; baþvuru sahiplerinin makale beyan ederken WOS üzerinden güncel Q bilgisini içeren belgeyi sisteme yüklemeleri bu katsayýnýn doðru belirlenmesi için þarttýr.";[Yönetmelik];Madde 8(6) / Tablo 3;p katsayýsý|quartile|Q deðeri|hesaplama;hard
82;Birim Akademik Teþvik Baþvuru ve Ýnceleme Komisyonu'nun toplantý ve karar yeter sayýsý nedir?;"Birim komisyonu, baþkan dahil üye tam sayýsýnýn salt çoðunluðu ile toplanýr; kararlar ise toplantýya katýlan üyelerin salt çoðunluðu ile alýnýr; komisyon en az üç üyeden oluþtuðu için en az iki üyenin katýlýmý ile toplanabilir; oylarýn eþitliði halinde komisyon baþkanýnýn oyu belirleyicidir ve baþkanýn bulunduðu tarafýn kararý geçerli sayýlýr; komisyon üyelerinin çekimser oy kullanma hakký yoktur; bu kurallar komisyonun karar alma sürecindeki týkanýklýklarý önlemek ve sorumluluk almalarýný saðlamak amacýyla yönetmelikte düzenlenmiþtir.";[Yönetmelik];Madde 5(2);toplantý|karar yeter sayýsý|salt çoðunluk|komisyon;med
83;Sergi faaliyetlerinde 'davetli' veya 'yarýþmaya dayalý' niteliðin belgelenmesi neden gereklidir?;"Baþvuru rehberine göre FUATS sistemine yüklenen belgeler arasýnda serginin özgün kiþisel sergi veya davetli/yarýþmaya dayalý olup olmadýðýný gösteren kanýtlarýn yer almasý zorunludur; bu belgeler etkinliðin akademik ve sanatsal aðýrlýðýný belirlemek için kullanýlýr; davet mektubu, yarýþma þartnamesi veya sergi kataloðu bu kapsamda sunulabilir; bu niteliklerin belgelenememesi durumunda faaliyetin kapsam dahilinde olup olmadýðýna komisyon karar verir; serginin 2025 yýlýnda tamamlanmýþ olmasý ve sanata katký saðlayýcý özellikte bulunmasý temel deðerlendirme kriterleridir.";[Baþvuru Rehberi];Madde 32 / Sergi Belgeleri;sergi|davetli|yarýþma|kanýt;med
84;Yürürlükteki yönetmeliðe göre akademik teþvik puaný en fazla kaça kadar hesaplanabilir?;"Bir öðretim elemanýnýn alabileceði toplam akademik teþvik puaný hiçbir þekilde 100 puaný geçemez; hesaplamalar sonucunda daha yüksek bir puan çýksa dahi üst sýnýr 100 olarak kabul edilir; akademik teþvik ödeneði de bu 100 puanlýk skala üzerinden hesaplanan oranla ödenir; bu sýnýr hem yönetmeliðin amaç maddesinde hem de hesaplama bölümünde netleþtirilmiþtir; araþtýrmacýlar faaliyetlerini beyan ederken 100 puana ulaþmak için farklý kategorileri kullanabilirler ancak 100 puanýn üzerindeki faaliyetler ödemeye ek bir katký saðlamaz.";[Yönetmelik];Madde 1(1) / Madde 8(3);üst sýnýr|yüz puan|puanlama|teþvik;easy
85;Editörlük faaliyetlerinde birden fazla dergide görev yapan bir araþtýrmacý için puanlama nasýl yapýlýr?;"Yönetmelik uyarýnca, yýllýk yayýnlanan dergi sayýsýna veya farklý dergilerde görev alýnmasýna bakýlmaksýzýn; araþtýrmacýnýn sadece bir adet editörlük görevi puanlamaya dahil edilir; birden fazla editörlük beyan edilse dahi komisyon bunlardan yalnýzca birini (genellikle en yüksek puan getireni) dikkate alýr; ayrýca çok editörlü dergilerde sadece 'baþ editör' unvanýna sahip olanlar puan alabilir; yardýmcý editörlükler veya alan editörlükleri bu kapsamda deðerlendirilmez; araþtýrmacýlarýn tek bir editörlük faaliyeti üzerinden baþvuru yapmalarý karmaþýklýðý önlemek açýsýndan önerilir.";[Yönetmelik] | [Baþvuru Rehberi];Madde 7(4) / Madde 25;editörlük|birden fazla|baþ editör|puanlama;med
86;Akademik teþvik itiraz dilekçelerinin Rektör Yardýmcýlýðýna 'elden teslim' edilmesi kuralýnýn istisnasý var mýdýr?;"Hayýr, takvim ve rehberde belirtildiði üzere itiraz dilekçeleri mutlaka Rektör Yardýmcýlýðý Makamýna elden teslim edilmelidir; posta, kargo veya e-posta yoluyla gönderilen dilekçeler iþleme alýnmaz ve geçersiz sayýlýr; itirazlar 26-30 Ocak 2026 tarihleri arasýndaki beþ iþ günü içerisinde yapýlmalýdýr; elden teslim zorunluluðu evrakýn zamanýnda ulaþtýðýnýn teyidi ve araþtýrmacýya teslim alýndý belgesi verilebilmesi için getirilmiþtir; kurum dýþýnda görevli olanlarýn da bu sürelere ve teslim yöntemine uymasý kendi sorumluluklarýndadýr.";[Takvim] | [Baþvuru Rehberi];26-30 Ocak 2026 / Madde 3;itiraz|elden teslim|dilekçe|tarih;med
87;Patent faaliyetlerinde 'birden fazla ülkede tescil' durumunda puanlama mükerrer olarak yapýlabilir mi?;"Hayýr; birden fazla ülkede tescillenmiþ olsa dahi ayný içerikli patentler için yalnýzca bir kez baþvuru yapýlabilir ve tek bir puanlama gerçekleþtirilir; araþtýrmacý en yüksek puaný getiren (genellikle uluslararasý olan) tescili tercih etmelidir; ayný buluþun farklý ülkelerdeki tescilleri mükerrer faaliyet olarak kabul edilir; tescil tarihinin 2025 yýlý olmasý þarttýr; uluslararasý patentler 100, ulusal patentler 60 katsayýsý üzerinden hesaplanýr; komisyonlar patent içeriklerini kontrol ederek ayný çalýþmanýn birden fazla kez puanlanmasýný engeller.";[Yönetmelik] | [Baþvuru Rehberi];Madde 7(7) / Madde 34;patent|mükerrer|tescil|uluslararasý;hard
88;Dergilerde yayýmlanan 'kitap kritiði' (book review) yazýlarý akademik teþvikte hangi kategoride ve nasýl puanlanýr?;"Kitap kritikleri 'Yayýn' faaliyet türü altýnda 'Kýsa Makale' kategorisinde deðerlendirilir; SCI, SCI-Expanded, SSCI ve AHCI kapsamýndaki dergilerde yayýmlanmasý durumunda tam araþtýrma makalesine verilen puanýn yarýsý üzerinden hesaplanýr; Alan indeksli dergilerde yayýmlandýðýnda da benzer þekilde kýsa makale katsayýlarý uygulanýr; bu yazýlarýn mutlaka ilgili dergide müstakil olarak basýlmýþ olmasý ve 2025 yýlý künyesine sahip olmasý gerekir; kitap tanýtýmý veya basit duyuru mahiyetindeki yazýlar bilimsel eleþtiri niteliði taþýmýyorsa komisyonca reddedilebilir.";[Yönetmelik];Madde 3(r) / Tablo 4;kitap kritiði|kýsa makale|puanlama|yayýn;hard
89;Akademik teþvik ödemesi devam ederken emekli olan veya kurumundan ayrýlan bir öðretim elemanýnýn ödemesi ne olur?;"Akademik teþvik ödeneði, öðretim elemanýna 2914 sayýlý Kanun uyarýnca aylýk ödendiði sürece yapýlýr; araþtýrmacýnýn emekli olmasý veya istifa etmesi sonucu aylýðý kesildiðinde teþvik ödemesi de ayný tarihte kesilir; ancak baþka bir devlet üniversitesine geçenlerin ödemeleri yeni kurumlarý tarafýndan yapýlmaya devam eder; teþvik ödeneði kadroya ve aylýk alma þartýna baðlý bir ödeme türüdür; ödeme süreci olan on iki ay tamamlanmadan ayrýlanlara kalan aylar için toplu veya gýyabi ödeme yapýlamaz; kurum deðiþikliðinde bildirim yükümlülüðü personelin kendisine aittir.";[Yönetmelik];Madde 10(2) ve 10(4);emeklilik|ödeme kesilmesi|kurum deðiþikliði|aylýk;med
90;Teblið faaliyetlerinde 'sunum yapan araþtýrmacý' belgelendirilmesi neden zorunludur?;"Yönetmeliðin 7. maddesinin 9. fýkrasý uyarýnca, tebliðin deðerlendirilebilmesi için tebliðde ismi yer alan araþtýrmacýlardan en az birinin etkinliðe katýlým saðladýðýnýn belgelenmesi (katýlým belgesi veya sunum yazýsý ile) esastýr; sunulmayan veya sadece kitapçýkta yer alan bildiriler puanlanmaz; çevrimiçi etkinliklerde de sunumun yapýldýðýna dair ekran görüntüsü veya dijital katýlým sertifikasý sunulmalýdýr; bu kural akademik paylaþýmýn ve sözlü sunumun gerçekleþtiðini teyit etmek içindir; katýlým belgesi bulunmayan faaliyetler, tam metin yayýmlanmýþ olsa dahi teþvik kapsamý dýþýnda kalýr.";[Yönetmelik] | [Baþvuru Rehberi];Madde 7(9) / Madde 43;teblið|katýlým belgesi|sunum|kanýt;med
91;Fýrat Üniversitesi Akademik Teþvik Takvimine göre birimlerin onaylý evraklarý üst komisyona teslim etme son günü hangisidir?;"Dekanlýk veya müdürlükler tarafýndan ilgili tüm baþvuru evraklarýnýn (imzalý YÖKSÝS ve FUATS çýktýlarý ile birim komisyon raporlarý) Akademik Teþvik Düzenleme, Denetleme ve Ýtiraz Komisyonuna gönderilmesi için son gün 16 Ocak 2026 olarak belirlenmiþtir; bu tarihten sonra birimlerden gelecek dosyalar deðerlendirme takvimini aksatacaðý için kabul edilmeyebilir; birimlerin 15 Ocak tarihinde kendi sistem giriþlerini tamamlamasý ve 16 Ocak'ta evrak sevkiyatýný yapmasý esastýr; bu aþama birim bazlý sürecin sona erdiðini ve üniversite geneli deðerlendirmenin baþladýðýný gösterir.";[Takvim];16 Ocak 2026;evrak teslimi|birim|son gün|takvim;easy
92;YÖK Yýlýn Doktora Tezi Ödülü alan bir araþtýrmacý akademik teþvikte kaç puan alýr?;"YÖK Yýlýn Doktora Tezi Ödülü, ödül kategorisinde en yüksek puan diliminde yer alýr ve faaliyet oraný %100 olarak kabul edilir; bu ödüle sahip olan araþtýrmacý doðrudan 20 tam puan (faaliyet türü puaný) elde eder; ancak ödülün 2025 yýlý içerisinde verilmiþ olmasý þarttýr; doktora tezinin kendisi bir yayýn olarak puanlanamazken, bu tez ile alýnan prestijli ödüller teþvik kapsamýna alýnmýþtýr; baþvuru sahibi YÖK tarafýndan verilen onaylý ödül belgesini FUATS sistemine yüklemelidir; bu puan projenin veya yayýnýn puanýndan baðýmsýz olarak ödül kategorisi altýnda hesaplanýr.";[Yönetmelik];Tablo 4 (9. Ödül);yök ödülü|doktora tezi|puanlama|prestij ödülü;hard
93;Atýf puanlamasýnda 'atýf yapan' eserin niteliði konusunda uygulanan temel kýsýtlama nedir?;"Atýf puaný alýnabilmesi için hem atýf yapýlan eserin hem de atýf yapan çalýþmanýn yönetmelikte tanýmlanan geçerli yayýn kategorilerinde (indeksli makale, tanýnmýþ kitap vb.) yer almasý þarttýr; örneðin Alan Ýndeksi veya ULAKBÝM TR DÝZÝN'de taranmayan ulusal dergilerde yapýlan atýflar kesinlikle kapsam dýþýdýr; ayrýca tezlerden, bildiri özetlerinden veya popüler dergilerden gelen atýflar da puanlanmaz; bu kural bilimsel atýf kalitesini korumak amacýyla getirilmiþtir; araþtýrmacýlarýn atýf yapan eserlerin indeks durumlarýný da FUATS'ta belgelendirmeleri gerekebilir.";[Yönetmelik] | [Baþvuru Rehberi];Madde 37 / Madde 7(8);atýf|indeks þartý|kýsýtlama|yayýn kalitesi;hard
94;Araþtýrma faaliyetlerinde 'yurt içi araþtýrma' ile 'yurt dýþý araþtýrma' arasýndaki puan farký nasýldýr?;"Yurt dýþý araþtýrma faaliyetlerinde her bir ay için puan katsayýsý 15 olarak belirlenmiþken; yurt içi araþtýrma faaliyetlerinde bu katsayý ay baþýna 10 puandýr; araþtýrmanýn toplam puaný ""katsayý x ay sayýsý"" formülüyle bulunur ve toplamda 15 puaný (araþtýrma kategorisi tavaný) geçemez; yurt dýþý araþtýrmalarýn teþvik edilmesi amacýyla katsayýsý daha yüksek tutulmuþtur; her iki durumda da araþtýrmanýn en az dört ay sürmesi ve 2025 yýlýnda tamamlanmasý þarttýr; araþtýrmacýlarýn görevlendirme yerlerini ve sürelerini gösteren resmi belgeleri sunmalarý bu ayrýmýn yapýlmasý için kritiktir.";[Yönetmelik];Tablo 4 (2. Araþtýrma);yurt içi araþtýrma|yurt dýþý araþtýrma|katsayý|puan farký;med
95;TÜBÝTAK Bilim-Toplum destek projeleri neden akademik teþvik puanlamasý kapsamýnda deðerlendirilmez?;"Yönetmeliðin 7. maddesi uyarýnca TÜBÝTAK'ýn sadece akademik destekleri (1001, 1003 vb.) teþvik kapsamýndadýr; Bilim-Toplum projeleri, sanayi projeleri ve giriþimcilik destekleri akademik Ar-Ge faaliyetinden ziyade yaygýnlaþtýrma veya uygulama odaklý görüldüðü için kapsam dýþý býrakýlmýþtýr; bu tür projelerde görev alan öðretim elemanlarý faaliyetlerini beyan etmemelidir; projenin 'akademik destek' grubunda olup olmadýðý TÜBÝTAK'ýn resmi web sitesindeki listeler üzerinden kontrol edilebilir; komisyonlar proje numarasýndan tür sorgulamasý yaparak uygunluðu denetler.";[Yönetmelik] | [Baþvuru Rehberi];Madde 7(2) / Madde 12;tübitak|bilim-toplum|kapsam dýþý|proje türü;med
96;Dergilerin 'Alan Ýndeksi' kapsamýndaki makaleleri için ÜAK belgesi neden zorunlu bir kanýttýr?;"ÜAK (Üniversitelerarasý Kurul) tarafýndan tanýmlanan alan indeksleri her bilim dalý için farklýlýk gösterebilir; bir makalenin bu kategoriden puan alabilmesi için derginin o yýl itibarýyla ÜAK'ýn kabul ettiði listelerde yer almasý þarttýr; baþvuru sahibi derginin ilgili alan indeksinde tarandýðýný kanýtlayan ekran görüntüsünü veya ÜAK sayfasýndan alýnmýþ belgeyi sunmalýdýr; aksi takdirde faaliyet 'diðer uluslararasý dergi' kategorisine düþürülür veya reddedilir; bu belge puan katsayýsýnýn (20 veya 25) doðru belirlenmesi için temel dayanaktýr; rehberde ilgili ÜAK linki araþtýrmacýlara kolaylýk olmasý için paylaþýlmýþtýr.";[Baþvuru Rehberi];Madde 26 / Sayfa 16;alan indeksi|üak|belge|puanlama;med
97;Ödül kategorisinde 'sürekli olarak verilme' kriteri için belirlenen asgari sayý kaçtýr?;"Akademik teþvik kapsamýnda bir bilim ödülünün puanlanabilmesi için o ödülün daha önce en az beþ kez verilmiþ olmasý ve düzenli (sürekli) bir nitelik taþýmasý þarttýr; ilk kez verilen veya sürekliliði olmayan tesadüfi ödüller deðerlendirmeye alýnmaz; baþvuru sahibi ödülün geçmiþ yýllardaki veriliþ tarihlerini veya sayýsýný gösteren resmi duyuru/arþiv bilgilerini FUATS sistemine yüklemekle yükümlüdür; bu kriter ödülün akademik saygýnlýðýný ve kurumsallýðýný teyit etmek için getirilmiþtir; jüri yapýsýnýn da akademik aðýrlýklý olmasý ek bir gerekliliktir.";[Yönetmelik] | [Baþvuru Rehberi];Madde 44 / Madde 7(10);ödul|süreklilik|beþ kez|kriter;med
98;Tasarým faaliyetlerinde 'ürün veya nesnenin özgün ilk çizimi' ifadesi neyi kapsamaktadýr?;"Bu ifade; bir yapýnýn, endüstriyel ürünün, çevresel düzenlemenin (peyzaj/iç mekan) veya grafiksel bir ögenin (moda/çalgý tasarýmý) araþtýrmacý tarafýndan ortaya konulan orijinal tasarýmýný ifade eder; tasarýmýn sadece kopyalama veya basit bir düzenleme deðil, özgün bir yaratýcýlýk süreci içermesi beklenir; deðerlendirme için tasarýmýn 2025 yýlýnda tescil edilmesi veya ticarileþmesi (uygulanmasý) gerekir; tasarým dosyasý, çizimler ve teknik detaylar FUATS sistemine yüklenerek özgünlük ve uygulama durumu belgelenmelidir; sanata veya teknolojiye katkýsý olmayan tasarýmlar puanlanmaz.";[Yönetmelik] | [Baþvuru Rehberi];Madde 3(m) / Madde 29;tasarým|özgün çizim|ticarileþme|taným;med
99;Akademik teþvik ödeneði hesaplamasýnda kullanýlan 'kadro unvaný oranlarý' profesör ve araþtýrma görevlisi için nasýldýr?;"Ödeme tutarý hesaplanýrken profesör kadrosundaki öðretim elemanlarý için %100 oraný uygulanýrken; araþtýrma görevlisi ve öðretim görevlisi kadrolarý için %70 oraný uygulanýr; doçentler için %90, doktor öðretim üyeleri için ise %80 oran belirlenmiþtir; bu oranlar en yüksek devlet memuru brüt aylýðý ile çarpýlarak baz tutar oluþturulur; öðretim elemanýnýn unvaný baþvuruyu yaptýðý tarihteki güncel kadro durumuna göre sisteme girilir; unvan farký ayný puana sahip araþtýrmacýlarýn alacaðý net ödeme miktarýný doðrudan etkiler; bu hiyerarþik oranlama yönetmeliðin 8. maddesinde sabitlenmiþtir.";[Yönetmelik];Madde 8(1);unvan oraný|profesör|araþtýrma görevlisi|ödeme;easy
100;Teblið faaliyetlerinde 'çevrimiçi (online) katýlým' durumunda puanlama þartlarý deðiþir mi?;"Hayýr, çevrimiçi katýlým saðlanan etkinliklerde de yüz yüze katýlým þartlarýnýn tamamý (beþ farklý ülke, katýlýmcý oraný, tam metin yayýmý, yönetim kurulu kararý) aynen geçerlidir; araþtýrmacýnýn sunum yaptýðýný kanýtlayan dijital sertifika veya ekran görüntüsünü sunmasý zorunludur; sunum yapýlmadan sadece sistemde kayýtlý görünen tebliðler puanlanmaz; tebliðin tam metni etkinlik kitapçýðýnda yer almalýdýr; fiziksel mesafe kriteri aranmazken, etkinliðin akademik niteliði ve katýlýmcý çeþitliliði konusundaki denetimler online kongrelerde de titizlikle sürdürülür; tüm belgeler elektronik ortamda beyan edilmelidir.";[Baþvuru Rehberi];Madde 42 / Sayfa 19;teblið|online katýlým|þartlar|sunum;med
101;Dergilerde 'editör kurulu üyeliði' görevi için puan talep eden bir araþtýrmacýnýn baþvurusu nasýl sonuçlanýr?;"Dergilerdeki editör kurulu üyelikleri (editorial board membership) yönetmelikte yapýlan deðiþiklikler neticesinde teþvik kapsamýndan tamamen çýkartýlmýþtýr; bu nedenle bu faaliyet için yapýlan puan talepleri komisyonlar tarafýndan reddedilir; sadece derginin 'baþ editörü' veya tek editörü olan öðretim elemanlarý 'Editörlük' kategorisinden puan alabilir; araþtýrmacýlarýn YÖKSÝS verilerini kontrol ederek bu tür görevleri 'yayýn' kategorisinde puanlanacak faaliyet olarak beyan etmemeleri gerekir; yanlýþ beyan durumunda komisyon ilgili satýrý iptal ederek puaný düþürür.";[Baþvuru Rehberi];Madde 25 / Sayfa 15;editör kurulu|kapsam dýþý|ret|yayýn;easy
102;Akademik teþvik puaný otuzun (30) altýnda kalan bir öðretim elemanýna ödeme yapýlýr mý?;"Hayýr, akademik teþvik ödeneðinin ödenebilmesi için hesaplanan toplam puanýn en az 30 olmasý þarttýr; puaný 30'un altýnda kalan (örneðin 29,5) baþvurular baþarýlý sayýlmaz ve herhangi bir ödeme tahakkuk ettirilmez; bu baraj puan, araþtýrmacýlarýn teþvik alabilmek için belirli bir akademik üretim seviyesine ulaþmalarýný zorunlu kýlar; toplam puanýn hesaplanmasýnda %30'luk kategori sýnýrlarý da dikkate alýnýr; baþvuru sahipleri 30 puan barajýný geçip geçmediklerini FUATS sistemi üzerinden takip edebilirler; baraj puanýn altýndaki sonuçlara sadece hesaplama hatasý iddiasýyla itiraz edilebilir.";[Yönetmelik];Madde 10(3);baraj puan|otuz puan|ödeme þartý|baþvuru;easy
103;Uluslararasý bir kongre bildirilerinden oluþan 'bildiriler kitabý' yayýn kategorisinde puanlanabilir mi?;"Yönetmelik ve rehber hükümlerine göre kongre, sempozyum veya benzeri bilimsel etkinlik kitapçýklarý ve buralarda yayýmlanan bildiriler kesinlikle 'Yayýn' kategorisinde deðerlendirilmez; bu tür çalýþmalar sadece 'Teblið' kategorisi altýnda puanlanabilir; bildirilerden oluþan kitaplar da 'Kitap' kategorisinde puan alamaz; bir çalýþmanýn yayýn sayýlabilmesi için özgün bilimsel kitap veya hakemli dergi makalesi niteliði taþýmasý þarttýr; araþtýrmacýlarýn bu tür eserleri YÖKSÝS ve FUATS sistemlerinde doðru kategoriye girmeleri puan kaybýný önlemek adýna önemlidir.";[Yönetmelik] | [Baþvuru Rehberi];Madde 7(4) / Madde 20;bildiri kitabý|yayýn|teblið|kapsam dýþý;med
104;Kitap yazarlýðý faaliyetinde ISBN numarasý bulunmayan bir eserin teþvikteki durumu nedir?;"Kitaplarýn akademik teþvik kapsamýnda deðerlendirilebilmesi için mutlaka ISBN (International Standard Book Number) numarasýna sahip olmasý esastýr; ISBN numarasý bulunmayan eserler kitap kategorisinde puanlanamaz ve deðerlendirme dýþý býrakýlýr; bu numara kitabýn ulusal veya uluslararasý düzeyde kayýtlý bir yayýn olduðunu kanýtlar; baþvuru sahibi kitabýn basým bilgilerini içeren sayfayý FUATS'a yüklerken ISBN numarasýnýn görünür olduðundan emin olmalýdýr; e-kitaplar için de bu kural geçerlidir; numaranýn doðruluðu kütüphane veri tabanlarý üzerinden komisyonlarca sorgulanabilir.";[Yönetmelik] | [Baþvuru Rehberi];Madde 19 / Madde 7(4);isbn|kitap|yayýn|þart;easy
105;Birim Akademik Teþvik Baþvuru ve Ýnceleme Komisyonu üyeleri hangi süreyle görev yapar?;"Birim komisyonu üyeleri ilgili birimin yönetim kurulu tarafýndan iki yýl süreyle seçilir; görev süresi dolan üyeler tekrar seçilebilir; komisyon en az üç üyeden oluþur ve baþkanlýðýný ilgili bölüm, anabilim dalý veya anasanat dalý baþkaný yürütür; üyeliðin boþalmasý durumunda (emeklilik, ayrýlma vb.) kalan süreyi tamamlamak üzere ayný usulle yeni bir üye atanýr; komisyonun sürekliliði ve deneyimi deðerlendirme sürecinin kalitesi için önemlidir; birimler her iki yýlda bir komisyon yapýlarýný güncelleyerek rektörlüðe bildirmekle yükümlüdür.";[Yönetmelik];Madde 5(1);komisyon süresi|üye seçimi|birim komisyonu|görev süresi;med
106;Atýf faaliyetlerinde 'Devlet yükseköðretim kurumlarý dýþýnda üretilen yayýnlar' kuralý neyi ifade eder?;"Bir araþtýrmacýya yapýlan atýfýn puanlanabilmesi için; atýf yapýlan eserin araþtýrmacý tarafýndan bir devlet üniversitesinde görev yaparken üretilmiþ olmasý þarttýr; özel (vakýf) üniversitelerinde veya yurt dýþý kurumlarda çalýþýrken üretilen yayýnlara yapýlan atýflar, araþtýrmacý þu an devlet üniversitesinde olsa dahi puanlanmaz; bu kural akademik teþvikin sadece devlet kaynaklý bilimsel üretimi destekleme amacý doðrultusunda getirilmiþtir; baþvuru sýrasýnda atýf alan eserin künyesinde araþtýrmacýnýn baðlý bulunduðu devlet kurumu adýnýn yer almasý en temel kanýttýr.";[Yönetmelik] | [Baþvuru Rehberi];Madde 7(8) / Madde 38;atýf|devlet kurumu|kýsýtlama|vakýf üniversitesi;hard
107;Sergi kategorisinde 'ikinci tekrar' faaliyetine neden %50 puan uygulanmaktadýr?;"Yönetmelik, ayný yýl içerisinde tekrarlanan sanatsal faaliyetlerin çeþitliliðini teþvik etmek amacýyla bu sýnýrlamayý getirmiþtir; bir araþtýrmacý ayný sergiyi veya konseri farklý yerlerde tekrar ettiðinde, ilk faaliyet tam puan alýrken ikinci faaliyet mevcut puanýn yarýsý (%50) ile deðerlendirilir; ikiden fazla tekrar ise hiç puanlanmaz; bu kural sanatsal üretimin derinliðini korumak ve puan toplama amacýyla yapýlan seri tekrarlarýn önüne geçmek için uygulanýr; her iki etkinliðin de tarih ve yer bilgileriyle ayrý ayrý belgelendirilmesi zorunludur.";[Yönetmelik];Madde 7(6);sergi|tekrarlayan etkinlik|puanlama|kýsýtlama;med
108;Akademik teþvik ödeneði hangi tarihler arasýnda ve ayýn kaçýnda ödenmektedir?;"Teþvik ödeneði, faaliyetlerin gerçekleþtirildiði yýlý takip eden yýlýn (2026 yýlý) 15 Þubat tarihinden itibaren on iki ay süreyle ödenir; ödemeler her ayýn on beþinde araþtýrmacýlarýn hesaplarýna yatýrýlýr; Þubat ayýndan baþlayýp bir sonraki yýlýn Ocak ayýna kadar devam eden bu süreç, akademik teþvik puanýnýn geçerlilik süresini ifade eder; ödemeler maaþla birlikte veya ayrý bir bordro ile gerçekleþtirilebilir; takvimdeki deðerlendirme ve itiraz süreçlerinin 15 Þubat'a kadar tamamlanmasý bu ödeme düzeninin aksamamasý için kritik öneme sahiptir.";[Yönetmelik];Madde 10(2b);ödeme tarihi|on iki ay|þubat|teþvik;easy
109;Teblið tam metninin yayýmlandýðý kitapçýkta 'basým bilgileri' neden sunulmalýdýr?;"Tebliðin puanlanabilmesi için sadece sözlü sunulmasý yeterli deðildir; mutlaka basýlý veya elektronik bir kitapçýkta tam metin olarak yayýmlanmasý gerekir; basým bilgileri (yayýnevi, yýlý, editörü vb.) çalýþmanýn yayýnlandýðýný ve akademik bir döküman haline geldiðini kanýtlar; FUATS sistemine kitabýn kapaðý, içindekiler sayfasý ve bildirinin ilk/son sayfalarý yüklenmelidir; basým bilgisi sunulamayan veya sadece web sitesinde metin olarak duran bildiriler teblið kategorisinde deðerlendirilmeyebilir; bu bilgiler ayný zamanda etkinliðin uluslararasý niteliðinin denetlenmesi için de veri saðlar.";[Baþvuru Rehberi];Madde 43 / Sayfa 19;teblið|basým bilgileri|tam metin|kanýt;med
110;Akademik teþvik baþvurusu sýrasýnda yapýlan 'yanlýþ beyan' tespit edilirse hangi hukuki süreç iþletilir?;"Ödeme yapýldýktan sonra dahi faaliyetin gerçeðe aykýrý olduðu veya yönetmelik kapsamýna girmediði anlaþýlýrsa; ödenen tüm tutarlar kanuni faiziyle birlikte araþtýrmacýdan geri alýnýr; ayrýca yanlýþ beyanda bulunan öðretim elemaný hakkýnda Akademik Teþvik Düzenleme, Denetleme ve Ýtiraz Komisyonu'nun bildirimi üzerine rektörlük tarafýndan inceleme/soruþturma baþlatýlýr; disiplin hükümleri ve genel hukuk kurallarý çerçevesinde cezai müeyyideler uygulanabilir; bu hüküm sistemin suistimal edilmesini önlemek için yönetmeliðin 10. maddesinde açýkça düzenlenmiþtir.";[Yönetmelik];Madde 10(5);yanlýþ beyan|faiz|geri alma|soruþturma;"hard"""
111;Öðretim elemanlarýnýn 2025 yýlý faaliyetleri için akademik teþvik baþvurularýný hangi tarihler arasýnda ve hangi sistem üzerinden yapmalarý gerekmektedir?;"Fýrat Üniversitesi takvimine göre; öðretim elemanlarý baþvurularýný 02-11 Ocak 2026 tarihleri arasýnda gerçekleþtirmelidir; baþvuru süreci YÖKSÝS’ten alýnan faaliyet çýktýsý ile birlikte FU Akademik Teþvik Sistemi (FUATS) üzerinden yürütülür; araþtýrmacýlarýn YÖKSÝS ve FUATS sistem çýktýlarýný imzalayarak kadrolarýnýn bulunduðu birimlere teslim etmeleri zorunludur; faaliyetlere dair tüm kanýtlayýcý belgeler ise elektronik ortamda sistem üzerinden sunulmalýdýr; süresinde tamamlanmayan baþvurular iþleme alýnmaz.";[Takvim];02-11 Ocak 2026;baþvuru|tarih|fuats|yöksis;easy
112;Akademik teþvik puaný hesaplanýrken esas alýnan 'en yüksek Devlet memuru brüt aylýðý' kavramý neyi ifade etmektedir?;"En yüksek Devlet memuru brüt aylýðý; 1.500 aylýk gösterge rakamý ile 8.000 ek gösterge rakamýnýn toplamý olan 9.500 gösterge rakamýnýn, güncel memur aylýk katsayýsý ile çarpýmý sonucu bulunan tutarý ifade eder; bu tutar akademik teþvik ödemesinin hesaplanmasýnda temel çarpan olarak kullanýlýr; profesör, doçent ve diðer unvanlar için belirlenen oranlar bu brüt aylýk üzerinden uygulanýr; ödeme tutarý hesaplanýrken bu deðer araþtýrmacýnýn aldýðý teþvik puaný ve unvan katsayýsý ile oranlanýr; her yýl memur maaþ artýþlarýna baðlý olarak güncellenir.";[Yönetmelik];Madde 3(ç);brüt aylýk|katsayý|maaþ|hesaplama;hard
113;Birim akademik teþvik komisyonlarý tarafýndan uygun görülmeyen baþvurular hakkýnda izlenmesi gereken yasal prosedür nedir?;"Birim akademik teþvik baþvuru ve inceleme komisyonu; öncelikle baþvuru sahibinin faaliyetlerinin incelemeye uygun olup olmadýðýna karar verir; yapýlan inceleme sonucunda uygun görülmeyen baþvurular; mutlaka gerekçesi belirtilmek kaydýyla deðerlendirilmek üzere üst komisyona (Akademik Teþvik Düzenleme, Denetleme ve Ýtiraz Komisyonu) iletilir; komisyonun reddettiði veya puanýný deðiþtirdiði her faaliyet için deðerlendirme raporunda açýklama yapmasý zorunludur; bu raporlar birim amirleri tarafýndan onaylanarak ilan edilen takvime uygun þekilde rektörlüðe gönderilir; araþtýrmacýlarýn itiraz haklarý bu gerekçeli kararlar üzerinden yürütülür.";[Yönetmelik];Madde 6(3) ve 6(4);baþvuru|ret|komisyon|prosedür;med
114;Akademik Teþvik Düzenleme, Denetleme ve Ýtiraz Komisyonu'nun toplantý ve karar yeter sayýsý hakkýnda kurallar nelerdir?;"Komisyon; baþkan dahil üye tam sayýsýnýn salt çoðunluðu ile toplanýr ve toplantýya katýlan üyelerin salt çoðunluðu ile karar alýr; oylarýn eþitliði durumunda komisyon baþkanýnýn oyu yönünde karar alýnmýþ sayýlýr; komisyon üyelerinin oylama sýrasýnda çekimser oy kullanmalarý yasaktýr; bu kurallar hem birim komisyonlarý hem de üst komisyon için geçerlidir; kararlarýn geçerli olabilmesi için salt çoðunluk þartýnýn saðlanmasý ve kararlarýn imza altýna alýnmasý zorunludur; komisyonun faaliyetlerin sýnýflandýrýlmasýnda oluþan tereddütleri giderme konusunda nihai yetkisi bulunmaktadýr.";[Yönetmelik];Madde 4(2) ve 5(2);toplantý|karar|salt çoðunluk|oylama;med
115;Vakýf üniversitelerinden devlet üniversitelerine geçen öðretim elemanlarýnýn akademik teþvik baþvurusu yaparken dikkat etmesi gereken kýsýtlama nedir?;"Vakýf yükseköðretim kurumlarýndan veya diðer kurumlardan devlet yükseköðretim kurumlarý kadrolarýna geçen öðretim elemanlarýnýn teþvik puanlarý hesaplanýrken; sadece devlet yükseköðretim kurumlarýnda gerçekleþtirdikleri akademik faaliyetler esas alýnýr; vakýf üniversitesinde görevli olduklarý dönemde yayýmlanan makale, proje veya atýflar deðerlendirmeye dahil edilmez; bu araþtýrmacýlarýn YÖKSÝS çýktýlarýnda her bir faaliyetin hangi kurumda yapýldýðýný açýkça göstermeleri zorunludur; ayrýca devlet üniversitesine geçiþ tarihlerini ve önceki kurumlarýndaki faaliyet dökümlerini içeren 'Kurum Deðiþikliði Beyan Formu'nu baþvuru dosyasýna eklemeleri gerekmektedir.";[Yönetmelik] | [Baþvuru Rehberi];Madde 6(7) / Sayfa 8;vakýf üniversitesi|kurum deðiþikliði|devlet üniversitesi|kýsýtlama;hard
116;Yabancý uyruklu öðretim elemanlarýnýn akademik teþvik ödeneðinden yararlanma durumlarý yönetmelikte nasýl düzenlenmiþtir?;"Akademik Teþvik Ödeneði Yönetmeliði'nin 6. maddesinin 9. fýkrasý uyarýnca; yabancý uyruklu öðretim elemanlarý akademik teþvik ödeneðinden yararlanamazlar; bu kiþilerin devlet yükseköðretim kurumlarýnda sözleþmeli veya kadrolu olarak görev yapmalarý durumu deðiþtirmez; teþvik ödeneði sadece devlet yükseköðretim kurumlarýnýn kadrolarýnda bulunan Türk vatandaþý öðretim elemanlarýna yönelik bir uygulamadýr; baþvuru takvimi ve süreçleri bu personeli kapsamaz; yabancý uyruklu personelin sisteme girdiði faaliyetler teþvik puanlamasýna dahil edilerek ödeme listelerine eklenemez; bu kural herhangi bir istisna barýndýrmamaktadýr.";[Yönetmelik];Madde 6(9);yabancý uyruklu|yararlanma|kýsýtlama|personel;easy
117;Döner sermaye üzerinden yürütülen projelerin akademik teþvik kapsamýna alýnabilmesi için gereken asgari süre ve nitelik þartý nedir?;"Döner sermaye üzerinden yapýlan dýþ kaynaklý (yurt içi veya yurt dýþý) projelerin puanlanabilmesi için; projenin mutlaka Ar-Ge niteliði taþýmasý ve toplam proje süresinin dokuz aydan az olmamasý (en az 9 ay) þarttýr; süresi dokuz aydan az olan veya Ar-Ge özelliði bulunmayan döner sermaye projeleri kapsam dýþý býrakýlmýþtýr; ayrýca projenin maddi desteðinin üniversiteye aktarýlmýþ olmasý ve projenin 2025 yýlý içerisinde baþarýyla sonuçlanýp raporunun onaylanmýþ olmasý gerekmektedir; baþvuru sýrasýnda bu þartlarýn saðlandýðýný gösteren resmi sözleþme ve onay belgeleri FUATS sistemine yüklenmelidir.";[Yönetmelik] | [Baþvuru Rehberi];Madde 7(2) / Madde 11;döner sermaye|proje süresi|Ar-Ge|onay;med
118;Araþtýrma faaliyetlerinin teþvik kapsamýnda deðerlendirilebilmesi için gereken asgari süre ve görevlendirme þartý nedir?;"Araþtýrma faaliyetinin deðerlendirilebilmesi için; bilim, teknoloji ve sanata katký saðlayýcý nitelikte olmasý ve araþtýrmacýnýn kendi kurumu dýþýnda bir üniversite veya araþtýrma kurumunda en az dört ay süre ile tam zamanlý görevlendirilmiþ olmasý þarttýr; dört aydan az süren araþtýrmalar kesinlikle deðerlendirmeye alýnmaz; araþtýrma için mutlaka Üniversite Yönetim Kurulu tarafýndan resmi görevlendirme yapýlmýþ olmasý ve bu izin yazýsýnýn baþvuruya eklenmesi zorunludur; faaliyetin 2025 yýlý içerisinde tamamlanmýþ ve sonuç raporunun ilgili kurumun yetkili mercilerince baþarýlý bulunarak onaylanmýþ olmasý temel gerekliliktir.";[Yönetmelik] | [Baþvuru Rehberi];Madde 7(3) / Madde 15;araþtýrma|görevlendirme|dört ay|yönetim kurulu;med
119;Kitaplarda yapýlan atýflarýn akademik teþvik puanlamasýna dahil edilebilmesi için sunulmasý gereken kanýtlayýcý belgeler nelerdir?;"Kitaplarda yapýlan atýflar için FUATS sistemine; kitabýn kapak sayfasý, yayýnevi ve basým yýlý bilgilerini içeren basým sayfasý, atýf yapýlan eserin listelendiði kaynakça sayfasý ve atýfýn geçtiði ilgili metin sayfalarýný içeren tek bir PDF dosyasý yüklenmelidir; basým sayfasýnda kitabýn ISBN numarasý ve telif haklarý bilgileri net þekilde görülmelidir; atýf yapan kitabýn 'tanýnmýþ ulusal' veya 'tanýnmýþ uluslararasý' yayýnevi kriterlerini karþýlamasý þarttýr; yönetmelik kapsamýnda deðerlendirilmeyen yayýn türlerindeki atýflar puanlamaya dahil edilmez; araþtýrmacýnýn kendi eserine yaptýðý atýflar (self-citation) kapsam dýþýdýr.";[Baþvuru Rehberi];Madde 38 / Atýf Belgeleri;atýf|kitap|kanýt|isbn;med
120;Akademik teþvik itiraz dilekçelerinin teslim yöntemi ve bu itirazlarýn deðerlendirilme süreci nasýl iþlemektedir?;"Üst komisyonun ilan ettiði sonuçlara karþý yapýlacak itirazlar; 26-30 Ocak 2026 tarihleri arasýnda yazýlý dilekçe ile Rektör Yardýmcýlýðý Makamýna elden teslim edilmelidir; posta veya e-posta ile yapýlan baþvurular kabul edilmez; komisyon itirazlarý, itiraz süresinin bitiminden itibaren beþ iþ günü içerisinde (01-05 Þubat 2026) deðerlendirerek nihai karara baðlar; komisyonun itirazlar sonucunda verdiði kararlar kesindir ve tekrar itiraz edilemez; nihai sonuçlar belirlendikten sonra 06 Þubat 2026 tarihinde kesin listeler oluþturularak ödeme birimlerine bildirilir; itiraz sürecinde ek belge sunulmasý komisyonun takdirindedir.";[Takvim] | [Yönetmelik];Madde 6(6) / 26-30 Ocak 2026;itiraz|dilekçe|nihai karar|rektör yardýmcýsý;med
121;SCI, SCI-Expanded, SSCI ve AHCI kapsamýndaki dergilerde yayýmlanan araþtýrma makalelerinin puan hesaplamasýnda kullanýlan (p) katsayýsý nasýl belirlenir?;"Makalenin yayýmlandýðý yýl için derginin ISI Web of Science tarafýndan yayýmlanan en son Çeyreklik (Quartile) sýnýflandýrmasý esas alýnýr; Q1 grubu dergiler için p=1, Q2 için p=0,8, Q3 için p=0,5 ve Q4 grubu dergiler için p=0,25 katsayýsý uygulanýr; AHCI kapsamýndaki dergiler için çeyreklik deðerine bakýlmaksýzýn katsayý sabit 0,5 olarak belirlenmiþtir; eðer bir derginin Q deðeri henüz belirlenmemiþse en alt katsayý olan 0,25 uygulanýr; bu katsayýlar 'Yayýn' kategorisindeki temel puanlar ile çarpýlarak araþtýrmacýnýn nihai puanýný oluþturur; araþtýrmacýlarýn WOS üzerinden güncel Q belgesini sisteme yüklemeleri zorunludur.";[Yönetmelik];Madde 8(6) / Tablo 3;p katsayýsý|quartile|Q deðeri|wos;hard
122;Bir projede araþtýrmacý veya bursiyer olarak görev alan öðretim elemanýnýn teþvik puaný hesaplanýrken hangi katsayý uygulanýr?;"Akademik teþvik kapsamýnda deðerlendirilen projelerde araþtýrmacýnýn rolüne göre (r) katsayýsý kullanýlýr; projenin yürütücüsü için r=1 katsayýsý uygulanýrken, projede araþtýrmacý veya bursiyer olarak görev alan öðretim elemanlarý için r=0,5 katsayýsý uygulanýr; bu katsayý projenin türüne göre belirlenen (örneðin TÜBÝTAK 1001 için 80 puan) toplam oran ile çarpýlýr; elde edilen puan kategorinin üst sýnýrý olan 30 puaný geçemez; projenin baþarýyla sonuçlanmýþ olmasý ve görev tanýmýnýn resmi belgelerle kanýtlanmasý þarttýr; devam eden projelerde yer alan araþtýrmacýlar bu puanlamadan yararlanamazlar.";[Yönetmelik];Madde 8(5) / Tablo 2;proje|r katsayýsý|araþtýrmacý|bursiyer;easy
123;Hangi tür sergi ve sanatsal etkinlikler akademik teþvik puanlamasý kapsamýnda 'kapsam dýþý' olarak deðerlendirilmektedir?;"Eðitim-öðretim faaliyetleri kapsamýnda düzenlenen sergiler ile öðrenci kulüp faaliyetleri çerçevesinde gerçekleþtirilen sanatsal etkinlikler teþvik puanlamasýna dahil edilmez; ayrýca sanata katký saðlayýcý nitelikte olmayan veya akademik faaliyet alanýyla ilgisi bulunmayan sergiler de kapsam dýþýdýr; sergi, bienal, konser gibi etkinliklerin puanlanabilmesi için sanatsal veya bilimsel bir derinliðe sahip olmasý gerekir; baþvuru sýrasýnda serginin öðrenci kulübü faaliyeti olmadýðýný ve akademik niteliðini gösteren belgelerin sunulmasý zorunludur; birim komisyonlarý etkinliðin müfredat gereði olup olmadýðýný denetlemekle yükümlüdür.";[Yönetmelik] | [Baþvuru Rehberi];Madde 7(6) / Madde 32;sergi|kapsam dýþý|öðrenci kulübü|eðitim-öðretim;med
124;Uluslararasý patent faaliyetlerinin akademik teþvik kapsamýnda deðerlendirilebilmesi için tescil belgesinde hangi teknik kriterlerin saðlanmýþ olmasý gerekir?;"Uluslararasý patentin (PCT veya Avrupa Patenti) deðerlendirilebilmesi için; uluslararasý araþtýrma raporunun yazýlý görüþ kýsmýnda veya ön inceleme raporunda en az bir istemin 'yenilik, buluþ basamaðý ve sanayiye uygulanabilirlik' kriterlerini saðladýðýnýn ifade edilmiþ olmasý þarttýr; bu kriterleri karþýlamayan veya sadece baþvuru aþamasýnda kalan patentler puanlanmaz; patentin tescil tarihinin 2025 yýlý olmasý zorunludur; tescil belgesinin veya yetkili mercilerce düzenlenen kriter onay raporunun nüshasý FUATS sistemine yüklenmelidir; uluslararasý patentler en yüksek katsayý (k x 100) üzerinden deðerlendirilir.";[Yönetmelik] | [Baþvuru Rehberi];Madde 3(ö) / Madde 33;patent|yenilik|buluþ basamaðý|tescil;hard
125;Akademik teþvik ödeneði hangi vergilerden muaftýr ve bu ödeme diðer tazminat hesaplamalarýnda kullanýlýr mý?;"Akademik teþvik ödeneði, damga vergisi hariç herhangi bir vergiye (gelir vergisi vb.) tabi tutulmaz; ayrýca bu ödenek, ilgili mevzuat uyarýnca ödenmekte olan zam, tazminat, döner sermaye ek ödemesi, ikramiye, ücret ve benzeri ödemelerin hesabýnda hiçbir þekilde dikkate alýnmaz; yani diðer yan ödemelerin matrahýný etkilemez ve onlardan baðýmsýz bir ödeme kalemi olarak tahakkuk ettirilir; ödemeler sadece damga vergisi kesintisi yapýlarak net tutar üzerinden gerçekleþtirilir; bu muafiyet hükmü hem 2914 sayýlý Kanun hem de ilgili yönetmelik maddesi ile güvence altýna alýnmýþtýr.";[Yönetmelik];Madde 10(2c);vergi|muafiyet|damga vergisi|ek ödeme;med
126;Dergilerde gerçekleþtirilen 'editörlük' faaliyetlerinde puanlama yapýlýrken uygulanan temel kýsýtlamalar nelerdir?;"Dergilerde editörlük faaliyetleri deðerlendirilirken; yýllýk yayýnlanan dergi sayýsýna veya farklý dergilerde görev alýnmasýna bakýlmaksýzýn sadece bir adet editörlük görevi dikkate alýnýr; çok editörlü dergilerde yalnýzca 'baþ editör' olan öðretim elemaný teþvikten yararlanabilir; yardýmcý editörlükler puanlanmaz; editör kurulu üyelikleri ise yönetmelik deðiþikliði ile tamamen teþvik kapsamýndan çýkartýlmýþtýr; puanlama yapýlabilmesi için derginin ISSN numarasýnýn olmasý ve baþvuru sahibinin editör olduðunu gösteren internet sayfasý çýktýsýnýn sunulmasý þarttýr; derginin indeks türüne göre (SCI, Alan Ýndeksi vb.) belirlenen sabit puanlar uygulanýr.";[Yönetmelik] | [Baþvuru Rehberi];Madde 7(4) / Madde 25;editörlük|baþ editör|kýsýtlama|dergi;med
127;Akademik teþvik toplam puaný hesaplanýrken her bir faaliyet türünün aðýrlýðý için belirlenen üst sýnýr nedir?;"Yönetmelik uyarýnca, akademik teþvik toplam puanýnýn hesaplanmasýnda; her bir akademik faaliyet türünün (proje, araþtýrma, yayýn, tasarým, sergi, patent, atýf, teblið, ödül) aðýrlýðý toplam puanýn %30’unu geçemez; yani bir araþtýrmacý tek bir faaliyet türünden (örneðin sadece yayýnlardan) 100 puan toplasa dahi, bu puanýn teþvik puanýna katkýsý en fazla 30 puan olarak yansýtýlýr; toplam akademik teþvik puaný ise hiçbir durumda 100 puaný aþamaz; bu kural araþtýrmacýlarý akademik faaliyetlerini çeþitlendirmeye yönlendirmek amacýyla konulmuþtur; hesaplamalar Faaliyet Hesaplama Tablosu (Tablo 4) üzerinden bu sýnýrlar gözetilerek yapýlýr.";[Yönetmelik];Madde 1(1) / Madde 8(3);puan|üst sýnýr|yüzde otuz|aðýrlýk;hard
128;Fýrat Üniversitesi takvimine göre kesinleþen akademik teþvik listeleri ne zaman ve hangi amaçla harcama birimlerine bildirilir?;"Akademik teþvik itiraz süreci tamamlandýktan ve nihai kararlar baðlandýktan sonra; 06 Þubat 2026 tarihinde kesin listeler oluþturulur; bu listeler, hak kazanan öðretim elemanlarýna ödeme yapýlabilmesi amacýyla üniversitenin ilgili harcama birimlerine (Strateji Geliþtirme Daire Baþkanlýðý veya ilgili tahakkuk birimleri) bildirilir; bu bildirim sonucunda ödeme süreci resmileþmiþ olur; ödemeler ise bu listeler esas alýnarak 15 Þubat 2026 tarihinden itibaren on iki ay boyunca her ayýn on beþinde gerçekleþtirilir; bu tarih takvimdeki tüm idari sürecin sona erdiðini iþaret eder.";[Takvim];06 Þubat 2026;kesin liste|ödeme|harcama birimi|takvim;easy
129;TÜBÝTAK 1002 (Hýzlý Destek Programý) projelerinin akademik teþvik puanlamasýndaki durumu nedir?;"Akademik Teþvik Ödeneði Yönetmeliði ve Baþvuru Rehberi'nin 7. maddesi uyarýnca; TÜBÝTAK-1002 projeleri akademik teþvik puanlamasý kapsamýnda 'kapsam dýþý' býrakýlmýþtýr; sadece TÜBÝTAK’ýn akademik destekleri olan 1001, 1003, 1004, 1005, 1505, 2244, 3501 ve COST gibi programlar puanlamaya dahil edilir; araþtýrmacýlarýn 1002 kapsamýndaki faaliyetlerini beyan etmemeleri gerekmektedir; benzer þekilde sanayi, kamu ve giriþimcilik odaklý diðer TÜBÝTAK destekleri de deðerlendirmeye alýnmaz; projelerin kapsam dahilinde olup olmadýðý projenin tür koduna ve rehberdeki listeye göre denetlenir.";[Baþvuru Rehberi] | [Yönetmelik];Madde 7(2) / Madde 12;tübitak|1002|kapsam dýþý|proje;med
130;Akademik teþvik puaný hesaplanýrken iki isimli bir yayýn (makale veya kitap) için 'k' katsayýsý kaç olarak uygulanýr?;"Çok isimli yayýnlarda (makale, derleme, kitap veya kitap bölümü), teblið ve patentler için kiþi sayýsýna göre deðiþen (k) katsayýsý uygulanýr; yönetmeliðin 8. maddesinde yer alan Tablo 1'e göre; faaliyette iki kiþi bulunmasý durumunda her bir araþtýrmacý için (k) katsayýsý 0,8 olarak alýnýr; bu katsayý faaliyetin türüne göre belirlenen temel puan ile çarpýlýr; tek yazarlý eserlerde bu katsayý tam puan (1) iken, yazar sayýsý arttýkça katsayý düþmektedir (3 kiþi için 0,6; 4 kiþi için 0,45 gibi); hesaplamalarda isim sýrasýna bakýlmaksýzýn tüm yazarlar için ayný katsayý uygulanýr.";[Yönetmelik];Madde 8(4) / Tablo 1;k katsayýsý|iki isimli|yayýn|puanlama;easy
131;Tasarým faaliyetinin teþvik kapsamýnda deðerlendirilebilmesi için gereken 'ticarileþme' veya 'uygulama' þartý nasýl belgelenmelidir?;"Tasarýmýn deðerlendirilebilmesi için; bilim, teknoloji ve sanata katký saðlayýcý nitelikte olmasý ve kamu kurumlarý veya özel hukuk tüzel kiþileriyle yapýlan bir sözleþme uyarýnca uygulanmýþ veya ticarileþtirilmiþ olmasý þarttýr; bu durumu kanýtlamak için FUATS sistemine tasarým dosyasýnýn yaný sýra uygulama sözleþmesi, fatura veya ticarileþme belgesi gibi resmi dökümanlar yüklenmelidir; tescil edilmiþ tasarýmlar için tescil belgesi yeterlidir; tasarýmýn sonuçlandýðý tarihin 2025 yýlý olmasý zorunludur; araþtýrmacýnýn kendi uzmanlýk alaný dýþýndaki tasarýmlar veya ticarileþmeyen sadece çizim aþamasýndaki çalýþmalar puanlamaya dahil edilmez.";[Yönetmelik] | [Baþvuru Rehberi];Madde 7(5) / Madde 30;tasarým|ticarileþme|sözleþme|belge;med
132;Bir serginin 'uluslararasý' kategoride puanlanabilmesi için üniversite bünyesinde hangi onay sürecinden geçmesi gerekir?;"Bir serginin uluslararasý nitelikte sayýlabilmesi için; serginin uluslararasý olduðunun ilgili bölüm, anabilim dalý veya anasanat dalý kurullarýnca onaylanmýþ olmasý ve buna dair bir kurul kararýnýn bulunmasý þarttýr; bu karar belgesinin bir örneði FUATS sistemine kanýt olarak yüklenmelidir; kurul onayý bulunmayan sergiler, yurt dýþýnda gerçekleþtirilmiþ olsa dahi uluslararasý kategoride deðerlendirilmeyebilir; sergilerde sanata katký saðlayýcý nitelik aranýr ve serginin açýldýðý tarih (2025) esas alýnýr; ayrýca serginin tamamlandýðý tarih ile ilgili kanýtlar (katalog, davetiye vb.) dosyaya eklenmelidir.";[Yönetmelik] | [Baþvuru Rehberi];Madde 7(6) / Madde 31;sergi|uluslararasý|kurul kararý|onay;hard
133;Atýf faaliyetlerinde 'self-citation' (öz-atýf) neden puanlama dýþý býrakýlmýþtýr ve bu durum nasýl denetlenir?;"Akademik teþvik sisteminde atýf; araþtýrmacýnýn yazar olarak yer almadýðý yayýnlarda kendi eserlerine yapýlan atýflarý ifade eder; araþtýrmacýnýn kendi yayýnlarýna yaptýðý atýflar (self-citation) bilimsel etkinin objektif ölçülmesi amacýyla kapsam dýþý býrakýlmýþtýr; denetim sürecinde; atýf yapan eserin yazar listesi ile atýf yapýlan eserin yazar listesi karþýlaþtýrýlýr; herhangi bir ortak yazar bulunmasý durumunda o atýf puanlamaya dahil edilmez; baþvuru sahiplerinin WOS veya diðer indekslerden aldýklarý atýf listelerinde kendilerine ait atýflarý ayýklamalarý ve sadece 'baþka araþtýrmacýlar' tarafýndan yapýlanlarý beyan etmeleri zorunludur.";[Yönetmelik] | [Baþvuru Rehberi];Madde 7(8) / Madde 37;atýf|self-citation|öz-atýf|kapsam dýþý;med
134;Akademik teþvik ödeneði ödemeleri sürerken baþka bir yükseköðretim kurumuna naklen atanan öðretim elemanýnýn ödemesi nasýl devam eder?;"Akademik teþvik ödemeleri sürerken kurum deðiþtiren öðretim elemanlarýnýn ödemeleri; atandýklarý yeni yükseköðretim kurumlarý tarafýndan yapýlmaya devam edilir; bu süreçte araþtýrmacýnýn önceki kurumundan aldýðý teþvik puaný ve hak ediþ bilgileri yeni kurumuna iletilir; ödeme, 12 aylýk sürenin kalan kýsmý için yeni kurumun bütçesinden karþýlanýr; ancak bu durum sadece devlet yükseköðretim kurumlarý arasýndaki geçiþlerde geçerlidir; devletten vakýf üniversitesine geçenlerin ödemesi kesilir; araþtýrmacýlarýn kurum deðiþikliði durumunu her iki üniversitenin tahakkuk birimlerine bildirmeleri ödeme sürekliliði açýsýndan önemlidir.";[Yönetmelik];Madde 10(4);kurum deðiþikliði|ödeme|naklen atama|yeni kurum;easy
135;Tebliðlerin sunulduðu etkinliðin uluslararasý sayýlabilmesi için katýlýmcý ülkelerle ilgili hangi sayýsal kriter aranmaktadýr?;"Tebliðin sunulduðu yurt içi veya yurt dýþý etkinliðin uluslararasý nitelik kazanmasý için; Türkiye dýþýnda en az beþ farklý ülkeden sözlü teblið sunan konuþmacýnýn katýlým saðlamýþ olmasý þarttýr; sadece beþ yabancý katýlýmcýnýn olmasý yeterli deðildir, bu katýlýmcýlarýn farklý ülkeleri temsil etmesi esastýr; ayrýca etkinlikteki toplam tebliðlerin yarýdan fazlasýnýn Türkiye dýþýndan katýlan araþtýrmacýlar tarafýndan sunulmuþ olmasý zorunludur; bu iki kriterden herhangi biri saðlanmadýðý takdirde etkinlik uluslararasý olarak kabul edilmez ve puan verilmez; katýlýmcý listesi ve ülkeleri FUATS sistemine kanýt olarak yüklenmelidir.";[Yönetmelik] | [Baþvuru Rehberi];Madde 7(9) / Madde 42;teblið|uluslararasý|ülke sayýsý|katýlýmcý;hard
136;Hangi tür ödüller akademik teþvik puanlamasý kapsamýnda 'kapsam dýþý' olarak belirtilmiþtir?;"Tebliðler için verilen ödüller, dergi hakemlikleri dolayýsýyla yayýnevleri veya dergiler tarafýndan verilen ödüller, yayýn teþvik ödülleri, teþekkür ve baþarý belgeleri, plaketler, burslar ve onur belgeleri kapsam dýþýdýr; ayrýca öðretim elemanýnýn kadrosunun bulunduðu kendi üniversitesi tarafýndan verilen ödüller ile mansiyon ödülleri de deðerlendirmeye alýnmaz; ödülün puanlanabilmesi için araþtýrmacýnýn alaný ile ilgili olmasý, 2025 yýlýnda verilmiþ olmasý ve sürekli düzenlenen (en az 5 kez verilmiþ) bir bilim ödülü niteliði taþýmasý þarttýr; bu kriterleri saðlamayan ve belgelendirilmeyen ödüller komisyonca reddedilir.";[Yönetmelik] | [Baþvuru Rehberi];Madde 45 / Madde 7(10);ödül|kapsam dýþý|mansiyon|üniversite ödülü;med
137;Akademik teþvik baþvurusu sýrasýnda sunulan belgelerin gerçeðe aykýrý olduðunun ödeme sonrasýnda tespit edilmesi halinde ne yapýlýr?;"Ödeme yapýldýktan sonra dahi, faaliyetlerin gerçeðe aykýrý olduðu veya yönetmelik kapsamýna girmediði tespit edilirse; araþtýrmacýya yapýlan tüm ödemeler kanuni faiziyle birlikte geri alýnýr; ayrýca yanlýþ veya yanýltýcý bildirimde bulunan öðretim elemanlarý hakkýnda komisyonun bildirimi ile idari inceleme baþlatýlýr; inceleme sonucunda gerek görülmesi halinde genel hükümler çerçevesinde cezai müeyyideler uygulanýr; araþtýrmacýlar beyan ettikleri bilgilerin doðruluðundan þahsen sorumlu olup, imzalý sistem çýktýlarý bu sorumluluðun kanýtý sayýlýr; bu hüküm sistemin suistimal edilmesini önlemeye yöneliktir.";[Yönetmelik];Madde 10(5);yanlýþ beyan|geri alma|kanuni faiz|soruþturma;hard
138;Yurt dýþý araþtýrma faaliyetlerinde puan hesaplamasý hangi katsayý ve süre birimi üzerinden yapýlmaktadýr?;"Yurt dýþý araþtýrma faaliyetleri ay üzerinden deðerlendirilir; her bir ay için faaliyet hesaplama tablosunda belirlenen katsayý 15 puandýr; örneðin 4 ay süren bir yurt dýþý araþtýrmasý 15 x 4 = 60 oranýna ulaþýr; ancak araþtýrma kategorisinin toplam teþvik puanýna katkýsý 15 puan ile sýnýrlandýrýlmýþtýr; faaliyetin puanlanabilmesi için en az dört ay sürmesi, üniversite yönetim kurulu izniyle yapýlmasý ve yurt dýþýndaki kurumdan alýnan onaylý sonuç raporunun sunulmasý þarttýr; iki aydan az süren veya 2025 yýlý dýþýndaki araþtýrmalar puanlamaya dahil edilmez; yurt içi araþtýrmalarda bu katsayý ay baþýna 10 puandýr.";[Yönetmelik] | [Baþvuru Rehberi];Tablo 4 (2. Araþtýrma) / Madde 7(3);yurt dýþý araþtýrma|ay katsayýsý|süre|puanlama;med
139;SCI, SCI-Expanded, SSCI ve AHCI kapsamýndaki dergilerde yayýmlanan 'kýsa makale' (editöre mektup, teknik not vb.) türleri nasýl puanlanýr?;"Bu tür kýsa makalelerin (editöre mektup, yorum, vaka takdimi, teknik not, araþtýrma notu ve kitap eleþtirisi) puanlanabilmesi için dergide müstakil olarak yayýmlanmýþ olmasý þarttýr; hesaplamada, ilgili derginin Q deðerine göre belirlenen araþtýrma makalesi puanýnýn yarýsý uygulanýr; örneðin A1 alanýndaki bir dergi için tam makale 60 puan (k*p*60) ise, kýsa makale 30 puan (k*p*30) üzerinden deðerlendirilir; özetler veya tam metni yayýmlanmamýþ bildiriler bu kapsamda deðerlendirilmez; yayýnlarýn 2025 yýlýnda basýlmýþ veya dijital ortamda cilt/sayfa numarasý alarak yayýmlanmýþ olmasý zorunludur.";[Yönetmelik];Madde 8(6) / Tablo 4 (3. Yayýn);kýsa makale|vaka takdimi|editöre mektup|puanlama;hard
140;Dergilerin 'Diðer uluslararasý hakemli dergiler' kategorisinde deðerlendirilebilmesi için yayýn hayatý ile ilgili þart nedir?;"Bir derginin bu kategoride kabul edilebilmesi için; en az beþ yýldýr yýlda en az bir sayý ile düzenli olarak yayýmlanýyor olmasý þarttýr; ayrýca derginin editör veya yayýn kurulunun uluslararasý olmasý, bilimsel deðerlendirme sürecinin internet sayfasýnda ilan edilmiþ olmasý ve yayýmlanan makalelerin künyelerine internet üzerinden ulaþýlabilmesi gerekir; yayýn hayatý beþ yýldan az olan dergilerde yayýmlanan makaleler teþvik kapsamý dýþýnda tutulur; baþvuru sahibi derginin bu þartlarý saðladýðýný gösteren arþiv bilgilerini veya internet adresi çýktýsýný FUATS sistemine yüklemek zorundadýr.";[Yönetmelik] | [Baþvuru Rehberi];Madde 7(4) / Madde 21;dergi|yayýn süresi|uluslararasý|kriter;med
141;Akademik teþvik puaný hesaplanýrken her bir faaliyet türü için belirlenen (oran/kiþi sayýsý) kuralýnýn istisnasý nedir?;"Normal þartlarda özel bir paylaþým oraný olmayan faaliyetlerde puan kiþi sayýsýna bölünür; ancak 'sergi' faaliyet türündeki karma etkinlikler ile 'uluslararasý boyutta performansa dayalý yayýmlanmýþ karma ses ve/veya görüntü kayýtlarý' için bu kural uygulanmaz; bu iki faaliyet türünde kiþi sayýsýna bakýlmaksýzýn her bir katýlýmcýya tam puan verilir; bu durum sanatsal kolektif üretimleri teþvik etmek amacýyla yönetmeliðin 8. maddesinde özel olarak düzenlenmiþtir; diðer tüm kategorilerde (makale, teblið, patent vb.) yazar veya katýlýmcý sayýsýna göre belirlenen k katsayýsý uygulanmaya devam eder.";[Yönetmelik];Madde 8(7);kiþi sayýsý|karma etkinlik|istisna|puanlama;hard
142;Sergi faaliyetlerinde 'tekrarlayan etkinlikler' için uygulanan puanlama kýsýtlamasý nasýldýr?;"Ayný yýl içerisinde tekrar eden sergi, konser, festival ve gösteri gibi etkinliklerin puanlanmasýnda en fazla iki etkinlik dikkate alýnýr; ilk etkinlik tam puan üzerinden deðerlendirilirken, ikinci tekrar etkinlik için mevcut faaliyet puanýnýn yarýsý (%50) verilir; ikiden fazla tekrar eden ayný içerikli etkinlikler için hiçbir þekilde puanlama yapýlmaz; bu kural araþtýrmacýnýn ayný eserle mükerrer puan toplamasýný engellemek amacýyla getirilmiþtir; her iki etkinliðin de tarih, yer ve içerik bilgilerini gösteren belgelerin (afiþ, katalog vb.) ayrý ayrý FUATS sistemine yüklenmesi zorunludur.";[Yönetmelik] | [Baþvuru Rehberi];Madde 7(6) / Madde 32;sergi|tekrar|puanlama|kýsýtlama;med
143;Tebliðlerin sunulduðu etkinliðin uluslararasý niteliðini ödemeye esas teþkil edecek þekilde hangi makam onaylar?;"Bir tebliðin uluslararasý kategoride puanlanabilmesi için; etkinliðin uluslararasý nitelik taþýdýðýna dair Üniversite Yönetim Kurulu Kararý'nýn olmasý þarttýr; bu karar ödemeye esas teþkil eden temel resmi belgedir; beþ farklý ülkeden katýlým saðlanmýþ olsa dahi, yönetim kurulu kararý bulunmayan etkinlikler uluslararasý nitelikte sayýlmaz; araþtýrmacýlar baþvurularýnda bu kararýn bir örneðini veya ilgili birimden alýnan teyit yazýsýný kanýt olarak sunmalýdýr; üniversite senatosu veya yönetim kurullarý her yýl bu tür bilimsel toplantýlarýn kriterlerini ve onaylý listelerini belirleme yetkisine sahiptir.";[Yönetmelik] | [Baþvuru Rehberi];Madde 7(9) / Madde 40;yönetim kurulu|onay|uluslararasý|teblið;med
144;YÖK Yýlýn Doktora Tezi Ödülü alan bir araþtýrmacýnýn ödül puaný ve oraný nasýl hesaplanýr?;"YÖK Yýlýn Doktora Tezi Ödülü, ödül kategorisindeki en yüksek dereceli faaliyetlerden biridir; Faaliyet Hesaplama Tablosu'na (Tablo 4) göre bu ödül için faaliyet oraný %100 olarak belirlenmiþtir; bu oran ödül kategorisinin temel puaný olan 20 ile çarpýldýðýnda araþtýrmacý doðrudan 20 tam puan elde eder; bu puan araþtýrmacýnýn toplam teþvik puanýna eklenir (kategori üst sýnýrý olan 30 puaný geçemez); ödülün 2025 yýlýnda alýnmýþ olmasý ve onaylý belgesinin sisteme yüklenmesi þarttýr; doktora tezinin kendisi yayýn olarak puanlanmazken, bu prestijli ödül teþvik kapsamýna dahil edilmiþtir.";[Yönetmelik];Tablo 4 (9. Ödül);yök ödülü|doktora tezi|puanlama|ödül;hard
145;Akademik teþvik ödeneði baþvurusu sýrasýnda 'YÖKSÝS Çýktýsý' neden her sayfa imzalý olarak teslim edilmelidir?;"YÖKSÝS çýktýsýnýn her sayfasýnýn imzalanmasý; araþtýrmacýnýn sisteme girdiði tüm akademik faaliyet verilerinin doðruluðunu beyan etmesi ve bu verilerin sorumluluðunu üstlenmesi anlamýna gelir; imzalanmamýþ çýktýlar resmi belge niteliði taþýmadýðý için birim komisyonlarý tarafýndan iþleme alýnmaz ve baþvuru geçersiz sayýlýr; benzer þekilde FUATS sistem çýktýsý da her sayfasý imzalý olarak sunulmalýdýr; bu imzalý belgeler, olasý bir itiraz veya yanlýþ beyan incelemesinde araþtýrmacýnýn resmi taahhüdü olarak kullanýlýr; baþvuru sahiplerinin mavi kalemle ýslak imza atmalarý ve belgeleri süresinde teslim etmeleri zorunludur.";[Baþvuru Rehberi];Madde 8 / Sayfa 3;imza|yöksis|sorumluluk|belge;easy
146;Alan indeksleri kapsamýndaki dergilerde yayýmlanan araþtýrma makaleleri için hangi temel alanlarda puanlama yapýlýr?;"Alan indeksi üzerinden puanlama sadece; Eðitim Bilimleri, Mimarlýk, Planlama ve Tasarým, Sosyal, Beþeri ve Ýdari Bilimler ile Spor Bilimleri temel alanlarý için geçerlidir; bu temel alanlar dýþýndaki (Fen Bilimleri, Mühendislik vb.) branþlarda alan indeksi puanlamasý uygulanmaz; araþtýrmacýlarýn makalelerinin yayýmlandýðý derginin ilgili alan indeksine girdiðini gösteren ÜAK (Üniversitelerarasý Kurul) onaylý belgeyi sisteme yüklemeleri þarttýr; bu kategori için belirlenen katsayýlar (A1/A3 için k*20, A2/A4 için k*25) tabloya göre uygulanýr; ÜAK kriterlerinde alan indeksi yer almayan branþlarda bu puanlama yapýlamaz.";[Baþvuru Rehberi] | [Yönetmelik];Madde 26 / Tablo 4;alan indeksi|üak|temel alanlar|makale;hard
147;Patent faaliyetlerinde 'ulusal incelemesiz patent' türü akademik teþvik kapsamýnda deðerlendirilir mi?;"Akademik Teþvik Ödeneði Yönetmeliði'nin 7. maddesinin 7. fýkrasýna göre; ulusal incelemesiz patentler deðerlendirme kapsamý dýþýndadýr; sadece Türk Patent ve Marka Kurumu tarafýndan inceleme raporu sonucunda verilen incelemeli ulusal patentler puanlamaya dahil edilir; uluslararasý patentlerde ise patentlenebilirlik kriterlerini saðladýðýný gösteren resmi rapor þartý aranýr; araþtýrmacýlarýn patent tescil belgelerini sunarken inceleme raporunu veya patentin 'incelemeli' olduðunu gösteren ibareyi de belgelemeleri gerekmektedir; tescil edilmemiþ veya sadece baþvuru aþamasýnda kalmýþ patentler de puanlanmaz.";[Yönetmelik] | [Baþvuru Rehberi];Madde 7(7) / Madde 34;patent|incelemesiz|kapsam dýþý|tescil;med
148;Teblið faaliyetlerinde 'tam metin' zorunluluðu ve özet metinlerin durumu hakkýnda kural nedir?;"Akademik teþvik kapsamýnda bir tebliðin deðerlendirilebilmesi için; tebliðin elektronik veya basýlý olarak etkinlik kitapçýðýnda yer almasý ve 'tam metin' (full text) olarak yayýmlanmýþ olmasý zorunludur; sadece özet metin (abstract) olarak yayýmlanan bildiriler kesinlikle kapsam dýþýdýr ve puan verilmez; araþtýrmacýnýn FUATS sistemine bildiri tam metnini ve kitabýn künyesini (kapak, içindekiler vb.) yüklemesi þarttýr; ayrýca tebliðin sunulduðunu gösteren katýlým belgesi de dosyaya eklenmelidir; bu kural bilimsel etkinliðin derinliðini ve akademik paylaþýmýn somut çýktýsýný denetlemek amacýyla uygulanýr.";[Yönetmelik] | [Baþvuru Rehberi];Madde 7(9) / Madde 41;teblið|tam metin|özet metin|kapsam dýþý;easy
149;Akademik teþvik ödemeleri ne zaman baþlar ve ne kadar süre boyunca devam eder?;"Teþvik ödemeleri; her yýl gerçekleþtirilen faaliyetlerin deðerlendirilmesi sonucunda oluþan kesin listeler esas alýnarak, bir sonraki yýlýn (2026 yýlý) 15 Þubat tarihinden itibaren baþlatýlýr; bu ödemeler on iki ay boyunca her ayýn on beþinde araþtýrmacýlarýn banka hesaplarýna yatýrýlýr; yani Þubat 2026'da baþlayan ödeme süreci Ocak 2027'de sona erer; ödeme miktarý araþtýrmacýnýn unvanýna ve aldýðý teþvik puanýna göre her ay sabit olarak tahakkuk ettirilir; kurum deðiþtirenlerin ödemeleri yeni kurumlarýnca ayný takvim üzerinden devam ettirilir; 30 puan barajýný aþamayanlara herhangi bir ödeme yapýlmaz.";[Yönetmelik];Madde 10(2b) ve 10(3);ödeme süresi|þubat|on iki ay|baraj puan;easy
150;Bilim ödüllerinin akademik teþvik kapsamýnda deðerlendirilebilmesi için 'sürekli' olmasý ne anlama gelmektedir?;"Bir bilim ödülünün teþvik puanlamasýna dahil edilebilmesi için; ödülün daha önce en az beþ kez verilmiþ olmasý ve düzenli (sürekli) olarak verildiðinin belgelenmesi þarttýr; ilk kez verilen veya süreklilik arz etmeyen ödüller deðerlendirmeye alýnmaz; ayrýca ödülün ilgili kurumun internet sayfasýndan duyurulmuþ olmasý ve akademik aðýrlýklý bir deðerlendirme jürisi tarafýndan verilmiþ olmasý gerekir; baþvuru sahibi ödülün geçmiþ yýllardaki veriliþ tarihlerini veya sayýsýný gösteren kanýtlarý FUATS sistemine yüklemelidir; ayný çalýþma nedeniyle alýnan farklý ödüllerden sadece bir tanesi için puanlama yapýlýr.";[Yönetmelik] | [Baþvuru Rehberi];Madde 7(10) / Madde 44;ödül|süreklilik|beþ kez|jüri;med
151;Akademik teþvik baþvuru takvimine göre birimlerin evraklarý üst komisyona gönderme tarihi hangisidir?;"Fýrat Üniversitesi takvimine göre; Dekanlýklar veya Müdürlükler tarafýndan onaylanan ilgili baþvuru evraklarýnýn (birim komisyon raporlarý ve imzalý çýktýlar) Akademik Teþvik Düzenleme, Denetleme ve Ýtiraz Komisyonu'na gönderilmesi gereken son tarih 16 Ocak 2026'dýr; birimler 15 Ocak tarihinde kendi sistem giriþlerini tamamladýktan sonra evrak sevkiyatýný yapmalýdýr; bu tarihten sonra gönderilen evraklar üst komisyonun deðerlendirme sürecini (17-24 Ocak) aksatacaðý için kabul edilmeyebilir; idari gecikmelerden birim yönetimleri sorumludur; sürecin zamanýnda tamamlanmasý 15 Þubat'taki ilk ödeme için kritiktir.";[Takvim];16 Ocak 2026;evrak teslimi|takvim|birim|son tarih;easy
152;SCI, SCI-Expanded, SSCI ve AHCI kapsamýndaki dergilerde editörlük faaliyeti için verilen sabit puan kaçtýr?;"Akademik Teþvik Ödeneði Yönetmeliði'nin Faaliyet Hesaplama Tablosuna (Tablo 4) göre; SCI, SCI-Expanded, SSCI ve AHCI kapsamýndaki dergilerde editörlük yapan öðretim elemanlarýna branþ farký gözetmeksizin (A1, A2, A3, A4 alanlarýnýn tamamýnda) sabit 25 puan verilir; bu puan editörlük kategorisinin üst sýnýrý olan 30 puan içerisinde deðerlendirilir; araþtýrmacýnýn sadece bir dergideki editörlüðü puanlanýr ve çok editörlü dergilerde sadece 'baþ editör' olanlar bu puandan yararlanabilir; yardýmcý editörlükler veya kurul üyelikleri için puan verilmez; editörlük belgesinin ve dergi indeks bilgilerinin sisteme yüklenmesi zorunludur.";[Yönetmelik];Tablo 4 (3. Yayýn);editörlük|sci|puan|baþ editör;med
153;Atýf faaliyetlerinde 'baþka araþtýrmacýlar tarafýndan yayýmlanmýþ çalýþma' þartý neyi ifade eder?;"Atýf puaný alýnabilmesi için; araþtýrmacýnýn kendi eserine kendisinin atýf yapmamasý (self-citation yasaðý) esastýr; sadece araþtýrmacýnýn yazar listesinde yer almadýðý, tamamen farklý yazar gruplarý tarafýndan yayýmlanmýþ çalýþmalardaki atýflar geçerli sayýlýr; eðer atýf yapan eserin yazarlarýndan herhangi biri, atýf yapýlan eserin de yazarý ise bu durum öz-atýf kabul edilir ve puan verilmez; denetimler yazar isimlerinin eþleþtirilmesi yoluyla yapýlýr; araþtýrmacýlar beyan ettikleri atýf listelerinde bu ayrýmý yaparak sadece 'baþka araþtýrmacýlara' ait olanlarý sisteme girmelidir; bu kural atýfýn tarafsýzlýðýný korumak içindir.";[Yönetmelik] | [Baþvuru Rehberi];Madde 36 / Madde 7(8);atýf|self-citation|baþka araþtýrmacý|denetim;med
154;Tanýnmýþ uluslararasý yayýnevi kriterleri arasýnda yer alan 'Türkçe dýþýndaki dillerde yayýn' þartý neyi kapsar?;"Yönetmeliðin 3. maddesinin (l) bendi uyarýnca; bir yayýnevinin tanýnmýþ uluslararasý yayýnevi sayýlabilmesi için Türkçe dýþýndaki dillerde ayný alanda farklý yazarlara ait en az yirmi kitap yayýmlamýþ olmasý þarttýr; Danýþtay kararlarý ve yönetmelik güncellemeleri ile getirilen bu þart, yayýnevinin uluslararasý hitap gücünü kanýtlamayý amaçlar; sadece Türkçe kitap yayýmlayan bir yayýnevi, yurt dýþýnda merkezi olsa dahi bu kategoride deðerlendirilmeyebilir; baþvuru sahibi yayýnevinin farklý dillerdeki kitap listesini veya bu durumu teyit eden katalog bilgilerini FUATS sistemine yüklemekle yükümlüdür; bu kriter tam puan alacak kitaplarýn niteliðini belirler.";[Yönetmelik];Madde 3(l);uluslararasý yayýnevi|dil þartý|kitap|yayýn;hard
155;Tebliðlerde 'beþ yabancý katýlýmcý' bulunmasý tek baþýna uluslararasý nitelik için yeterli midir?;"Hayýr, sadece beþ yabancý konuþmacýnýn veya katýlýmcýnýn olmasý uluslararasý nitelik için yeterli deðildir; yönetmelik ve rehber hükümlerine göre; bu katýlýmcýlarýn en az beþ farklý ülkeden gelmesi þarttýr; yani beþ katýlýmcýnýn tamamý ayný ülkeden geliyorsa etkinlik uluslararasý sayýlmaz; ek olarak, sunulan toplam bildirilerin yarýsýndan fazlasýnýn Türkiye dýþýndan katýlan araþtýrmacýlar tarafýndan sunulmuþ olmasý kriteri de aranýr; her iki þartýn (ülke çeþitliliði ve yabancý katýlýmcý oraný) ayný anda saðlanmasý zorunludur; bu kriterlerin saðlandýðýný gösteren katýlýmcý listesi ve program dökümanlarý FUATS'a yüklenmelidir.";[Baþvuru Rehberi] | [Yönetmelik];Madde 42 / Madde 7(9);teblið|uluslararasý|katýlýmcý|ülke sayýsý;med
156;Akademik teþvik baþvurusu sýrasýnda sunulan 'Bilimsel Kurul Deðerlendirme Raporu' hangi projeler için istenmez?;"Baþvuru Rehberi'nin 13. maddesi uyarýnca; FUATS sistemine yüklenmesi gereken belgeler arasýnda yer alan 'Bilimsel Kurul Deðerlendirme Raporlarý' TÜBÝTAK projeleri için geçerli deðildir ve bu projeler için istenmez; TÜBÝTAK projeleri için sadece projenin sonuçlandýðýný veya baþarýyla kapatýldýðýný gösteren onaylý belgenin sunulmasý yeterlidir; ancak TÜBÝTAK dýþýndaki ulusal veya uluslararasý özel/resmi kurumlarca desteklenen projeler için bu deðerlendirme raporunun sunulmasý zorunlu olabilir; proje belgeleri yüklenirken sistemdeki uyarýlar ve proje türüne göre belirlenen evrak listesi dikkate alýnmalýdýr; eksik belge faaliyeti reddedilme riskine sokar.";[Baþvuru Rehberi];Madde 13 / Proje Belgeleri;tübitak|proje|bilimsel kurul|belge;med
157;Dört aydan az süren araþtýrma faaliyetlerinin teþvik puanlamasýndaki durumu nedir?;"Akademik Teþvik Ödeneði Yönetmeliði'nin 7. maddesinin 3. fýkrasý uyarýnca; dört aydan az süren araþtýrmalar kesinlikle deðerlendirmeye alýnmaz ve puanlanmaz; araþtýrmanýn puanlanabilmesi için asgari dört ay boyunca kurum dýþýnda tam zamanlý olarak yürütülmüþ olmasý þarttýr; süre hesaplamasýnda resmi görevlendirme yazýsýndaki baþlangýç ve bitiþ tarihleri esas alýnýr; eylem planý, fizibilite raporu ve envanter çalýþmasý gibi sistematik olmayan faaliyetler de süreye bakýlmaksýzýn araþtýrma kapsamýnda deðerlendirilmez; araþtýrmacýlarýn süre þartýný kanýtlayan onaylý sonuç raporlarýný ve görevlendirme belgelerini FUATS sistemine eksiksiz yüklemeleri gerekmektedir.";[Yönetmelik] | [Baþvuru Rehberi];Madde 16 / Madde 7(3);araþtýrma süresi|dört ay|kapsam dýþý|görevlendirme;med
158;Müzik ve Konservatuvar bölümleri için performansa dayalý kayýtlarda 'bandrol' þartý neden aranmaktadýr?;"Baþvuru Rehberi'nin 28. maddesine göre; müzik ve konservatuvar bölümlerindeki öðretim elemanlarýnýn kiþisel veya karma ses/görüntü kayýtlarýnýn deðerlendirilebilmesi için CD, DVD veya benzeri ortamdaki kayýtlara yönelik bandrol verildiðini gösteren belgenin sunulmasý zorunludur; bandrol, çalýþmanýn yayýmlandýðýný, telif haklarýnýn korunduðunu ve resmi olarak daðýtýma çýktýðýný kanýtlayan yasal bir unsurdur; bandrolü bulunmayan veya yayýmlanmamýþ sadece stüdyo kaydý aþamasýnda kalan çalýþmalar teþvik kapsamýnda 'yayýn' olarak kabul edilmez; belgelerin 2025 yýlýna ait olmasý ve ulusal veya uluslararasý niteliðinin belirtilmesi þarttýr.";[Baþvuru Rehberi];Madde 28 / Yayýn Belgeleri;bandrol|ses kaydý|müzik|konservatuvar;hard
159;TÜBÝTAK 1001 projesinde yürütücü olan bir profesörün (A1 alaný) alacaðý puan nasýl hesaplanýr?;"TÜBÝTAK 1001 projeleri için Tablo 4'te belirlenen oran r x 80'dir; projenin yürütücüsü olduðu için r=1 katsayýsý uygulanýr (1 x 80 = 80); bu oran proje kategorisinin puaný olan 20 ile çarpýlýr (80% x 20 = 16 puan); ancak bu puan toplam teþvik puanýna eklenecek nihai puan olup kategori üst sýnýrý olan 30 puanýn altýndadýr; dolayýsýyla araþtýrmacý bu projeden 16 tam puan alýr; eðer araþtýrmacý ayný yýl baþka bir projede de yer almýþsa puanlar toplanýr ancak toplam 30'u geçemez; projenin 2025 yýlýnda baþarýyla sonuçlanmýþ ve raporunun onaylanmýþ olmasý tüm hesaplamalar için ön koþuldur.";[Yönetmelik];Tablo 4 (1. Proje) / Madde 8(5);tübitak 1001|proje|yürütücü|hesaplama;hard
160;Akademik teþvik baþvurusu sýrasýnda 'Kurum Deðiþikliði Beyan Formu' kimler tarafýndan sunulmalýdýr?;"Öðretim elemaný 2025 yýlý içerisinde baþka bir kurumdan naklen gelmiþse veya yýlýn bir kýsmýný farklý bir yükseköðretim kurumunda geçirmiþse; araþtýrmacýnýn önceki kurumda gerçekleþtirdiði faaliyetleri ve mevcut üniversitemizde (Fýrat Üniversitesi) gerçekleþtirdiði faaliyetleri ayrýntýlý olarak belirten 'Kurum Deðiþikliði Beyan Formu'nu sunmasý zorunludur; bu form faaliyetlerin gerçekleþtiði yerin ve zamanýn doðrulanmasýný saðlar; ayrýca YÖKSÝS çýktýsýnda da her bir faaliyetin hangi kurumda yapýldýðý açýkça görülmelidir; bu dökümanlar birim komisyonunun deðerlendirme yetkisini ve faaliyetlerin uygunluðunu denetlemesi için temel dayanaktýr.";[Baþvuru Rehberi];Madde 8 / Sayfa 8;kurum deðiþikliði|beyan formu|naklen atama|yöksis;med
161;Akademik teþvik baþvurusu sýrasýnda hazýrlanan itiraz dilekçelerinin teslim yöntemi ve teslim edileceði makam hangisidir?;"Akademik Teþvik Düzenleme, Denetleme ve Ýtiraz Komisyonu tarafýndan ilan edilen sonuçlara yönelik itiraz dilekçeleri; 26-30 Ocak 2026 tarihleri arasýnda Rektör Yardýmcýlýðý Makamýna þahsen ve elden teslim edilmek zorundadýr; posta, kargo veya e-posta yoluyla yapýlan itiraz baþvurularý geçersiz sayýlýr ve deðerlendirmeye alýnmaz; itiraz süreci beþ iþ günü ile sýnýrlýdýr; dilekçelerin zamanýnda teslim edilmesi araþtýrmacýlarýn sorumluluðundadýr.";[Takvim] | [Baþvuru Rehberi];26-30 Ocak 2026 / Madde 6;itiraz|dilekçe|rektör yardýmcýsý|takvim;med
162;Hangi kurumlar bünyesinde çalýþan öðretim elemanlarý akademik teþvik puanlarýnýn hesaplanmasý ve ödenmesi sürecinde bu yönetmelik hükümlerine tabidir?;"Devlet yükseköðretim kurumlarý kadrolarýnda bulunan öðretim elemanlarýnýn yaný sýra; Milli Savunma Üniversitesi, Jandarma ve Sahil Güvenlik Akademisi ile Polis Akademisi kadrolarýnda görev yapan öðretim elemanlarý da bu yönetmelik hükümlerine tabidir; bu özel kurumlardaki uygulama usulleri ilgisine göre rektör veya akademi baþkanlarý tarafýndan belirlenir; vakýf üniversitesi kadrolarý ise bu kapsamýn tamamen dýþýnda tutulmuþtur.";[Yönetmelik];Madde 1(2) / Madde 9;kapsam|milli savunma üniversitesi|polis akademisi|kadro;med
163;Devlet üniversitelerinden vakýf üniversitelerine görevlendirilen öðretim elemanlarý görevlendirme süreleri boyunca gerçekleþtirdikleri faaliyetler için teþvik alabilir mi?;"Hayýr, devlet üniversitelerinden vakýf üniversitelerine görevlendirilen öðretim elemanlarý; vakýf üniversitelerindeki görevlendirmeleri devam ettiði sürece gerçekleþtirdikleri hiçbir akademik faaliyetten dolayý teþvik baþvurusunda bulunamazlar; bu süreçte üretilen yayýnlar veya projeler puanlamaya dahil edilmez; teþvik puaný hesaplanýrken sadece devlet yükseköðretim kurumlarýndaki aktif görev süreleri esas alýnýr; bu kural araþtýrmacýnýn kadrosunun aslen nerede olduðuna bakýlmaksýzýn fiili görev yerini baz alýr.";[Baþvuru Rehberi] | [Yönetmelik];Sayfa 7 / Madde 6(7);vakýf üniversitesi|görevlendirme|kýsýtlama|baþvuru;hard
164;Akademik faaliyetlerin puanlanabilmesi için ilgili faaliyetin hangi tarih aralýðýnda gerçekleþtirilmiþ ve belgelendirilmiþ olmasý þarttýr?;"Teþvik baþvurusu yapýlacak akademik faaliyetlerin mutlaka 01 Ocak 2025 ile 31 Aralýk 2025 tarihleri arasýnda gerçekleþtirilmiþ olmasý gerekir; bu tarihler dýþýnda sonuçlandýrýlan veya yayýmlanan çalýþmalar deðerlendirmeye alýnmaz; faaliyetin belgelendirilmiþ olmasý ve tüm kanýtlayýcý dökümanlarýn bu takvim yýlýný yansýtmasý zorunludur; özellikle projelerin sonuçlanma tarihi ve yayýnlarýn basým yýlý bu kriterin denetiminde temel alýnýr.";[Baþvuru Rehberi];Sayfa 7 / Bölüm: Genel Bilgilendirme;tarih|takvim yýlý|faaliyet dönemi|belge;easy
165;Akademik teþvik puaný hesaplama formülünde yer alan 'k' katsayýsý altý kiþilik bir çalýþma için nasýl uygulanýr?;"Yönetmelikte yer alan Tablo 1'e göre; altý kiþilik bir yayýn (makale, derleme, kitap), teblið veya patent faaliyeti söz konusu olduðunda uygulanacak 'k' katsayýsý 1/6 olarak belirlenmiþtir; bu katsayý faaliyetin temel puaný ile çarpýlarak her bir yazar için geçerli olan net puaný verir; kiþi sayýsýnýn artmasýyla katsayý deðeri düþmektedir; yedi veya daha fazla katýlýmcý olduðunda ise katsayý doðrudan '1 bölü kiþi sayýsý' olarak hesaplanýr.";[Yönetmelik];Madde 8(4) / Tablo 1;katsayý|kiþi sayýsý|hesaplama|puanlama;med
166;Birim akademik teþvik baþvuru ve inceleme komisyonu üyeleri hangi kriterlere göre ve hangi makam tarafýndan seçilir?;"Birim komisyonu üyeleri; ilgili bölüm, anabilim dalý veya anasanat dalý yönetim kurulu tarafýndan seçilir; seçim sürecinde öðretim elemanlarýnýn yüksek akademik teþvik puanýna sahip olmalarý temel kriterdir; komisyon en az üç üyeden oluþur ve baþkanlýðý birim baþkaný yürütür; birimde yeterli öðretim elemaný olmamasý durumunda yakýn alanlardan görevlendirme yapýlabilir; üyelerin görev süresi iki yýl olup süresi dolanlar yeniden seçilme hakkýna sahiptir.";[Yönetmelik];Madde 5(1);komisyon|seçim|yönetim kurulu|görev süresi;med
167;Döner sermaye üzerinden yürütülen projelerin teþvik kapsamýnda deðerlendirilebilmesi için sahip olmasý gereken Ar-Ge niteliði ve bütçe þartý nedir?;"Döner sermaye üzerinden yapýlan projelerin puanlanabilmesi için; projenin mutlaka Ar-Ge niteliði taþýmasý, toplam süresinin dokuz aydan fazla olmasý ve projenin maddi desteðinin üniversiteye aktarýlmýþ olmasý þarttýr; süresi dokuz aydan az olan veya Ar-Ge özelliði bulunmayan döner sermaye projeleri kapsam dýþýdýr; ayrýca projenin baþarýyla sonuçlanmýþ olmasý ve sonuç raporunun onaylanmýþ olmasý belgelenmelidir; bilirkiþilik ve danýþmanlýk faaliyetleri bu kapsamda deðerlendirilemez.";[Baþvuru Rehberi] | [Yönetmelik];Madde 11 / Madde 7(2);döner sermaye|proje|Ar-Ge|bütçe;hard
168;Araþtýrma faaliyetlerinin teþvik puaný alabilmesi için gereken asgari süre ve görevlendirme onayý hangi makamdan alýnmalýdýr?;"Araþtýrma faaliyetlerinin puanlanabilmesi için öðretim elemanýnýn kurum dýþýnda en az dört ay süreyle tam zamanlý görevlendirilmiþ olmasý zorunludur; bu görevlendirmenin mutlaka Üniversite Yönetim Kurulu tarafýndan resmi bir karara baðlanmýþ olmasý ve izin yazýsýnýn baþvuru dosyasýnda yer almasý þarttýr; dört aydan kýsa süren araþtýrmalar deðerlendirme dýþý býrakýlýr; eylem planý, fizibilite raporu ve envanter çalýþmalarý süre kriterini saðlasa dahi araþtýrma faaliyeti olarak kabul edilmez.";[Yönetmelik] | [Baþvuru Rehberi];Madde 7(3) / Madde 15;araþtýrma|süre|yönetim kurulu|görevlendirme;med
169;Akademik teþvik sisteminde atýf (citation) faaliyetinin deðerlendirilebilmesi için 'self-citation' yasaðý ve ortak yazarlýk durumu nasýl düzenlenmiþtir?;"Araþtýrmacýnýn yazar olarak yer almadýðý yayýnlarda kendi eserlerine yapýlan atýflar kabul edilir; baþvuru sahibinin kendi yayýnlarýna veya eserlerine bizzat yaptýðý atýflar (self-citation) kesinlikle kapsam dýþýdýr; ayrýca atýf yapan ve atýf yapýlan çalýþmanýn yönetmelikçe geçerli kategorilerde olmasý þarttýr; atýf listeleri Web of Science veya ilgili indekslerden alýnmalý ve öz-atýflar bu listelerden ayýklanarak beyan edilmelidir; yanlýþ beyan durumunda ilgili puanlar silinir ve inceleme baþlatýlýr.";[Baþvuru Rehberi] | [Yönetmelik];Madde 37 / Madde 7(8);atýf|self-citation|kapsam dýþý|denetim;med
170;Dergilerde editörlük ve editör kurulu üyeliði faaliyetleri için uygulanan güncel kýsýtlamalar nelerdir?;"Dergilerde gerçekleþtirilen editör kurulu üyelikleri yönetmelik deðiþikliði ile tamamen teþvik kapsamýndan çýkartýlmýþtýr; editörlük kategorisinde ise yýllýk yayýnlanan sayýya bakýlmaksýzýn sadece bir adet editörlük görevi dikkate alýnýr; çok editörlü dergilerde sadece baþ editör teþvik puaný alabilir; yardýmcý editörler veya alan editörleri puan alamaz; editörlük yapýlan derginin ISSN numarasýna sahip olmasý ve baþvuru sahibinin editör olduðunu gösteren web sitesi çýktýsý kanýt olarak sunulmalýdýr.";[Baþvuru Rehberi] | [Yönetmelik];Madde 25 / Madde 7(4);editör|dergi|kýsýtlama|baþ editör;hard
171;Tebliðlerin uluslararasý nitelik kazanmasý için Türkiye dýþýndan katýlan araþtýrmacýlar hakkýnda aranan temel sayýsal kriterler nelerdir?;"Bir tebliðin sunulduðu etkinliðin uluslararasý sayýlabilmesi için; Türkiye dýþýnda en az beþ farklý ülkeden sözlü teblið sunan konuþmacýnýn katýlýmý þarttýr; ayrýca etkinlikte sunulan toplam tebliðlerin yarýdan fazlasýnýn Türkiye dýþýndan katýlýmcýlar tarafýndan sunulmuþ olmasý zorunludur; sadece beþ yabancý katýlýmcý olmasý yeterli deðildir, ülke çeþitliliði ve toplam teblið oraný kriterlerinin her ikisi de eþ zamanlý saðlanmalýdýr; çevrimiçi etkinliklerde de bu koþullar aynen aranýr.";[Yönetmelik] | [Baþvuru Rehberi];Madde 7(9) / Madde 42;teblið|uluslararasý|katýlýmcý|ülke sayýsý;hard
172;Akademik teþvik ödemeleri hangi tarihte baþlar, ne kadar sürer ve bu ödemelerden hangi kesintiler yapýlabilir?;"Akademik teþvik ödeneði; deðerlendirme sürecini takip eden yýlýn (2026) 15 Þubat tarihinden itibaren baþlatýlýr ve on iki ay boyunca her ayýn on beþinde ödenir; bu ödemeler damga vergisi hariç herhangi bir vergiye (gelir vergisi vb.) tabi tutulmaz; ayrýca bu ödenek diðer tazminat, döner sermaye veya ek ödemelerin hesabýnda dikkate alýnmaz; ödeme alabilmek için araþtýrmacýnýn en az otuz puan barajýný aþmýþ olmasý þarttýr.";[Yönetmelik];Madde 10(2) ve 10(3);ödeme|tarih|vergi|kesinti;easy
173;Tasarým faaliyetlerinin teþvik kapsamýnda puanlanabilmesi için gereken 'ticarileþme' veya 'uygulama' þartý nasýl belgelendirilmelidir?;"Tasarýmýn deðerlendirilebilmesi için; kamu kurumlarý veya özel hukuk tüzel kiþileriyle yapýlan bir sözleþme uyarýnca uygulanmýþ veya ticarileþtirilmiþ olmasý þarttýr; baþvuru sýrasýnda tasarým dosyasý ile birlikte uygulandýðýný gösterir resmi sözleþme, fatura veya tescil belgesi sunulmalýdýr; tescil edilmiþ tasarýmlar için tescil belgesi yeterli kabul edilir; tasarýmýn araþtýrmacýnýn kendi uzmanlýk alaný ile ilgili olmasý ve sanata/teknolojiye katký saðlamasý zorunludur; sadece çizim aþamasýnda kalan projeler puanlanmaz.";[Baþvuru Rehberi] | [Yönetmelik];Madde 30 / Madde 7(5);tasarým|ticarileþme|sözleþme|uygulama;med
174;SCI-Expanded kapsamýndaki dergilerde yayýmlanan 'vaka takdimi' ve 'editöre mektup' gibi kýsa makalelerin puanlanmasý nasýl hesaplanýr?;"SCI, SCI-Expanded, SSCI ve AHCI kapsamýndaki dergilerde müstakil olarak yayýmlanmýþ vaka takdimi, editöre mektup, teknik not ve kitap eleþtirisi gibi kýsa makaleler; ilgili derginin Q (çeyreklik) deðerine göre belirlenen tam makale puanýnýn yarýsý üzerinden deðerlendirilir; hesaplamada 'k x p x 30' (A1 alanlarý için) veya 'k x p x 40' (A2 alanlarý için) formülü uygulanýr; özetler veya tam metni yayýmlanmamýþ bildiriler bu kapsamda deðerlendirilmeyecektir.";[Yönetmelik];Tablo 4 / Madde 8(6);vaka takdimi|kýsa makale|puanlama|hesaplama;hard
175;Akademik teþvik baþvurusunda bulunan araþtýrmacýlarýn 'YÖKSÝS Çýktýsý' ve 'FUATS Sistem Çýktýsý' için uymasý gereken imza kuralý nedir?;"Baþvuruda bulunacak tüm araþtýrmacýlarýn; YÖKSÝS sisteminden aldýklarý çýktý ile FUATS sisteminden aldýklarý baþvuru çýktýsýnýn her sayfasýný ýslak imzalý olarak sunmalarý zorunludur; imzasýz belgelerle yapýlan baþvurular birim komisyonlarý tarafýndan iþleme alýnmaz; her sayfanýn imzalanmasý verilerin doðruluðunun resmi beyaný sayýlýr; imzalý çýktýlar ilgili dekanlýk veya müdürlüklere elden teslim edilirken kanýtlayýcý belgeler sadece elektronik ortamda FUATS'a yüklenir.";[Baþvuru Rehberi] | [Takvim];Madde 8 / 02-11 Ocak 2026;imza|yöksis|fuats|baþvuru;easy
176;Hangi tür projeler akademik teþvik puanlamasý kapsamýnda kesinlikle 'kapsam dýþý' (deðerlendirme dýþý) olarak kabul edilir?;"Yükseköðretim kurumlarý tarafýndan desteklenen Bilimsel Araþtýrma Projeleri (BAP), TÜBÝTAK-1002 hýzlý destek projeleri, araþtýrma altyapýsý oluþturma projeleri, öðrenci projeleri, sosyal sorumluluk ve yerel kalkýnma amaçlý projeler puanlamaya dahil edilmez; ayrýca Avrupa Birliði Katýlým Öncesi Mali Yardým (IPA) projeleri ile Ar-Ge niteliði taþýmayan döner sermaye iþleri de kapsam dýþýdýr; tamamlanmamýþ veya sonuç raporu onaylanmamýþ projeler için hiçbir þekilde puan talep edilemez.";[Baþvuru Rehberi] | [Yönetmelik];Madde 12 / Madde 7(2);proje|kapsam dýþý|BAP|tübitak 1002;hard
177;Bilim ödüllerinin teþvik kapsamýnda puanlanabilmesi için o ödülün geçmiþi ile ilgili aranan süreklilik kriteri nedir?;"Bilim ödüllerinin deðerlendirilebilmesi için; ödülün sürekli olarak verilmesi, daha önce en az beþ kez verilmiþ olmasý ve ilgili kurumun internet sayfasýndan resmi olarak duyurulmuþ olmasý þarttýr; ayrýca ödülün akademik aðýrlýklý bir jüri veya seçici kurul tarafýndan verilmiþ olmasý gerekir; tebliðler için verilen ödüller, hakemlik ödülleri, teþekkür belgeleri, mansiyonlar ve araþtýrmacýnýn kendi üniversitesinden aldýðý ödüller puanlamaya dahil edilmez; ayný çalýþma için alýnan farklý ödüllerden sadece biri puanlanýr.";[Yönetmelik] | [Baþvuru Rehberi];Madde 7(10) / Madde 44;ödül|süreklilik|beþ kez|jüri;med
178;Patent faaliyetlerinde 'ulusal patent' ve 'uluslararasý patent' ayrýmý için hangi tescil kriterleri esas alýnýr?;"Ulusal patentler için sadece inceleme raporu sonucunda Türk Patent ve Marka Kurumu tarafýndan verilen 'incelemeli patentler' kabul edilir; incelemesiz patentler kapsam dýþýdýr; uluslararasý patentler için ise Patent Ýþbirliði Antlaþmasý (PCT) kapsamýnda en az bir istemin yenilik ve buluþ basamaðý gibi kriterleri saðladýðýnýn belgelenmesi veya Avrupa Patent Ofisi (EPO) tescili gerekir; patentlerin deðerlendirilmesinde 2025 yýlýndaki tescil tarihi esas alýnýr; ayný içerikli patent birden fazla ülkede tescillense dahi sadece bir kez puanlanýr.";[Yönetmelik] | [Baþvuru Rehberi];Madde 7(7) / Madde 33;patent|ulusal|uluslararasý|tescil;hard
179;Sergi faaliyetlerinin uluslararasý nitelikte sayýlabilmesi için hangi üniversite biriminden onay alýnmasý zorunludur?;"Bir sergi, bienal veya dinletinin uluslararasý olarak kabul edilebilmesi için; serginin uluslararasý nitelikte olduðunun ilgili bölüm, anabilim dalý veya anasanat dalý kurullarýnca onaylanmýþ olmasý þarttýr; bu onay belgesinin veya kurul kararýnýn bir örneði FUATS sistemine yüklenmelidir; sanata katký saðlayýcý nitelikte olmayan veya eðitim-öðretim faaliyeti (ders projesi vb.) kapsamýndaki sergiler puanlanmaz; tekrarlayan sergilerde ikinci etkinlik için puanýn yarýsý (%50) uygulanýr ve en fazla iki tekrar dikkate alýnýr.";[Yönetmelik] | [Baþvuru Rehberi];Madde 7(6) / Madde 31;sergi|uluslararasý|onay|kurul kararý;med
180;Baþka bir kurumdan naklen gelen öðretim elemanlarýnýn teþvik baþvurusu sýrasýnda sunmasý gereken ek belge ve bilgiler nelerdir?;"Öðretim elemaný baþka bir kurumdan gelmiþ ise; önceki kurumda ve mevcut üniversitede gerçekleþtirdiði faaliyetleri ayrýntýlý belirten 'Kurum Deðiþikliði Beyan Formu'nu sunmalýdýr; ayrýca YÖKSÝS çýktýsýnda her bir faaliyetin hangi kurum bünyesinde yapýldýðý açýkça gösterilmelidir; farklý kurumlarda gerçekleþen faaliyetlerin deðerlendirilmesi öðretim elemanýnýn þu an kadrosunun bulunduðu üniversitedeki komisyon tarafýndan yapýlýr; vakýf üniversitesinden gelenler için sadece devlet üniversitesindeki süreleri geçerli kabul edilir.";[Baþvuru Rehberi] | [Yönetmelik];Madde 8 / Madde 6(2);naklen atama|kurum deðiþikliði|yöksis|beyan formu;med
181;Akademik teþvik toplam puaný hesaplanýrken her bir faaliyet türünün toplam puan içindeki aðýrlýðý en fazla ne kadar olabilir?;"Yönetmeliðin 1. maddesi ve 8. maddesi uyarýnca; her bir akademik faaliyet türünün (proje, yayýn, atýf vb.) toplam teþvik puaný içindeki aðýrlýðý %30’u geçemez; toplam akademik teþvik puaný ise hiçbir durumda 100 puaný aþamaz; araþtýrmacý bir faaliyet türünden (örneðin sadece yayýnlardan) ne kadar çok puan toplarsa toplasýn, o alandan alabileceði maksimum katký 30 puan ile sýnýrlandýrýlmýþtýr; ödeme yapýlabilmesi için nihai puanýn en az otuz olmasý þarttýr.";[Yönetmelik];Madde 1(1) / Madde 8(3);üst sýnýr|aðýrlýk|yüzde otuz|puanlama;hard
182;Dergilerin 'Diðer uluslararasý hakemli dergiler' kategorisinde deðerlendirilebilmesi için yayýn hayatý ile ilgili asgari þart nedir?;"Bir derginin bu kategoride puanlanabilmesi için en az beþ yýldýr yýlda en az bir sayý ile düzenli olarak yayýmlanýyor olmasý þarttýr; ayrýca derginin editör veya yayýn kurulunun uluslararasý olmasý, bilimsel deðerlendirme sürecinin internet sayfasýnda ilan edilmiþ olmasý ve yayýmlanmýþ makale künyelerine dijital olarak ulaþýlabilmesi gerekir; beþ yýldan daha az süredir yayýnlanan dergilerde çýkan makaleler teþvik kapsamý dýþýnda tutulur; derginin ISSN numarasýna sahip olmasý da temel zorunluluktur.";[Yönetmelik] | [Baþvuru Rehberi];Madde 7(4) / Madde 21;dergi|yayýn süresi|uluslararasý|kriter;med
183;Akademik teþvik itiraz süreci tamamlandýktan sonra kesin listelerin oluþturulmasý ve harcama birimlerine bildirilmesi hangi tarihte gerçekleþir?;"Takvim uyarýnca; itirazlarýn deðerlendirilip nihai kararlarýn baðlanmasýnýn ardýndan 06 Þubat 2026 tarihinde kesin listeler oluþturulur; bu listeler, teþvik almaya hak kazanan öðretim elemanlarýna ödeme yapýlabilmesi amacýyla üniversitenin ilgili harcama birimlerine ayný gün bildirilir; bu tarihten itibaren ödeme süreci kesinleþmiþ olur ve 15 Þubat'ta ilk ödemeler gerçekleþtirilir; kesinleþen listeler üzerinde daha sonra herhangi bir deðiþiklik yapýlmasý mümkün deðildir.";[Takvim];06 Þubat 2026;kesin liste|ödeme|harcama birimi|tarih;easy
184;Projelerde görev alan öðretim elemanlarýnýn puaný hesaplanýrken kullanýlan 'r' katsayýsý hangi rollere göre belirlenir?;"Proje faaliyetlerinde (r) katsayýsý araþtýrmacýnýn projedeki sorumluluðuna göre uygulanýr; projenin 'Yürütücüsü' olan öðretim elemaný için (r) katsayýsý 1 olarak alýnýr; projede 'Araþtýrmacý' veya 'Bursiyer' olarak görev yapanlar için ise bu katsayý 0,5 olarak uygulanýr; bu katsayý projenin toplam puan oraný ile çarpýlarak bireysel puan elde edilir; bir proje için birden fazla yürütücü olmasý durumunda puan yürütücüler arasýnda paylaþýlýr; projenin 2025 yýlýnda baþarýyla sonuçlanmýþ olmasý tüm roller için ön koþuldur.";[Yönetmelik];Madde 8(5) / Tablo 2;r katsayýsý|proje|yürütücü|araþtýrmacý;easy
185;Kitaplarýn akademik teþvik kapsamýnda 'yayýn' olarak deðerlendirilebilmesi için sahip olmasý gereken temel numara ve belgelendirme nedir?;"Kitaplarýn deðerlendirilmesinde ISBN numarasýna sahip olmasý esastýr; ISBN numarasý bulunmayan eserler kitap kategorisinde puanlanamaz; ayrýca kitap yazarlýðý, bölüm yazarlýðý veya editörlük faaliyetleri; yayýneviyle yapýlan sözleþme veya editörden gelen resmi davet mektubu gibi belgelerle kanýtlanmalýdýr; deðerlendirmede kitabýn ilk baskýsýnýn yayýmlanma yýlý esas alýnýr; daha önce puanlanan bir kitabýn yeni baskýlarý veya bildirilerden oluþan kitaplar yayýn kategorisinde deðerlendirmeye alýnmaz; sýnavlar için hazýrlanan soru kitaplarý da kapsam dýþýdýr.";[Yönetmelik] | [Baþvuru Rehberi];Madde 7(4) / Madde 19;kitap|ISBN|sözleþme|yayýn;med
186;Akademik Teþvik Düzenleme, Denetleme ve Ýtiraz Komisyonu'nun faaliyetlerin sýnýflandýrýlmasýndaki yetkisi nedir?;"Komisyon; akademik faaliyetlerin belgelendirilmesinde ve faaliyet türleri içerisinde sýnýflandýrýlmasýnda oluþan her türlü tereddüdün giderilmesinde nihai karar merciidir; birim komisyonlarýndan gelen uygun görülmeyen veya puaný deðiþtirilen baþvurularý inceleyerek karara baðlar; ayrýca uygulama usul ve ilkelerini belirleyerek duyurur; komisyonun verdiði kararlar araþtýrmacýlar için baðlayýcýdýr; itirazlar sonucunda komisyon tarafýndan verilen kararlar kesin nitelik taþýr ve bu kararlara karþý tekrar itiraz edilemez.";[Yönetmelik];Madde 4(3) ve 4(4);komisyon|yetki|sýnýflandýrma|nihai karar;med
187;Güzel Sanatlar alanýndaki ses ve görüntü kayýtlarýnýn puanlanabilmesi için 'yayýmlanmýþ olma' þartý dýþýnda hangi belgeler sunulmalýdýr?;"Müzik ve Konservatuvar bölümleri için performansa dayalý ses/görüntü kayýtlarýnýn; CD, DVD veya benzeri dijital ortamdaki kayýtlara yönelik bandrol verildiðini gösteren belgenin sunulmasý þarttýr; ayrýca etkinliðin ulusal veya uluslararasý niteliðini ve 2025 yýlýnda yayýmlandýðýný kanýtlayan dökümanlar sisteme eklenmelidir; bestecilik, yorumculuk veya sahne tasarýmý gibi faaliyetlerde etkinliðin boyutunu gösteren onaylý belgeler istenir; uluslararasý boyuttaki karma kayýtlarda kiþi sayýsýna bakýlmaksýzýn tam puan uygulamasý yapýlýr.";[Baþvuru Rehberi] | [Yönetmelik];Madde 28 / Madde 8(7);ses kaydý|görüntü kaydý|bandrol|güzel sanatlar;hard
188;Akademik teþvik puaný hesaplanýrken öðretim elemanýnýn hangi tarihteki kadro unvaný baz alýnýr?;"Puanlarýn ve ödemelerin hesaplanmasýnda öðretim elemanýnýn 'teþvik baþvurusu yaptýðý tarihteki' kadro unvaný esas alýnacaktýr; baþvuru sürecinde unvan deðiþikliði yaþayan personelin en güncel unvaný sisteme girilmeli ve belgeler buna göre hazýrlanmalýdýr; profesör, doçent, doktor öðretim üyesi veya araþtýrma görevlisi için belirlenen farklý ödeme oranlarý bu güncel unvan üzerinden uygulanýr; YÖKSÝS verileri ile baþvuru unvanýnýn uyumlu olmasý birim komisyonlarý tarafýndan kontrol edilen ilk hususlardan biridir.";[Baþvuru Rehberi] | [Yönetmelik];Madde 9 / Madde 8(8);unvan|kadro|hesaplama|baþvuru tarihi;easy
189;Akademik teþvik ödeneðinden yararlanan bir araþtýrmacýnýn yaptýðý beyanýn gerçeðe aykýrý olduðu sonradan tespit edilirse ne yapýlýr?;"Ödeme yapýldýktan sonra faaliyetlerin gerçeðe aykýrý olduðu veya yönetmelik kapsamýna girmediði tespit edilirse; ilgili kiþiye yapýlan tüm ödemeler kanuni faiziyle birlikte geri alýnýr; ayrýca yanlýþ veya yanýltýcý bildirimde bulunan öðretim elemanlarý hakkýnda komisyonun bildirimi ile idari ve cezai inceleme baþlatýlýr; inceleme sonucuna göre genel hükümler çerçevesinde disiplin cezalarý uygulanabilir; araþtýrmacýlar sunduklarý belgelerin doðruluðundan þahsen sorumludur ve imzaladýklarý sistem çýktýlarý bu taahhüdün kanýtýdýr.";[Yönetmelik];Madde 10(5);yanlýþ beyan|geri alma|faiz|cezai müeyyide;hard
190;Dergilerin 'Alan Ýndeksi' kategorisinde puanlanabilmesi için ÜAK tarafýndan belirlenen hangi temel alanlarda olmasý gerekir?;"Alan indeksi puanlamasý sadece; Eðitim Bilimleri, Mimarlýk, Planlama ve Tasarým, Sosyal, Beþeri ve Ýdari Bilimler ile Spor Bilimleri temel alanlarý için geçerlidir; bu temel alanlar dýþýndaki branþlarda alan indeksi üzerinden puanlama yapýlmayacaktýr; bu kapsamda baþvuracak araþtýrmacýlarýn, derginin ilgili alan indeksine girdiðini gösteren ÜAK sayfasýndan alýnmýþ güncel belgeyi sisteme yüklemeleri zorunludur; ÜAK doçentlik kriterlerinde alan indeksi yer almayan branþlarda bu puanlama kesinlikle yapýlmamalýdýr.";[Baþvuru Rehberi] | [Yönetmelik];Madde 26 / Madde 22;alan indeksi|üak|temel alanlar|kýsýtlama;hard
191;Teblið faaliyetlerinde 'tam metin' (full text) zorunluluðu ve özet metinlerin durumu hakkýnda kural nedir?;"Akademik teþvik puanlamasýnda tebliðlerin deðerlendirilebilmesi için mutlaka elektronik veya basýlý etkinlik kitapçýðýnda 'tam metin' olarak yayýmlanmýþ olmasý þarttýr; sadece özet metin (abstract) olarak yayýmlanan bildiriler kesinlikle kapsam dýþýdýr ve puanlamaya dahil edilmez; araþtýrmacýlarýn teblið tam metnini ve kitapçýðýn künyesini FUATS sistemine yüklemeleri zorunluluktur; ayrýca tebliðin sunulduðunu gösteren katýlým belgesi veya sunum yazýsý da kanýt olarak sunulmalýdýr; tam metin kriteri tüm akademik alanlar için geçerli bir standarttýr.";[Baþvuru Rehberi] | [Yönetmelik];Madde 41 / Madde 7(9);teblið|tam metin|özet metin|kapsam dýþý;med
192;Akademik teþvik puaný hesaplanýrken iki yazarlý bir makale için 'k' katsayýsý deðeri kaçtýr?;"Yönetmelikte yer alan Tablo 1'e göre; yazar sayýsý iki olan yayýn, teblið veya patent faaliyetlerinde her bir yazar için 'k' katsayýsý 0,8 olarak uygulanýr; bu katsayý faaliyetin toplam puan oranýyla çarpýlarak bireysel puanýn hesaplanmasýnda kullanýlýr; tek yazarlý çalýþmalarda katsayý 1 iken, üç yazarlý çalýþmalarda 0,6'ya düþmektedir; çok isimli çalýþmalarda isim sýrasýna bakýlmaksýzýn tüm yazarlar için ayný katsayý geçerlidir; sistem hesaplamalarý bu tablo deðerleri üzerinden otomatik olarak gerçekleþtirir.";[Yönetmelik];Madde 8(4) / Tablo 1;katsayý|yazar sayýsý|makale|puanlama;easy
193;Atýf faaliyetlerinin puanlanabilmesi için hem atýf yapan hem de atýf yapýlan çalýþmanýn hangi þartý taþýmasý gerekir?;"Atýf puaný alýnabilmesi için; hem atýf yapýlan eserin hem de atýf yapan yayýnýn 'Akademik Teþvik Ödeneði Yönetmeliði' kapsamýnda geçerli sayýlan yayýn kategorilerinde (indeksli makale, tanýnmýþ kitap vb.) yer almasý zorunludur; yönetmelik kapsamýnda deðerlendirilmeyen yayýn türlerindeki atýflar puanlamaya dahil edilmez; örneðin TR Dizin'de taranmayan bir ulusal dergideki atýf geçerli kabul edilmez; ayrýca atýf yapýlan eserin mutlaka araþtýrmacý bir devlet yükseköðretim kurumunda görev yaparken üretilmiþ olmasý þarttýr.";[Yönetmelik] | [Baþvuru Rehberi];Madde 36 / Madde 7(8);atýf|geçerli yayýn|indeks|devlet kurumu;hard
194;Hangi tür sergi ve sanatsal etkinlikler akademik teþvik puanlamasýnda kesinlikle 'kapsam dýþý' (deðerlendirme dýþý) tutulmuþtur?;"Eðitim-öðretim faaliyetleri (ders projeleri, yýl sonu sergileri vb.) ve öðrenci kulüp faaliyetleri kapsamýnda düzenlenen tüm sergiler akademik teþvik puanlamasýnda kapsam dýþýdýr; puanlama için serginin özgün, sanata katký saðlayýcý ve akademik faaliyet alaný ile doðrudan ilgili olmasý þarttýr; sergilerin deðerlendirilmesinde serginin tamamlandýðý tarih esas alýnýr; baþvuru sýrasýnda serginin öðrenci kulübü faaliyeti olmadýðýný ve akademik niteliðini gösteren kanýtlarýn sunulmasý birim komisyonlarý tarafýndan istenir.";[Baþvuru Rehberi] | [Yönetmelik];Madde 32 / Madde 7(6);sergi|kapsam dýþý|öðrenci kulübü|eðitim-öðretim;med
195;TÜBÝTAK projeleri arasýnda yer alan '1002 - Hýzlý Destek Programý' projeleri akademik teþvik puaný alabilir mi?;"Hayýr, alamaz; yönetmelik ve rehber hükümlerine göre TÜBÝTAK-1002 projeleri akademik teþvik puanlamasý kapsamýnda 'kapsam dýþý' býrakýlmýþtýr; araþtýrmacýlarýn bu projeleri puanlama listelerine dahil etmemeleri gerekir; sadece TÜBÝTAK’ýn akademik destekleri olan 1001, 1003, 1004, 1005, 1505, 2244, 3501 ve SAYEM gibi projeler deðerlendirmeye alýnýr; ayrýca TÜBÝTAK’ýn bilim-toplum ve bilimsel etkinlik destekleri de teþvik puaný hesaplamasýnda dikkate alýnmaz.";[Baþvuru Rehberi] | [Yönetmelik];Madde 12 / Madde 7(2);tübitak 1002|proje|kapsam dýþý|teþvik;med
196;Akademik teþvik ödeneði hesaplamasýnda kullanýlan 'p' katsayýsý hangi dergi indeksleri için ve nasýl belirlenir?;"p katsayýsý; SCI, SCI-Expanded, SSCI ve AHCI kapsamýndaki dergilerde yayýmlanan makaleler için kullanýlýr; makalenin yayýmlandýðý yýl için derginin ISI Web of Science Çeyreklik (Quartile/Q) sýnýflandýrmasý esas alýnýr; Q1 için p=1, Q2 için p=0,8, Q3 için p=0,5 ve Q4 için p=0,25 katsayýsý uygulanýr; AHCI kapsamýndaki dergiler için çeyreklik deðerine bakýlmaksýzýn katsayý sabit 0,5'tir; Q deðeri henüz belirlenmemiþ yeni indeksli dergiler için ise en alt katsayý olan 0,25 deðeri üzerinden iþlem yapýlýr.";[Yönetmelik];Madde 8(6) / Tablo 3;p katsayý|quartile|Q deðeri|indeks;hard
197;Birim akademik teþvik baþvuru ve inceleme komisyonu tarafýndan hazýrlanan deðerlendirme raporlarýnda hangi açýklamalarýn bulunmasý zorunludur?;"Birim komisyonu tarafýndan hazýrlanan raporlarda; reddedilen veya beyan edilen puan deðerinde deðiþiklik yapýlan (düþürülen veya artýrýlan) her bir akademik faaliyetle ilgili ayrýntýlý gerekçeli açýklama bulunmasý zorunludur; gerekçesiz yapýlan puan müdahaleleri yönetmeliðe aykýrýdýr; bu raporlar dekan veya müdür tarafýndan onaylanarak üst komisyona iletilir; araþtýrmacýlar ilan edilen bu gerekçeler üzerinden itiraz haklarýný kullanabilirler; þeffaflýk ve denetlenebilirlik açýsýndan bu açýklamalar kritik öneme sahiptir.";[Yönetmelik];Madde 6(4);deðerlendirme raporu|gerekçe|puan deðiþikliði|komisyon;med
198;Yurt dýþý araþtýrma faaliyetlerinde puan hesaplamasý için kullanýlan 'ay' katsayýsý ve toplam puan sýnýrlamasý nedir?;"Yurt dýþý araþtýrma faaliyetlerinde her bir tam ay için 15 puan verilir; araþtýrmalar ay üzerinden deðerlendirilir ve araþtýrmacýnýn toplam puaný '15 x ay sayýsý' formülüyle hesaplanýr; ancak araþtýrma kategorisinden alýnabilecek toplam teþvik puaný 15 puaný (kategori üst sýnýrý) geçemez; araþtýrmanýn en az dört ay sürmesi ve Üniversite Yönetim Kurulu izniyle yapýlmýþ olmasý temel þarttýr; iki aydan az süren veya 2025 yýlý dýþýnda tamamlanan araþtýrmalar için puanlama yapýlmaz; sonuç raporunun ilgili kurumca onaylanmýþ olmasý belgelenmelidir.";[Yönetmelik] | [Baþvuru Rehberi];Tablo 4 / Madde 16;araþtýrma|yurt dýþý|ay katsayýsý|puan sýnýrý;hard
199;Akademik teþvik baþvurusu sýrasýnda 'FUATS' sistemine yüklenen belgelerin doðruluðu ve sorumluluðu kime aittir?;"Baþvuru sahipleri, FUATS sistemine yükledikleri tüm kanýtlayýcý belgelerin ve beyan ettikleri bilgilerin doðruluðundan þahsen sorumludur; yönetmeliðin 10. maddesi uyarýnca gerçeðe aykýrý, yanlýþ veya yanýltýcý bildirimde bulunduðu tespit edilenler hakkýnda idari ve cezai inceleme baþlatýlýr; ödeme yapýlmýþ olsa dahi usulsüzlük tespitinde tutarlar faiziyle geri alýnýr; araþtýrmacýlarýn YÖKSÝS ve FUATS çýktýlarýný imzalayarak teslim etmeleri, bu bilgilerin doðruluðunu resmi olarak taahhüt ettikleri anlamýna gelir.";[Yönetmelik];Madde 10(5);sorumluluk|yanlýþ beyan|belge|denetim;easy
200;Tebliðlerin sunulduðu etkinliðin uluslararasý niteliðini ödemeye esas teþkil edecek þekilde hangi resmi makam kararý teyit etmelidir?;"Bir tebliðin uluslararasý sayýlabilmesi için; beþ farklý ülkeden katýlým ve yabancý katýlýmcý oraný þartlarýnýn yaný sýra, mutlaka Üniversite Yönetim Kurulu Kararýnýn olmasý gerekir; bu karar ödemeye esas teþkil eden resmi onay belgesidir; baþvuru sýrasýnda bu kararýn bir örneði veya ilgili onayý gösteren döküman FUATS'a yüklenmelidir; yönetim kurulu kararý bulunmayan bilimsel toplantýlar, katýlýmcý kriterlerini saðlasa dahi uluslararasý kategoride puanlandýrýlmaz; üniversiteler bu tür etkinliklerin niteliðini denetlemekle yükümlüdür.";[Yönetmelik] | [Baþvuru Rehberi];Madde 7(9) / Madde 40;yönetim kurulu|onay|uluslararasý|teblið;med
201;Akademik teþvik ödeneði hangi tarihten itibaren ve ne kadar süreyle hak sahiplerine ödenir?;"Akademik teþvik ödeneði, ilgili yýlýn 15 Þubat tarihinden itibaren on iki ay süreyle her ayýn on beþinde ödenir; ödemeler bir önceki takvim yýlýnda gerçekleþtirilen faaliyetler sonucunda hesaplanan puan üzerinden tahakkuk ettirilir; araþtýrmacýnýn kurum deðiþtirmesi durumunda ödemeler yeni yükseköðretim kurumu tarafýndan devam ettirilir; 30 puan barajýnýn altýnda kalanlara ödeme yapýlmaz; bu ödeme düzenli bir özlük hakký niteliðinde olup aylýk ödenme þartýna baðlýdýr.";[Yönetmelik];Madde 10(2) ve 10(4);ödeme süresi|tarih|on iki ay|kurum deðiþikliði;easy
202;Farklý bölümlerden oluþan bir kitapta 'bölüm yazarlýðý' yapan bir araþtýrmacý ayný kitaptan en fazla kaç bölüm için puan alabilir?;"Yönetmelik ve baþvuru rehberi hükümlerine göre; ayný kitap içerisinde yer alan özgün bilimsel kitap bölümleri için yapýlacak baþvurularda, bir araþtýrmacý için en çok iki bölüm deðerlendirmeye alýnýr; ikiden fazla bölüm yazýlmýþ olsa dahi sadece iki bölümün puaný hesaplanýr; ayrýca kitabýn tanýnmýþ yayýnevi kriterlerini karþýlamasý ve ISBN numarasýna sahip olmasý þarttýr; bölüm yazarlýðý faaliyetleri yayýneviyle yapýlan sözleþme veya editör davet mektubu ile belgelendirilmelidir; bu kural hem ulusal hem uluslararasý kitaplar için geçerlidir.";[Yönetmelik] | [Baþvuru Rehberi];Tablo 4 / Madde 18;kitap bölümü|kýsýtlama|puanlama|yayýn;med
203;Akademik teþvik sisteminde 'Alan Ýndeksi' puanlamasý hangi temel alanlardaki öðretim elemanlarý için uygulanabilir?;"Alan indeksi puanlamasý sadece; Eðitim Bilimleri, Mimarlýk, Planlama ve Tasarým, Sosyal, Beþeri ve Ýdari Bilimler ile Spor Bilimleri temel alanlarý için geçerlidir; Fen Bilimleri, Mühendislik veya Saðlýk Bilimleri gibi bu listenin dýþýndaki alanlarda alan indeksi üzerinden puanlama yapýlamaz; baþvuru sahibi derginin ilgili alan indeksine girdiðini gösteren ÜAK (Üniversitelerarasý Kurul) onaylý belgeyi FUATS sistemine yüklemek zorundadýr; ÜAK doçentlik kriterlerinde alan indeksi yer almayan branþlarda bu puanlama kesinlikle yapýlmaz.";[Baþvuru Rehberi];Madde 26 / Sayfa 16;alan indeksi|temel alanlar|üak|kýsýtlama;hard
204;Bir araþtýrmacýnýn topladýðý akademik teþvik puaný üzerinden yapýlacak ödeme miktarý hangi formüle göre hesaplanýr?;"Akademik teþvik ödeme tutarý; 'en yüksek Devlet memuru brüt aylýðý x akademik kadro unvan oranlarý x (akademik teþvik puaný / 100)' formülü ile hesaplanýr; unvan oranlarý profesörler için %100, doçentler için %90, doktor öðretim üyeleri için %80 ve araþtýrma/öðretim görevlileri için %70'tir; hesaplamada baþvuru tarihindeki güncel kadro unvaný esas alýnýr; toplam puan hiçbir þekilde 100'ü geçemez ve 30'un altýndaki puanlar için ödeme yapýlmaz; brüt aylýk tutarý 9.500 gösterge rakamýnýn memur maaþ katsayýsý ile çarpýmýdýr.";[Yönetmelik];Madde 8(1);ödeme formülü|kadro unvaný|oran|brüt aylýk;hard
205;Akademik teþvik itiraz dilekçelerinin posta veya e-posta yoluyla gönderilmesi durumunda komisyonun tutumu ne olur?;"Takvim ve baþvuru rehberinde açýkça belirtildiði üzere; itiraz dilekçeleri mutlaka Rektör Yardýmcýlýðý Makamýna 'elden' teslim edilmelidir; posta, kargo, faks veya e-posta yoluyla gönderilen dilekçeler kesinlikle kabul edilmez ve iþleme alýnmaz; itiraz süreci 26-30 Ocak 2026 tarihleri arasýndadýr ve bu sürenin dýþýnda yapýlan baþvurular da deðerlendirme dýþý býrakýlýr; þahsen baþvuru yapýlamayan durumlarda vekalet veya resmi yollarla elden teslimatýn saðlanmasý araþtýrmacýnýn sorumluluðundadýr.";[Takvim] | [Baþvuru Rehberi];26-30 Ocak 2026 / Madde 6;itiraz|teslim yöntemi|elden teslim|kýsýtlama;med
206;Hangi patent türleri akademik teþvik kapsamýnda 'kapsam dýþý' olarak kabul edilmiþtir?;"Ulusal mevzuat kapsamýnda baþvurusu yapýlan ancak inceleme raporu sonucunda deðil de 'incelemesiz' olarak verilen ulusal patentler akademik teþvik kapsamý dýþýndadýr; sadece Türk Patent ve Marka Kurumu tarafýndan tescil edilen 'incelemeli patentler' puanlamaya dahil edilir; ayrýca tescil edilmemiþ, sadece baþvuru aþamasýnda olan patentler de deðerlendirmeye alýnmaz; patentlerin 2025 yýlý içerisinde tescil edilmiþ olmasý ve tescil belgesinin nüshasýnýn FUATS'a yüklenmesi þarttýr; birden fazla ülkede tescillenen ayný patent için sadece bir kez puanlama yapýlýr.";[Yönetmelik] | [Baþvuru Rehberi];Madde 7(7) / Madde 34;patent|incelemesiz|kapsam dýþý|tescil;med
207;Sergi faaliyetlerinde 'tekrarlayan etkinlikler' için puanlama nasýl sýnýrlandýrýlmýþtýr?;"Ayný yýl içerisinde (2025) tekrar eden sergi, konser, festival veya gösteri gibi etkinliklerin puanlanmasýnda en fazla iki etkinlik dikkate alýnýr; ilk etkinlik tam puan üzerinden hesaplanýrken, ikinci tekrar etkinlik için mevcut faaliyet puanýnýn yarýsý (%50) uygulanýr; ikiden fazla tekrar eden ayný içerikli etkinlikler için hiçbir þekilde puan verilmez; bu kural araþtýrmacýnýn ayný eser/performans ile mükerrer yüksek puan toplamasýný engellemek amacýyla getirilmiþtir; her iki etkinliðin de tarih ve yer bilgisini içeren kanýtlarý (afiþ, katalog vb.) sunulmalýdýr.";[Yönetmelik];Madde 7(6);sergi|tekrarlayan etkinlik|puanlama|kýsýtlama;hard
208;Akademik teþvik ödeneði hangi tür vergilerden muaftýr ve bu ödeme diðer ek ders/tazminat hesaplarýnda dikkate alýnýr mý?;"Akademik teþvik ödeneði, damga vergisi hariç herhangi bir vergiye tabi tutulmaz ve bu ödemeden sadece damga vergisi kesintisi yapýlýr; ayrýca bu ödenek; döner sermaye ek ödemesi, tazminat, ikramiye, ücret veya benzeri ödemelerin hesabýnda matrah olarak dikkate alýnmaz ve bu hesaplamalara dahil edilmez; yani araþtýrmacýya yapýlan net bir ek ödeme niteliði taþýr; 2914 sayýlý Kanun uyarýnca aylýk ödendiði sürece bu muafiyetler geçerliliðini korur; ödeme personelin banka hesabýna aylýk bazda yatýrýlýr.";[Yönetmelik];Madde 10(2c);vergi muafiyeti|damga vergisi|ek ödeme|hesaplama;med
209;Atýf faaliyetlerinin belgelendirilmesi sýrasýnda 'kitaplarda yapýlan atýflar' için FUATS sistemine hangi sayfalar yüklenmelidir?;"Kitaplarda yapýlan atýflar için; kitabýn kapak sayfasý, basým ve telif bilgilerinin yer aldýðý künye sayfasý, kaynakça sayfasý ve atýfýn bizzat geçtiði metin içi sayfalarýn tamamýný içeren tek bir PDF dosyasý sisteme yüklenmelidir; basým sayfasýnda yayýnevi adý, basým yýlý ve ISBN numarasý net þekilde okunmalýdýr; atýf yapan kitabýn 'tanýnmýþ ulusal' veya 'tanýnmýþ uluslararasý' yayýnevi kriterlerini karþýlamasý þarttýr; bu belgelerden herhangi birinin eksik olmasý durumunda atýf puaný komisyon tarafýndan reddedilebilir.";[Baþvuru Rehberi];Madde 38 / Atýf Belgeleri;atýf|kitap|belge|fuats;easy
210;SCI-Expanded kapsamýndaki dergilerde yayýmlanan makaleler için quartile (Q) deðeri henüz belirlenmemiþse 'p' katsayýsý kaç alýnýr?;"ISI Web of Science kapsamýnda olup en son çeyreklik (Quartile) listesinde Q deðeri henüz belirlenmemiþ dergilerde yayýmlanan makaleler için 'p' katsayýsý en alt deðer olan 0,25 olarak uygulanýr; benzer þekilde Q4 sýnýfýndaki dergiler için de bu alt deðer geçerlidir; araþtýrmacýlarýn makale puanýný hesaplarken WOS üzerinden aldýklarý güncel Q belgesini sisteme yüklemeleri zorunludur; AHCI kapsamýndaki dergilerde ise bu katsayý sabit 0,5 olarak uygulanýr; katsayýlar 'Yayýn' kategorisindeki temel puanlar ile çarpýlarak nihai oran bulunur.";[Yönetmelik];Madde 8(6);quartile|p katsayýsý|Q deðeri|hesaplama;hard
211;Milli Savunma Üniversitesi bünyesinde görev yapan öðretim elemanlarý akademik teþvik ödeneðinden yararlanabilirler mi?;"Evet, Akademik Teþvik Ödeneði Yönetmeliði'nin 1. maddesinin 2. fýkrasýna göre; Milli Savunma Üniversitesi, Jandarma ve Sahil Güvenlik Akademisi ve Polis Akademisi kadrolarýnda bulunan öðretim elemanlarý da bu yönetmelik hükümlerine tabidir; bu kurumlardaki uygulama usulleri rektör veya akademi baþkanlarý tarafýndan belirlenir; dolayýsýyla devlet üniversitelerindeki meslektaþlarý gibi teþvik puaný hesaplatma ve ödeme alma haklarý mevcuttur.";[Yönetmelik];Madde 1(2);milli savunma üniversitesi|kapsam|öðretim elemaný|polis akademisi;easy
212;Akademik teþvik puaný hesaplama formülünde yer alan en yüksek Devlet memuru brüt aylýðý tutarý nasýl hesaplanmaktadýr?;"Yönetmeliðin 3. maddesinin (ç) bendine göre; 1.500 aylýk gösterge rakamý ile 8.000 ek gösterge rakamýnýn toplamý olan 9.500 gösterge rakamýnýn, memur aylýk katsayýsý ile çarpýmý sonucu bulunan tutar esas alýnýr; bu brüt tutar, araþtýrmacýnýn unvanýna göre belirlenen oranlar ve akademik teþvik puaný ile çarpýlarak ödenecek net tutara ulaþýlmasýnda temel çarpan vazifesi görür; katsayý deðiþiklikleri ödemelere doðrudan yansýtýlmaktadýr.";[Yönetmelik];Madde 3(ç);brüt aylýk|gösterge|maaþ katsayýsý|hesaplama;hard
213;Üst komisyon üyelerinin toplantý sýrasýnda oylama yaparken çekimser oy kullanma hakký bulunmakta mýdýr?;"Yönetmeliðin 4. maddesinin 2. fýkrasý uyarýnca; Akademik Teþvik Düzenleme, Denetleme ve Ýtiraz Komisyonu üyelerinin oylama sýrasýnda çekimser oy kullanmalarý yasaktýr; kararlar, baþkan dahil üye tamsayýsýnýn salt çoðunluðu ile toplanýlarak ve katýlanlarýn salt çoðunluðu ile alýnýr; oylarýn eþit daðýlmasý halinde komisyon baþkanýnýn oyu doðrultusunda karar verilmiþ sayýlýr; bu kural birim komisyonlarý için de ayný þekilde Madde 5(2) kapsamýnda geçerlidir.";[Yönetmelik];Madde 4(2);oylama|çekimser oy|karar yeter sayýsý|üst komisyon;med
214;Birim akademik teþvik komisyonlarýnda yeterli öðretim elemaný bulunmamasý durumunda komisyon yapýsý nasýl tamamlanmalýdýr?;"Yönetmeliðin 5. maddesinin 1. fýkrasýna göre; ilgili bölüm veya anabilim dalý bünyesinde komisyon kurmak için yeterli sayýda öðretim elemaný mevcut deðilse, eksik üyeler yakýn alanlardaki öðretim elemanlarý ile tamamlanýr; birim komisyonlarý en az üç üyeden oluþmalý ve üyeler ilgili birimin yönetim kurulu tarafýndan seçilmelidir; komisyon baþkanlýðýný ise birim baþkaný yürütür; üyeler yüksek akademik teþvik puanýna sahip kiþiler arasýndan iki yýl süreyle görev yapmak üzere belirlenir.";[Yönetmelik];Madde 5(1);birim komisyonu|üye seçimi|eksik üye|yönetim kurulu;med
215;Üst komisyon tarafýndan ilan edilen kararlara karþý yapýlacak itirazlarýn deðerlendirilme süresi ne kadardýr?;"Takvim ve Yönetmeliðin 6. maddesi uyarýnca; komisyon, duyuru tarihinden itibaren beþ iþ günü içinde elden teslim edilen yazýlý itirazlarý kabul eder; itiraz süresinin bitiminden itibaren en geç beþ iþ günü içerisinde tüm itirazlar karara baðlanmak zorundadýr; Fýrat Üniversitesi 2026 takvimine göre bu deðerlendirme süreci 01-05 Þubat 2026 tarihleri arasýný kapsamaktadýr; komisyonun itirazlar sonucunda verdiði kararlar kesin nitelik taþýr ve nihai liste bu aþamadan sonra oluþturulur.";[Takvim] | [Yönetmelik];Madde 6(6) / 01-05 Þubat 2026;itiraz süresi|nihai karar|komisyon|deðerlendirme;med
216;Yurt dýþý görevlendirme ile kurum dýþýnda bulunan öðretim elemanlarý teþvik baþvurularýný nereye yapmalýdýr?;"Yönetmeliðin 6. maddesinin 8. fýkrasýna göre; görevlendirme nedeniyle kurum dýþýnda bulunan öðretim elemanlarý, kadrolarýnýn bulunduðu yükseköðretim kurumundaki uzmanlýklarýna uygun birim akademik teþvik baþvuru ve inceleme komisyonuna baþvuruda bulunmakla yükümlüdürler; bu süreçte FUATS sistemi üzerinden elektronik baþvuru yapmalarý ve kanýtlarýný sunmalarý þarttýr; ayrýca imzalý sistem çýktýlarýný birimlerine ulaþtýrmalarý gerekmektedir; faaliyetlerin deðerlendirilmesi, araþtýrmacýnýn asli kadrosunun yer aldýðý birim komisyonu tarafýndan mevzuat hükümlerine göre gerçekleþtirilir.";[Yönetmelik];Madde 6(8);görevlendirme|baþvuru yeri|kurum dýþý|uzmanlýk alaný;med
217;Avrupa Birliði Katýlým Öncesi Mali Yardým (IPA) projeleri akademik teþvik puanlamasýna dahil edilebilir mi?;"Yönetmeliðin 7. maddesinin 2. fýkrasýnda belirtildiði üzere; Avrupa Birliði Katýlým Öncesi Mali Yardým (IPA) projeleri akademik teþvik puanlamasý kapsamýnda deðerlendirmeye alýnmaz; bu projeler kapsam dýþý faaliyetler arasýnda listelenmiþtir; benzer þekilde BAP projeleri, TÜBÝTAK-1002 projeleri ve Ar-Ge niteliði taþýmayan döner sermaye iþleri de puanlanamaz; baþvuru sahipleri sadece Ufuk Avrupa veya en az 9 ay süreli Ar-Ge nitelikli uluslararasý projelerden puan alabilirler; IPA projeleri akademik destek kapsamýnda görülmemektedir.";[Baþvuru Rehberi] | [Yönetmelik];Madde 7(2);IPA|AB projesi|kapsam dýþý|proje;hard
218;Araþtýrma faaliyetleri kapsamýnda hazýrlanan eylem planlarý veya envanter çalýþmalarý teþvik puaný kazandýrýr mý?;"Hayýr, Yönetmeliðin 7. maddesinin 3. fýkrasýna göre; eylem planý, fizibilite raporu ve envanter çalýþmasý niteliðindeki faaliyetler araþtýrma kapsamýnda deðerlendirmeye alýnmaz; araþtýrma faaliyetinin puanlanabilmesi için bilim, teknoloji ve sanata katký saðlayýcý özgün sistematik çalýþmalar olmasý ve en az dört ay sürmesi þarttýr; bu tür hazýrlýk veya veri toplama çalýþmalarý akademik teþvikin 'Araþtýrma' tanýmý dýþýnda býrakýlmýþtýr; ayrýca iki aydan az süren hiçbir çalýþma, niteliði ne olursa olsun puanlamaya dahil edilmez.";[Yönetmelik];Madde 7(3);envanter|eylem planý|kapsam dýþý|araþtýrma;med
219;Dergilerde yayýmlanan makalelerin deðerlendirilmesinde künye bilgilerine dair hangi þartlar aranmaktadýr?;"Yönetmeliðin 7. maddesinin 4. fýkrasýna göre; dergilerde yayýmlanan makalelerin deðerlendirilebilmesi için ilgili derginin basýlmýþ olmasý veya elektronik ortamda yayýmlanmýþ olmasý þarttýr; baþvuru sýrasýnda makalenin cilt, sayfa, yýl bilgileri ile dergi künyesinin açýk ve net bir þekilde sisteme sunulmasý zorunludur; kabul almýþ ancak henüz künye bilgileri (cilt/sayý) oluþmamýþ yayýnlar teþvik kapsamý dýþýndadýr; bu bilgiler faaliyetin 2025 yýlý içerisinde gerçekleþtiðini ve akademik geçerliliðini kanýtlamak için zorunlu belgeler arasýnda yer alýr.";[Yönetmelik];Madde 7(4);künye|makale|yayýn|belgelendirme;easy
220;Patent faaliyetlerinde ayný içerikli buluþun birden fazla ülkede tescil edilmesi durumunda puanlama nasýl yapýlýr?;"Yönetmeliðin 7. maddesinin 7. fýkrasý ve Baþvuru Rehberi uyarýnca; birden fazla ülkede tescillenmiþ ayný içerikli patentler için sadece bir kez baþvuru gerçekleþtirilebilir; araþtýrmacý bu tesciller arasýndan yalnýzca birini seçerek puan talep edebilir; mükerrer puanlamaya izin verilmez; genellikle en yüksek katsayýya sahip olan uluslararasý tescil (PCT veya EPO) tercih edilmektedir; patentin tescil tarihinin 2025 olmasý ve tescil belgesinin nüshasýnýn FUATS'a yüklenmesi deðerlendirme için asgari þarttýr.";[Yönetmelik] | [Baþvuru Rehberi];Madde 7(7) / Madde 34;patent|mükerrer|tescil|kýsýtlama;hard
221;Atýf faaliyetlerinin puanlanabilmesi için atýf alan eserin nerede üretilmiþ olmasý gerekmektedir?;"Yönetmeliðin 7. maddesinin 8. fýkrasýna göre; baþvuru sahibinin sadece devlet yükseköðretim kurumlarýnda görev yaptýðý sýrada ürettiði yayýnlarýna veya eserlerine yapýlan atýflar geçerlidir; araþtýrmacýnýn vakýf üniversitelerinde, özel kurumlarda veya yurt dýþýndaki kurumlarda çalýþýrken ürettiði eserlere yapýlan atýflar puanlamaya dahil edilmez; bu kuralýn denetimi için atýf alan eserin künyesindeki kurum bilgisi esas alýnýr; devlet kurumlarý dýþýnda üretilen eserler kapsam dýþý býrakýlarak akademik teþvikin sadece devlet kaynaklý üretimi desteklemesi amaçlanmýþtýr.";[Yönetmelik];Madde 7(8);atýf|devlet kurumu|üretim yeri|kýsýtlama;hard
222;Bir bilimsel toplantýda sunulan tebliðin uluslararasý nitelikte sayýlabilmesi için katýlýmcý ülkelerle ilgili kural nedir?;"Yönetmeliðin 7. maddesinin 9. fýkrasý uyarýnca; etkinliðin uluslararasý olarak nitelendirilebilmesi için Türkiye dýþýnda en az beþ farklý ülkeden sözlü teblið sunan konuþmacýnýn katýlým saðlamasý þarttýr; sadece yabancý katýlýmcýlarýn olmasý yeterli olmayýp, ülke çeþitliliði kriteri esastýr; ayrýca sunulan tebliðlerin yarýdan fazlasýnýn Türkiye dýþýndan katýlan araþtýrmacýlar tarafýndan sunulmuþ olmasý zorunluluktur; bu þartlarý saðlayan ve Üniversite Yönetim Kurulu Kararý ile onaylanan tebliðler 20 tam puan üzerinden deðerlendirmeye alýnýr.";[Yönetmelik];Madde 7(9);teblið|uluslararasý|ülke sayýsý|konuþmacý;med
223;Hangi tür ödüller yönetmelik kapsamýnda hiçbir þekilde deðerlendirmeye alýnmaz?;"Yönetmeliðin 7. maddesinin 10. fýkrasýna göre; tebliðler için verilen ödüller, dergi hakemlikleri dolayýsýyla yayýnevleri veya dergiler tarafýndan verilen ödüller ve baþvuru sahibinin kadrosunun bulunduðu kendi üniversitesinden aldýðý ödüller deðerlendirme dýþýdýr; ayrýca mansiyon ödülleri, teþekkür belgeleri, plaketler, burslar ve onur belgeleri de kapsam dýþý ödüller arasýnda sayýlmýþtýr; puanlanacak ödülün mutlaka araþtýrmacýnýn alaný ile ilgili, 2025 yýlýna ait ve sürekli (en az 5 kez verilmiþ) olmasý þarttýr.";[Yönetmelik] | [Baþvuru Rehberi];Madde 7(10) / Madde 45;ödül|kapsam dýþý|hakemlik|teþekkür belgesi;easy
224;Akademik teþvik toplam puaný hesaplanýrken her bir faaliyet türünün katkýsý nasýl sýnýrlandýrýlmýþtýr?;"Yönetmeliðin 8. maddesinin 3. fýkrasý uyarýnca; bir öðretim elemanýnýn her bir faaliyet türünden (proje, yayýn, atýf vb.) topladýðý faaliyet puaný, o faaliyet türü için belirlenmiþ olan üst sýnýrý (örneðin yayýn için 30, proje için 20) geçemez; ayrýca toplam akademik teþvik puaný hiçbir þekilde 100 puaný aþamaz; sistem her faaliyet kategorisinin toplam puana etkisini %30 aðýrlýk ile sýnýrlar; böylece araþtýrmacýlarýn farklý akademik alanlarda dengeli faaliyet göstermesi teþvik edilirken, tek bir alandan sýnýrsýz puan toplanmasý engellenmiþ olur.";[Yönetmelik];Madde 8(3);üst sýnýr|puan sýnýrý|aðýrlýk|toplam puan;med
225;Özel bir paylaþým oraný bulunmayan karma sanatsal etkinliklerde puanlama kiþi sayýsýna bölünür mü?;"Normal þartlarda oran/kiþi sayýsý kuralý uygulanýrken; Yönetmeliðin 8. maddesinin 7. fýkrasýna göre sergi faaliyet türündeki karma etkinlikler ile uluslararasý boyutta performansa dayalý yayýmlanmýþ karma ses veya görüntü kayýtlarý bu kuraldan muaftýr; bu tür faaliyetlerde kiþi sayýsýna bakýlmaksýzýn her bir katýlýmcýya tam puan verilir; diðer faaliyet türlerinde (makale, teblið, patent vb.) ise yazar veya katýlýmcý sayýsýna göre belirlenen (k) katsayýsý uygulanarak puan paylaþýmý yapýlýr; bu istisna sanatsal ortak üretimleri desteklemek amacýyla getirilmiþtir.";[Yönetmelik];Madde 8(7);karma etkinlik|ses kaydý|kiþi sayýsý|istisna;hard
226;Yeni taranmaya baþlanan ve ISI Web of Science Quartile (Q) deðeri henüz belirlenmemiþ dergilerde puanlama nasýl yapýlýr?;"Yönetmeliðin 8. maddesinin 6. fýkrasýna göre; ISI Web of Science kapsamýnda yer alan ancak en son yayýmlanan çeyreklik listesinde Q deðeri henüz belirlenmemiþ olan dergiler için en alt katsayý deðeri olan p=0,25 uygulanýr; Q deðeri belirlenmiþ dergilerde ise Q1 için 1, Q2 için 0,8, Q3 için 0,5 ve Q4 için 0,25 katsayýlarý kullanýlýr; AHCI kapsamýndaki dergiler için ise Q deðerine bakýlmaksýzýn katsayý sabit olarak 0,5 olarak belirlenmiþtir; araþtýrmacýlarýn en güncel listeyi FUATS'a yüklemeleri zorunludur.";[Yönetmelik];Madde 8(6);quartile|p katsayý|Q deðeri|wos;med
227;Akademik teþvik ödeneði ödemeleri hangi durumlarda kanuni faiziyle birlikte geri alýnýr?;"Yönetmeliðin 10. maddesinin 5. fýkrasýna göre; ödeme yapýldýktan sonra faaliyetlerin gerçeðe aykýrý olduðu veya yönetmelik kapsamýna girmediði anlaþýlan durumlarda, yapýlan tüm ödemeler kanuni faiziyle birlikte geri alýnýr; ayrýca yanlýþ veya yanýltýcý bildirimde bulunanlar hakkýnda inceleme baþlatýlýr ve gerekmesi halinde cezai müeyyideler uygulanýr; bu hüküm sistemin suistimal edilmesini önlemek ve sadece geçerli akademik üretimlerin ödüllendirilmesini saðlamak amacýyla konulmuþtur; araþtýrmacýlarýn sunduklarý beyan ve imzaladýklarý belgeler hukuki sorumluluk doðurur.";[Yönetmelik];Madde 10(5);yanlýþ beyan|geri alma|kanuni faiz|cezai müeyyide;hard
228;Fýrat Üniversitesi akademik teþvik takvimine göre kesin listelerin harcama birimlerine bildirilme tarihi nedir?;"Takvim uyarýnca; tüm itirazlarýn deðerlendirilip nihai kararlarýn verilmesinin ardýndan 06 Þubat 2026 tarihinde kesin listeler oluþturulur; bu listeler, teþvik almaya hak kazanan öðretim elemanlarýna ödeme yapýlabilmesi amacýyla üniversitenin ilgili harcama birimlerine gönderilir; bu aþama teþvik sürecinin idari ve teknik olarak tamamlandýðýný gösterir; ödemeler bu kesin listeler baz alýnarak 15 Þubat'tan itibaren baþlatýlýr; listelerin harcama birimlerine ulaþmasýyla birlikte tahakkuk iþlemleri süreci resmen baþlamýþ olur.";[Takvim];06 Þubat 2026;kesin liste|harcama birimi|ödeme bildirimi|takvim;easy
229;Baþvuru sahipleri YÖKSÝS ve FUATS sistem çýktýlarýný teslim ederken hangi imza kuralýna uymalýdýr?;"Baþvuru Rehberi'nin 8. maddesi uyarýnca; akademik teþvik baþvurusunda bulunacak araþtýrmacýlarýn YÖKSÝS çýktýsý ve FUATS sistem çýktýsýnýn her sayfasýný ýslak imzalý olarak sunmalarý zorunludur; sadece son sayfanýn imzalanmasý veya imzasýz belge teslimi baþvurunun reddedilmesine neden olabilir; her sayfanýn imzalanmasý, girilen tüm verilerin doðruluðunun araþtýrmacý tarafýndan taahhüt edildiði anlamýna gelir; bu imzalý dökümanlar birim komisyonlarýna teslim edilirken kanýtlayýcý belgelerin elektronik ortamda sisteme yüklenmiþ olmasý yeterlidir.";[Baþvuru Rehberi];Sayfa 8 / Madde 8;imza|yöksis|fuats|baþvuru;easy
230;TÜBÝTAK projelerinde FUATS sistemine yüklenmesi gereken 'Bilimsel Kurul Deðerlendirme Raporu' zorunlu mudur?;"Baþvuru Rehberi'nin 13. maddesinde yer alan proje belgeleri kýsmýna göre; bilimsel kurul deðerlendirme raporlarý TÜBÝTAK projeleri için geçerli deðildir ve sisteme yüklenmesi zorunlu tutulmamýþtýr; TÜBÝTAK projeleri için sadece destekleyen kuruluþ (TÜBÝTAK) tarafýndan projenin sonuçlandýðýný veya kapatýldýðýný gösteren onaylý belgenin sunulmasý yeterlidir; ancak TÜBÝTAK dýþýndaki diðer kurumlarca fonlanan projeler için projenin niteliðini ve baþarýsýný gösteren bu raporlarýn yüklenmesi istenebilir; araþtýrmacýlar proje türüne göre istenen belgeleri dikkatle kontrol etmelidir.";[Baþvuru Rehberi];Madde 13;tübitak|proje belgesi|deðerlendirme raporu|fuats;med
231;Bir kitabýn 'tanýnmýþ uluslararasý yayýnevi' sayýlabilmesi için yayýmlanan kitap sayýsý kriteri nedir?;"Yönetmeliðin 3. maddesinin (l) bendine göre; bir yayýnevinin tanýnmýþ uluslararasý yayýnevi sayýlabilmesi için en az beþ yýldýr uluslararasý düzeyde düzenli faaliyet yürütmesi ve Türkçe dýþýndaki dillerde ayný alanda farklý yazarlara ait en az yirmi kitap yayýmlamýþ olmasý þarttýr; bu kriterleri saðlamayan yayýnevlerinden çýkan kitaplar uluslararasý kategoride deðerlendirilemez; yayýnevinin bu þartlarý taþýdýðýný gösteren belgeler veya internet sayfasý adresleri baþvuru sýrasýnda FUATS'a eklenmelidir; yayýnevinin prestiji ve uluslararasý hitap gücü bu sayýsal ve dilsel kriterlerle ölçülmektedir.";[Yönetmelik];Madde 3(l);uluslararasý yayýnevi|kitap sayýsý|dil þartý|yayýn;hard
232;Döner sermaye projelerinde projenin maddi desteðinin üniversiteye aktarýlmýþ olmasý neden þarttýr?;"Baþvuru Rehberi'nin 11. maddesi uyarýnca; döner sermaye üzerinden yapýlan dýþ kaynaklý projelerin puanlanabilmesi için projenin maddi desteðinin mutlaka üniversiteye aktarýlmýþ olmasý gerekir; bu þart projenin üniversite bünyesinde kurumsal olarak yürütüldüðünü ve mali denetim altýnda olduðunu kanýtlar; desteði üniversite dýþý hesaplara yatýrýlan veya kurumsal kaydý bulunmayan projeler akademik teþvik kapsamýnda deðerlendirilmez; ayrýca bu projelerin Ar-Ge niteliði taþýmasý ve en az dokuz ay sürmesi de puanlama için eþ zamanlý olarak saðlanmasý gereken diðer koþullardýr.";[Baþvuru Rehberi];Madde 11;döner sermaye|maddi destek|üniversite bütçesi|proje;med
233;Atýf puanlamasýnda ayný esere yapýlan çoklu atýflar için uygulanan kýsýtlama kuralý nedir?;"Yönetmeliðin 7. maddesinin 8. fýkrasýna göre; ayný yayýn veya esere bir kitabýn ya da makalenin farklý bölümlerinde veya kýsýmlarýnda yapýlan atýflar, kaç kez tekrarlanýrsa tekrarlansýn yalnýzca bir atýf olarak deðerlendirilir; ancak kitaplardaki özel bir durum olarak; bölüm yazarlarý farklý olan kitaplarda, farklý bölümlerde ayný esere yapýlan her bir atýf için ayrý puan deðerlendirmesi yapýlýr; bu istisna dýþýnda, tek bir makale içerisinde ayný eserin birden fazla kaynak gösterilmesi mükerrer puan getirmemektedir; atýf listeleri bu kural gözetilerek düzenlenmelidir.";[Yönetmelik];Madde 7(8);atýf|mükerrer atýf|kýsýtlama|kitap bölümü;med
234;Tasarým faaliyetlerinde ticarileþme veya uygulanma þartý bulunmayan tasarýmlar hangi durumda puanlanabilir?;"Yönetmeliðin 7. maddesinin 5. fýkrasý ve Baþvuru Rehberi'nin 30. maddesine göre; tasarýmýn dikkate alýnan yýl (2025) içerisinde tescil edilmiþ olmasý durumunda, ayrýca ticarileþme veya uygulama sözleþmesi aranmaksýzýn puanlama yapýlabilir; tescil edilmemiþ tasarýmlar için ise mutlaka kamu kurumlarý veya özel hukuk tüzel kiþileriyle yapýlan bir sözleþme uyarýnca uygulanmýþ veya ticarileþtirilmiþ olmasý þartý aranýr; her iki durumda da tasarýmýn bilim, teknoloji ve sanata katký saðlayýcý özellikte olmasý ve araþtýrmacýnýn kendi uzmanlýk alaný ile ilgili olmasý zorunludur.";[Yönetmelik] | [Baþvuru Rehberi];Madde 7(5) / Madde 30;tasarým|tescil|ticarileþme|uygulama;med
235;Tebliðlerin sunulduðu etkinliðe katýlým saðlandýðýný kanýtlamak için hangi belgeler sunulmalýdýr?;"Yönetmeliðin 7. maddesinin 9. fýkrasý ve Baþvuru Rehberi'nin 43. maddesine göre; araþtýrmacýnýn etkinliðe bizzat katýldýðýný gösteren katýlým belgesi veya sunum yaptýðýna dair resmi yazý sunulmasý zorunludur; ayrýca tebliðde ismi yer alan en az bir araþtýrmacýnýn katýlým saðladýðýnýn belgelenmesi esastýr; tebliðin tam metniyle birlikte etkinlik programýnýn da sisteme yüklenmesi istenir; sunulmayan veya sadece kitapçýkta yer alan ancak katýlýmý belgelenmeyen bildiriler teþvik kapsamý dýþýnda kalýr; çevrimiçi sunumlarda da benzer þekilde dijital katýlým kanýtlarý aranmaktadýr.";[Yönetmelik] | [Baþvuru Rehberi];Madde 7(9) / Madde 43;teblið|katýlým belgesi|sunum|belgelendirme;easy
236;Akademik teþvik ödeneði hangi tarih aralýðýnda gerçekleþtirilen faaliyetler için ödenmektedir?;"Baþvuru Rehberi'nin 'Genel Bilgilendirme' bölümüne göre; teþvik için eklenen akademik faaliyetlerin 01 Ocak 2025 ile 31 Aralýk 2025 tarihleri arasýnda gerçekleþtirilmiþ ve belgelendirilmiþ olmasý þarttýr; bu tarih aralýðý faaliyetlerin sonuçlandýðý veya yayýmlandýðý takvim yýlýný ifade eder; örneðin 2024 yýlýnda biten bir proje veya 2026 yýlýnda basýlacak bir makale bu dönem baþvurularýnda puanlanamaz; ödemeler ise bu 2025 yýlý faaliyetleri esas alýnarak 2026 yýlýnýn Þubat ayýndan itibaren baþlatýlýr; takvim yýlý esaslý deðerlendirme sistemin temelidir.";[Baþvuru Rehberi];Sayfa 7;takvim yýlý|faaliyet dönemi|tarih|baþvuru;easy
237;Vakýf üniversitelerinden devlet üniversitelerine geçen öðretim elemanlarý hangi faaliyetleri için teþvik baþvurusu yapabilir?;"Baþvuru Rehberi'nin 7. maddesine göre; vakýf üniversitelerinden devlet üniversitelerine geçen öðretim elemanlarý, sadece devlet üniversitelerinde görev yaptýklarý sürede gerçekleþtirdikleri akademik faaliyetleri için teþvik baþvurusunda bulunabilirler; vakýf üniversitesi kadrosundayken üretilen yayýnlar veya tamamlanan projeler, araþtýrmacý þu an bir devlet kurumunda olsa dahi puanlanamaz; bu durumun denetimi için YÖKSÝS çýktýsýnda her faaliyetin hangi kurumda yapýldýðýnýn gösterilmesi ve Kurum Deðiþikliði Beyan Formunun doldurulmasý zorunludur; akademik teþvik sadece devlet kaynaklý bilimsel üretimi hedefler.";[Baþvuru Rehberi];Sayfa 7;vakýf üniversitesi|kurum deðiþikliði|devlet üniversitesi|kýsýtlama;hard
238;Baþvuru sürecinde 'Alan Ýndeksi' kategorisinde puan talep edilebilecek temel bilim alanlarý hangileridir?;"Baþvuru Rehberi'nin 26. maddesine göre; alan indeksi üzerinden puanlama sadece Eðitim Bilimleri, Mimarlýk, Planlama ve Tasarým, Sosyal, Beþeri ve Ýdari Bilimler ile Spor Bilimleri temel alanlarý için geçerlidir; bu beþ temel alan dýþýndaki branþlarda (Fen, Mühendislik, Saðlýk vb.) alan indeksi puanlamasý yapýlamaz; ilgili alanlardaki araþtýrmacýlarýn, derginin ÜAK tarafýndan tanýmlanan alan indeksinde tarandýðýný kanýtlayan belgeyi FUATS'a yüklemeleri þarttýr; bu kural doçentlik kriterleri ve bilim dallarýnýn indeksleme gelenekleri gözetilerek düzenlenmiþtir.";[Baþvuru Rehberi];Madde 26;alan indeksi|temel alanlar|üak|indeks;hard
239;SCI-Expanded kapsamýndaki dergilerde yayýmlanan 'kitap kritiði' (book review) yazýlarý nasýl puanlandýrýlmaktadýr?;"Yönetmeliðin 8. maddesinin 6. fýkrasýna ve Tablo 4'e göre; SCI, SCI-Expanded, SSCI ve AHCI kapsamýndaki dergilerde yayýmlanan kitap kritikleri 'Kýsa Makale' kategorisinde deðerlendirilir; bu tür yayýnlar, ilgili derginin Q deðerine göre belirlenen tam araþtýrma makalesi puanýnýn yarýsý üzerinden puanlanýr; örneðin A1 alanýndaki bir dergi için tam makale k*p*60 puan iken, kitap kritiði k*p*30 puan olarak hesaplanýr; bu yazýlarýn mutlaka ilgili dergide müstakil olarak basýlmýþ olmasý þarttýr; basit tanýtým yazýlarý bu kapsamda görülmeyebilir.";[Yönetmelik];Madde 8(6) / Tablo 4;kitap kritiði|kýsa makale|puanlama|yayýn;hard
240;Akademik teþvik ödeneði hangi kesintilere tabidir ve diðer yan ödemelerin hesabýnda kullanýlýr mý?;"Yönetmeliðin 10. maddesinin 2. fýkrasýnýn (c) bendine göre; akademik teþvik ödeneði damga vergisi hariç herhangi bir vergiye tabi tutulmaz; ayrýca bu ödenek, ilgili mevzuatý uyarýnca ödenmekte olan zam, tazminat, döner sermaye ek ödemesi, ikramiye ve ücret gibi benzeri ödemelerin hesabýnda hiçbir þekilde dikkate alýnmaz; yani emekli keseneði veya diðer ek ders ödemelerinin matrahýna dahil edilmez; sadece brüt tutar üzerinden damga vergisi kesilerek net miktar araþtýrmacýya ödenir; bu muafiyet 2914 sayýlý kanunla güvence altýna alýnmýþtýr.";[Yönetmelik];Madde 10(2c);vergi muafiyeti|damga vergisi|ek ödeme|hesaplama;med
241;Hangi dergi türleri akademik teþvik kapsamýnda hiçbir þekilde deðerlendirmeye alýnmaz (kapsam dýþý)?;"Yönetmeliðin 7. maddesinin 4. fýkrasý ve Baþvuru Rehberi'nin 22. maddesi uyarýnca; Alan Ýndeksi ve ULAKBÝM TR DÝZÝN’de taranmayan ulusal dergiler kesinlikle kapsam dýþýdýr; ayrýca ISSN numarasý bulunmayan dergilerde yayýmlanan çalýþmalar da puanlanamaz; yayýn hayatý beþ yýldan az olan veya uluslararasý editör kurulu gibi kriterleri saðlamayan dergiler 'Diðer uluslararasý hakemli dergi' kategorisinde de kabul edilmez; araþtýrmacýlarýn makalelerini beyan ederken derginin indeks durumunu ve geçmiþini kanýtlayan belgeleri FUATS sistemine yüklemeleri bu nedenle kritiktir.";[Yönetmelik] | [Baþvuru Rehberi];Madde 22 / Madde 7(4);kapsam dýþý|dergi|ulakbim|indeks;med
242;Fýrat Üniversitesi takvimine göre birim komisyonlarý baþvurularý hangi tarihler arasýnda FUATS üzerinden incelemelidir?;"Takvim uyarýnca; öðretim elemanlarýnca yapýlan baþvurularýn birim akademik teþvik baþvuru ve inceleme komisyonu tarafýndan FUATS sistemi üzerinden incelenme süreci 12-15 Ocak 2026 tarihleri arasýndadýr; komisyonlar bu süre zarfýnda belgelerin doðruluðunu ve uygunluðunu denetler; inceleme tamamlandýktan sonra 15 Ocak 2026 tarihinde teþvik almaya hak kazananlarýn verileri sisteme girilerek listeler oluþturulur; sürece dair tüm itirazlar veya puan deðiþiklikleri bu aþamada karara baðlanarak raporlanýr; birimlerin takvime uymasý üst komisyonun deðerlendirme sürecini baþlatabilmesi için zorunludur.";[Takvim];12-15 Ocak 2026;birim komisyonu|inceleme|takvim|fuats;easy
243;Proje faaliyetlerinde bursiyer olarak görev alan bir öðretim elemanýnýn katsayýsý ve puaný nasýl belirlenir?;"Yönetmeliðin 8. maddesinin 5. fýkrasýna (Tablo 2) göre; projede bursiyer veya araþtýrmacý olarak görev alan öðretim elemanlarý için (r) katsayýsý 0,5 olarak uygulanýr; bu katsayý, projenin türüne göre Tablo 4'te belirlenen oran (örneðin TÜBÝTAK 1001 için 80) ile çarpýlýr; sonuçta çýkan puan projenin araþtýrmacýya saðladýðý faaliyet puanýdýr; bir projeden alýnabilecek toplam puan her halükarda o kategorinin üst sýnýrý olan 30 puaný geçemez; bursiyerlik durumunun resmi belgelerle kanýtlanmasý ve projenin 2025 yýlýnda baþarýyla sonuçlanmasý þarttýr.";[Yönetmelik];Madde 8(5) / Tablo 2;bursiyer|proje|r katsayýsý|puanlama;med
244;Tanýnmýþ ulusal yayýnevi kriterleri arasýnda yer alan faaliyet süresi ve kitap sayýsý þartý nedir?;"Yönetmeliðin 3. maddesinin (k) bendine göre; bir yayýnevinin tanýnmýþ ulusal yayýnevi sayýlabilmesi için en az beþ yýldýr ulusal düzeyde düzenli faaliyet yürütüyor olmasý esastýr; ayrýca bu yayýnevinin daha önce ayný alanda farklý yazarlara ait en az yirmi kitap yayýmlamýþ olmasý þartý aranýr; bu kriterleri saðlayan yayýnevlerinden çýkan özgün bilimsel kitaplar kx50 katsayýsý üzerinden puanlanýr; yayýnevinin bu þartlarý taþýdýðýný gösteren kütüphane kayýtlarý veya internet sayfasý dökümanlarý FUATS'a yüklenmelidir; Danýþtay kararlarý sonrasý bu taným güncel halini almýþtýr.";[Yönetmelik];Madde 3(k);ulusal yayýnevi|kitap sayýsý|faaliyet süresi|yayýn;hard
245;Ödül kategorisinde yer alan 'Yurt içi veya yurt dýþý bilim ödülleri' için aranan jüri þartý nedir?;"Baþvuru Rehberi'nin 44. maddesi ve Yönetmeliðin ilgili kýsýmlarý uyarýnca; bir bilim ödülünün puanlanabilmesi için ödülü veren kuruluþun akademik aðýrlýklý bir deðerlendirme jürisi veya seçici kurulu olmasý zorunludur; ödülün sadece idari kararla deðil, bilimsel liyakat esasýna göre verildiði bu jüri yapýsý ile kanýtlanmalýdýr; baþvuru sýrasýnda jüri üyelerinin listesini veya jüri yapýsýný gösteren dökümanlarýn FUATS'a yüklenmesi istenir; jürisi bulunmayan veya jürisi akademik nitelik taþýmayan kurumsal ödüller teþvik puanlamasý kapsamýnda deðerlendirmeye alýnmaz.";[Baþvuru Rehberi] | [Yönetmelik];Madde 44 / Madde 7(10);ödül|jüri|seçici kurul|akademik aðýrlýk;med
246;Teblið faaliyetlerinde çevrimiçi (online) katýlým saðlayan araþtýrmacýlar için özel bir muafiyet bulunmakta mýdýr?;"Hayýr, Baþvuru Rehberi'nin 42. maddesine göre; çevrimiçi katýlým saðlanan etkinliklerde de yüz yüze katýlýmda aranan tüm koþullarýn (en az beþ farklý ülke, yabancý katýlýmcý oraný, tam metin yayýmý, yönetim kurulu kararý) saðlanmasý zorunludur; online olmasý hiçbir þartýn esnetilmesine imkan vermez; araþtýrmacýlarýn sunum yaptýklarýný kanýtlayan dijital sertifika, ekran görüntüsü veya program dökümanlarýný sisteme yüklemeleri þarttýr; tam metni yayýmlanmayan veya özet aþamasýnda kalan çevrimiçi tebliðler kesinlikle puanlamaya esas alýnmaz.";[Baþvuru Rehberi];Madde 42;online katýlým|teblið|þartlar|muafiyet;easy
247;Kitaplarda bölüm yazarlýðý faaliyetinde ayný kitap içerisindeki bölümler için uygulanan sayýsal sýnýr nedir?;"Yönetmeliðin Tablo 4'teki Yayýn kategorisi notlarýna göre; tanýnmýþ ulusal veya uluslararasý yayýnevleri tarafýndan yayýmlanmýþ özgün bilimsel kitaplarda bölüm yazarlýðý deðerlendirilirken, ayný kitapta en çok iki bölüm deðerlendirmeye alýnýr; araþtýrmacý ayný kitapta üç veya daha fazla bölüm yazmýþ olsa dahi sadece iki bölümün puaný hesaplanýr; bu kural akademik çeþitliliði korumak amacýyla getirilmiþtir; her iki bölümün de ilk sayfalarý ve künye bilgileri tek bir PDF dosyasý olarak FUATS'a yüklenmelidir; kitap editörlüðü ve bölüm yazarlýðý ayný anda puanlanabilir.";[Yönetmelik];Tablo 4 (3. Yayýn);kitap bölümü|kýsýtlama|puanlama|sayý sýnýrý;med
248;Güzel Sanatlar temel alanýndaki öðretim elemanlarý için 'Uluslararasý Derece Ödülü' kaç puan üzerinden deðerlendirilir?;"Yönetmeliðin Tablo 4 (9. Ödül) kýsmýna göre; sadece Güzel Sanatlar temel alaný için geçerli olmak üzere, uluslararasý jürili sürekli düzenlenen etkinlik veya yarýþmalarda alýnan derece ödülleri %40 faaliyet oraný ile deðerlendirilir; bu oran ödül kategorisinin 20 tam puaný ile çarpýlarak 8 puan olarak yansýr (mansiyonlar hariçtir); ödülün 2025 yýlýnda alýnmýþ olmasý ve daha önce en az 5 kez verilmiþ bir yarýþmaya ait olmasý þarttýr; jüri yapýsýnýn akademik veya sanatsal aðýrlýklý olduðu belgelenmelidir; ayný eserle alýnan farklý ödüllerden sadece biri puanlanýr.";[Yönetmelik];Tablo 4 (9. Ödül);güzel sanatlar|ödül|derece|uluslararasý;hard
249;Akademik teþvik ödeneðinden yararlanma þartý olan otuz puan barajý toplam puan için mi geçerlidir?;"Evet, Yönetmeliðin 10. maddesinin 3. fýkrasýna göre; akademik teþvik ödeneðinin ödenebilmesi için araþtýrmacýnýn hesaplanan toplam akademik teþvik puanýnýn en az otuz olmasý þarttýr; bu baraj her bir kategori için deðil, tüm faaliyet türlerinden (proje, yayýn, atýf vb.) toplanan nihai puan için geçerlidir; toplam puaný 30'un altýnda kalan araþtýrmacýlar teþvik almaya hak kazanamazlar; puan hesaplanýrken her kategorinin %30 aðýrlýk kýsýtlamasý da devreye girer; örneðin yayýndan 40 puan alan birinin bu puaný 30 olarak sabitlenir ve diðer alanlarla 30 barajýný geçmesi beklenir.";[Yönetmelik];Madde 10(3);baraj puan|otuz puan|toplam puan|ödeme þartý;easy
250;Patent Ýþbirliði Antlaþmasý (PCT) kapsamýndaki patentlerin uluslararasý sayýlabilmesi için araþtýrma raporunda hangi ifadeler aranýr?;"Yönetmeliðin 3. maddesinin (ö) bendine göre; PCT kapsamýndaki patentlerin uluslararasý patent sayýlabilmesi için uluslararasý araþtýrma raporunun yazýlý görüþ kýsmýnda veya ön inceleme raporunda en az bir istemin patentlenebilirlik kriterlerini (yenilik, buluþ basamaðý, sanayiye uygulanabilirlik) saðladýðýnýn açýkça ifade edilmiþ olmasý gerekir; bu teknik kriterlerden birini dahi saðlamayan baþvurular uluslararasý patent kategorisinde puanlandýrýlmaz; tescil belgesi veya bu kriterleri teyit eden resmi rapor nüshasý FUATS sistemine kanýt olarak yüklenmelidir; patentin tescil yýlý 2025 olmalýdýr.";[Yönetmelik];Madde 3(ö);patent|PCT|yenilik|buluþ basamaðý;hard
251;Sergilerin uluslararasý olarak deðerlendirilebilmesi için birim bünyesinde hangi onay belgesinin alýnmasý zorunludur?;"Yönetmeliðin 7. maddesinin 6. fýkrasýna göre; bir serginin uluslararasý nitelikte kabul edilebilmesi için serginin uluslararasý olduðunun bölüm, anabilim dalý veya anasanat dalý kurullarýnca onaylanmýþ olmasý þarttýr; bu onay kararý resmi bir kurul tutanaðý veya yazýsý þeklinde olmalý ve FUATS sistemine yüklenmelidir; kurul onayý bulunmayan sergiler, yurt dýþýnda yapýlmýþ olsa dahi uluslararasý kategoride puanlanmayabilir; sergi faaliyetinde sanata katký saðlayýcý nitelik aranýr ve serginin tamamlandýðý tarih esas alýnýr; öðrenci kulübü faaliyetleri bu kapsam dýþýndadýr.";[Yönetmelik] | [Baþvuru Rehberi];Madde 7(6) / Madde 31;sergi|uluslararasý|onay|kurul kararý;med
252;Akademik teþvik baþvurusu sýrasýnda sunulacak YÖKSÝS çýktýsýnda her bir faaliyetin hangi kurumda yapýldýðý neden belirtilmelidir?;"Yönetmeliðin 6. maddesinin 2. fýkrasýna göre; yükseköðretim kurumu deðiþikliði durumunda faaliyetlerin hangi kurum bünyesinde yapýldýðýnýn YÖKSÝS çýktýsýnda gösterilmesi zorunludur; bu bilgi, faaliyetin araþtýrmacý bir devlet üniversitesindeyken yapýlýp yapýlmadýðýný denetlemek için kullanýlýr; vakýf üniversitesindeyken yapýlan faaliyetler kapsam dýþý olduðu için bu ayrým kritik önem taþýr; ayrýca kurum deðiþikliði yapan personelin Kurum Deðiþikliði Beyan Formunu sunmasý da bu denetimi destekler; birim komisyonlarý faaliyet yerini teyit etmeden puanlama yapamazlar.";[Yönetmelik] | [Baþvuru Rehberi];Madde 6(2) / Sayfa 8;yöksis|kurum deðiþikliði|devlet üniversitesi|beyan;med
253;SCI kapsamýndaki dergilerde yayýmlanan 'araþtýrma makaleleri' A1 ve A2 alanlarý için farklý mý puanlanýr?;"Evet, Yönetmeliðin Tablo 4 (3. Yayýn) kýsmýna göre; SCI, SCI-Expanded, SSCI ve AHCI kapsamýndaki araþtýrma makaleleri için uygulanan temel oranlar alan gruplarýna göre deðiþmektedir; A1 ve A3 alanlarý için k x p x 60 oraný uygulanýrken; A2 ve A4 alanlarý için k x p x 80 oraný uygulanýr; burada k kiþi sayýsýný, p ise derginin Q deðerini temsil eder; fen ve mühendislik gibi A1 alanlarý ile sosyal bilimler gibi A2 alanlarý arasýndaki bu katsayý farký bilim dallarýnýn yayýn dinamikleri gözetilerek düzenlenmiþtir; araþtýrmacýnýn alaný sistemde doðru tanýmlanmalýdýr.";[Yönetmelik];Tablo 4 (3. Yayýn);makale|puanlama|alan farký|A1-A2;hard
254;Uluslararasý boyutta performansa dayalý yayýmlanmýþ kiþisel ses kayýtlarý A4 alaný için kaç puan kazandýrýr?;"Yönetmeliðin Tablo 4 (3. Yayýn) kýsmýna göre; sadece Güzel Sanatlar (A4) alaný için geçerli olmak üzere, uluslararasý boyutta performansa dayalý yayýmlanmýþ kiþisel ses veya görüntü kayýtlarý için 20 puan (oraný %100 kabul edilirse) verilmektedir; karma ses veya görüntü kayýtlarýnda ise bu puan 10 olarak belirlenmiþtir; kayýtlarýn mutlaka yayýmlanmýþ olmasý (CD, DVD bandrollü vb.) ve 2025 yýlýna ait olmasý þarttýr; diðer temel alanlarda bu tür sanatsal performans kayýtlarý 'Yayýn' kategorisinde bu puanlarla yer almamaktadýr; belgeler FUATS'a eksiksiz yüklenmelidir.";[Yönetmelik];Tablo 4 (3. Yayýn);ses kaydý|A4 alaný|güzel sanatlar|kiþisel performans;med
255;Tebliðlerin sunulduðu etkinliðin kitabýnda yayýmlanmasý gereken bildiri formatý nedir?;"Yönetmeliðin 7. maddesinin 9. fýkrasý ve Baþvuru Rehberi'nin 41. maddesine göre; tebliðlerin elektronik veya basýlý olarak etkinlik teblið kitapçýðýnda yer almasý ve mutlaka 'tam metin' (full text) olarak yayýmlanmýþ olmasý zorunludur; özet metinler (abstract) kesinlikle deðerlendirmeye alýnmaz; tam metin, bilimsel çalýþmanýn tüm aþamalarýný ve sonuçlarýný içermelidir; araþtýrmacýlarýn FUATS'a kitabýn kapak ve içindekiler sayfasýyla birlikte tam metni yüklemeleri istenir; tam metni yayýmlanmayan bildiriler, sunulmuþ olsa dahi teblið kategorisinde puan kazandýrmaz.";[Yönetmelik] | [Baþvuru Rehberi];Madde 7(9) / Madde 41;teblið|tam metin|özet metin|bildiri kitapçýðý;easy
256;Akademik teþvik itiraz dilekçelerinin Rektör Yardýmcýlýðý Makamýna 'elden teslim' edilmesinin istisnasý var mýdýr?;"Hayýr, Takvim ve Baþvuru Rehberinde herhangi bir istisna belirtilmemiþtir; 26-30 Ocak 2026 tarihleri arasýnda yapýlacak itiraz baþvurularý için dilekçelerin mutlaka yazýlý olarak ve Rektör Yardýmcýlýðý Makamýna elden teslim edilmesi zorunluluktur; posta, kargo, faks veya e-posta yoluyla gönderilen dilekçeler iþleme alýnmaz ve geçersiz sayýlýr; araþtýrmacýlarýn bu sürelere ve teslim yöntemine uymalarý kendi sorumluluklarýndadýr; elden teslimat, evrakýn kayýt altýna alýnmasý ve itiraz süresinin netleþmesi açýsýndan kritik öneme sahiptir.";[Takvim] | [Baþvuru Rehberi];26-30 Ocak 2026 / Sayfa 6;itiraz|elden teslim|dilekçe|takvim;med
257;Dergilerde editörlük faaliyeti için puan alabilmek amacýyla sunulmasý gereken temel kanýt belgesi nedir?;"Baþvuru Rehberi'nin 25. maddesine göre; hakemli dergilerdeki editörlük görevleri için derginin internet sitesinden alýnmýþ, baþvuru sahibinin 'editör' olduðunu açýkça gösteren ekran görüntüsü veya ilgili web sayfasýnýn adresi kanýt olarak sunulmalýdýr; ayrýca derginin taranan indekslerini gösterir belge de eklenmelidir; dergide birden fazla editör varsa sadece 'baþ editör' olan öðretim elemaný teþvikten yararlanabilir; editör kurulu üyelikleri teþvik kapsamýndan çýkarýldýðý için bu belgede unvanýn net görülmesi esastýr; derginin ISSN numarasý da zorunlu bir bilgidir.";[Baþvuru Rehberi];Madde 25;editörlük|ekran görüntüsü|baþ editör|kanýt;easy
258;Ayný çalýþma veya eser nedeniyle birden fazla kurumdan ödül alýnmasý durumunda puanlama nasýl yapýlýr?;"Yönetmeliðin 7. maddesinin 10. fýkrasý ve Baþvuru Rehberi'nin 44. maddesine göre; ayný çalýþma veya eser nedeniyle farklý kurum/kuruluþlardan alýnan farklý ödüller için en fazla bir defa puanlama yapýlýr; araþtýrmacý bu ödüller arasýnda en yüksek puana sahip olaný tercih edebilir ancak mükerrer puanlama yapamaz; ödülün 2025 yýlýnda alýnmýþ olmasý ve bilim ödülü niteliði taþýmasý þarttýr; komisyonlar ödülün içeriðini ve hangi eser için verildiðini denetleyerek mükerrerliði engeller; ödül belgesi onaylý suret olarak FUATS'a yüklenmelidir.";[Yönetmelik] | [Baþvuru Rehberi];Madde 7(10) / Madde 44;ödül|mükerrer puanlama|ayný eser|kýsýtlama;hard
259;TÜBÝTAK 1005 - Ulusal Yeni Fikirler ve Ürünler Araþtýrma Destek Programý projesinin puan oraný kaçtýr?;"Yönetmeliðin Tablo 4 (1. Proje) kýsmýna göre; TÜBÝTAK 1005 ve 3001 projeleri için faaliyet oraný r x 70 olarak belirlenmiþtir; burada r, araþtýrmacýnýn roline göre (yürütücü ise 1, araþtýrmacý ise 0,5) deðiþen katsayýyý ifade eder; örneðin yürütücü olan bir araþtýrmacý bu projeden 14 tam puan (70% x 20) elde eder; projenin 2025 yýlýnda baþarýyla sonuçlanmýþ ve sonuç raporunun onaylanmýþ olmasý zorunludur; 1001 projelerinde bu oran r x 80 iken, 1005 programýnda r x 70 olarak uygulanmaktadýr; belgeler FUATS'a yüklenmelidir.";[Yönetmelik];Tablo 4 (1. Proje);tübitak 1005|proje|puanlama|yürütücü;med
260;Akademik teþvik puaný hesaplanýrken iki yazarlý bir patent faaliyeti için 'k' katsayýsý deðeri nedir?;"Yönetmeliðin Madde 8(4) kýsmýnda yer alan Tablo 1'e göre; patent, yayýn veya teblið gibi faaliyetlerde katýlýmcý sayýsýnýn iki olmasý durumunda 'k' katsayýsý 0,8 olarak uygulanýr; bu katsayý faaliyetin toplam puan oraný (örneðin ulusal patent için 60) ile çarpýlarak bireysel puanýn hesaplanmasýnda kullanýlýr; tek isimli patentlerde katsayý 1 iken, üç isimli patentlerde 0,6'ya düþer; patentin tescil belgesinde yer alan tüm hak sahipleri kiþi sayýsý hesabýna dahil edilir; tescil tarihinin 2025 yýlý olmasý þarttýr.";[Yönetmelik];Madde 8(4) / Tablo 1;patent|k katsayýsý|iki isimli|puanlama;med
261;Akademik teþvik ödeneði yönetmeliðinin temel amacý nedir ve hangi kurum kadrolarýndaki personeli kapsamaktadýr?;"Yönetmeliðin amacý Devlet yükseköðretim kurumlarý kadrolarýnda bulunan öðretim elemanlarýna yapýlacak akademik teþvik ödeneðinin hesaplanmasý ve uygulanmasýna yönelik usul ve esaslarý belirlemektir; bu kapsamda bilim alanlarýnýn özellikleri ve unvanlara göre faaliyetlerin puan karþýlýklarý düzenlenir; ayrýca Milli Savunma Üniversitesi, Jandarma ve Sahil Güvenlik Akademisi ile Polis Akademisi kadrolarýndaki öðretim elemanlarý da bu yönetmelik hükümlerine tabidir; vakýf üniversiteleri ve yurt dýþý kurumlar ise bu düzenlemenin kapsamý dýþýnda býrakýlmýþtýr.";[Yönetmelik];Madde 1;amaç|kapsam|devlet üniversitesi|öðretim elemaný;easy
262;Teþvik puaný hesaplamasýnda kullanýlan en yüksek Devlet memuru brüt aylýðý tutarý hangi göstergelere dayanmaktadýr?;"En yüksek Devlet memuru brüt aylýðý, 1.500 aylýk gösterge rakamý ile 8.000 ek gösterge rakamýnýn toplamý olan 9.500 gösterge rakamýnýn memur aylýk katsayýsý ile çarpýmý sonucu elde edilen tutardýr; bu tutar akademik teþvik ödemesi formülünde temel çarpan olarak kullanýlýr; ödeme tutarý bu brüt tutarýn kadro unvan oranlarý ve teþvik puanýnýn yüze bölünmesiyle elde edilen oranla çarpýlmasýyla bulunur; unvan oranlarý profesörler için %100 iken araþtýrma görevlileri için %70 olarak uygulanýr.";[Yönetmelik];Madde 3(ç) / Madde 8(1);brüt aylýk|gösterge|maaþ katsayýsý|hesaplama;hard
263;Üst komisyon (Akademik Teþvik Düzenleme, Denetleme ve Ýtiraz Komisyonu) üyeleri senato tarafýndan nasýl seçilmektedir?;"Üst komisyon üyeleri, her bir doçentlik temel alanýndan en az bir kiþi olmak üzere rektörün her bir üyelik için önereceði üç aday arasýndan üniversite senatosu tarafýndan seçilir; komisyon baþkanlýðýný rektörün görevlendirdiði bir rektör yardýmcýsý yürütür; komisyon, baþkan hariç en az dört üyeden oluþmak þartýyla iki yýl süreyle görev yapmak üzere seçilir; süresi biten üyelerin yeniden seçilmesi mümkündür; üyeliðin boþalmasý halinde ise kalan süreyi tamamlamak üzere ayný usulle yeni üye atamasý gerçekleþtirilir.";[Yönetmelik];Madde 4(1);üst komisyon|seçim|senato|rektör yardýmcýsý;med
264;Birim akademik teþvik baþvuru ve inceleme komisyonunun kararlarýnda oylarýn eþitliði durumunda hangi kural iþletilir?;"Birim akademik teþvik baþvuru ve inceleme komisyonu, baþkan dahil üye tamsayýsýnýn salt çoðunluðu ile toplanýr ve katýlanlarýn salt çoðunluðu ile karar alýr; oylarýn eþit daðýlmasý durumunda komisyon baþkanýnýn oyu yönünde karar alýnmýþ sayýlýr; komisyon üyelerinin oylama sýrasýnda çekimser oy kullanmalarý yasaktýr; bu kural kararlarýn netleþmesini ve sürecin aksamamasýný saðlamak amacýyla getirilmiþtir; komisyonun tarafsýzlýðý ve liyakati esas almasý, birim yönetim kurullarýnýn sorumluluðunda olup seçimler bu doðrultuda yapýlýr.";[Yönetmelik];Madde 5(2);birim komisyonu|karar yeter sayýsý|oy eþitliði|baþkan;med
265;Akademik teþvik baþvurusu sýrasýnda öðretim elemanlarýnýn kanýtlayýcý belgeleri teslim etme yöntemi nasýldýr?;"Öðretim elemanlarý akademik teþvik baþvurularýný kadrolarýnýn bulunduðu birimlere yaparken YÖKSÝS ve FUATS sistem çýktýlarýný ýslak imzalý olarak teslim etmelidir; ancak faaliyetlere dair tüm örnek, kanýt ve belgeler sadece elektronik ortamda FUATS (https://akademiktesvik.firat.edu.tr) üzerinden sunulacaktýr; fiziksel dosya veya kanýt teslimi yapýlmayacak, inceleme süreci sistem üzerinden yürütülecektir; belgelerin sisteme yüklenmesi sýrasýnda format ve büyüklük kýsýtlamalarýna dikkat edilmesi araþtýrmacýnýn sorumluluðundadýr; eksik veya okunmayan dijital kanýtlar baþvurunun reddine yol açabilir.";[Takvim] | [Baþvuru Rehberi];02-11 Ocak 2026 / Madde 6(1);baþvuru|kanýt|belge teslimi|elektronik;easy
266;Kurum deðiþikliði yapan öðretim elemanlarýnýn akademik faaliyetlerinin deðerlendirilmesi hangi üniversite tarafýndan gerçekleþtirilir?;"Yükseköðretim kurumu deðiþikliði durumunda, araþtýrmacýnýn farklý kurumlarda gerçekleþtirdiði tüm akademik faaliyetlerin deðerlendirilmesi öðretim elemanýnýn þu an kadrosunun bulunduðu güncel yükseköðretim kurumunda yapýlýr; YÖKSÝS çýktýsýnda her bir faaliyetin hangi kurum bünyesinde gerçekleþtirildiði açýkça gösterilmelidir; ayrýca önceki kurumda yapýlan faaliyetlerin doðruluðundan araþtýrmacý bizzat sorumludur; bu durumda Kurum Deðiþikliði Beyan Formunun doldurulmasý ve imzalanmasý zorunludur; deðerlendirme süreci mevcut üniversitenin ilgili birim ve üst komisyonu tarafýndan yürütülür.";[Yönetmelik] | [Baþvuru Rehberi];Madde 6(2) / Sayfa 8;kurum deðiþikliði|yöksis|deðerlendirme|kadro;med
267;Birim akademik teþvik komisyonunun hazýrladýðý deðerlendirme raporlarýnda puan deðiþikliði yapýlan faaliyetler için hangi zorunluluk vardýr?;"Birim akademik teþvik baþvuru ve inceleme komisyonu tarafýndan hazýrlanan deðerlendirme raporunda reddedilen veya beyan edilen puan deðerinde deðiþiklik yapýlan akademik faaliyetlerle ilgili olarak mutlaka açýklama yapýlmasý zorunludur; bu açýklamalar yönetmelik maddelerine ve kanýt yetersizliðine dayandýrýlmalýdýr; raporlar ilgili dekan veya müdür tarafýndan onaylanarak ilan edilen takvime uygun þekilde üst komisyona iletilir; gerekçesiz yapýlan puan düþürmeleri itiraz sürecinde araþtýrmacý lehine deðerlendirilebilir; her bir faaliyet satýrý için ayrý deðerlendirme notu düþülmesi esastýr.";[Yönetmelik];Madde 6(4);deðerlendirme raporu|gerekçe|puan deðiþikliði|komisyon;hard
268;Vakýf üniversitelerinden devlet üniversitelerine geçen öðretim elemanlarýnýn teþvik baþvurusu yaparken dikkat etmesi gereken kýsýtlama nedir?;"Vakýf üniversitelerinden devlet üniversiteleri kadrolarýna geçen öðretim elemanlarý, sadece devlet üniversitelerinde görev yaptýklarý süre içerisinde gerçekleþtirdikleri akademik faaliyetleri için teþvik baþvurusunda bulunabilirler; vakýf üniversitesi bünyesinde üretilen yayýnlar, projeler veya alýnan ödüller akademik teþvik puanlamasýna dahil edilmez; bu kuralýn denetimi için YÖKSÝS çýktýsýnda faaliyet yerinin belirtilmesi ve kurum deðiþikliði beyanýnýn yapýlmasý þarttýr; teþvik sistemi sadece devlet kaynaklý bilimsel üretimi desteklemeyi amaçladýðý için bu kýsýtlama titizlikle uygulanmaktadýr.";[Baþvuru Rehberi] | [Yönetmelik];Sayfa 7 / Madde 6(7);vakýf üniversitesi|kýsýtlama|devlet üniversitesi|baþvuru;med
269;Döner sermaye üzerinden yürütülen projelerin teþvik kapsamýnda deðerlendirilebilmesi için bütçe ile ilgili temel þart nedir?;"Döner sermaye üzerinden yapýlan dýþ kaynaklý (yurt içi veya yurt dýþý) ve toplam süresi dokuz aydan fazla olan projelerin deðerlendirilebilmesi için projenin Ar-Ge niteliði taþýmasý ve projenin maddi desteðinin üniversiteye aktarýlmýþ olmasý þarttýr; üniversite hesaplarýna giriþi yapýlmayan veya þahsi bütçelerle yürütülen projeler puanlamaya dahil edilmez; ayrýca projenin baþarýyla sonuçlanmýþ olmasý ve sonuç raporunun onaylanmýþ olmasý belgelenmelidir; süresi dokuz aydan az olan veya akademik nitelik taþýmayan döner sermaye iþleri kapsam dýþýdýr.";[Baþvuru Rehberi] | [Yönetmelik];Madde 11 / Madde 7(2);döner sermaye|proje|maddi destek|Ar-Ge;hard
270;Akademik teþvik kapsamýnda 'Araþtýrma' faaliyeti olarak deðerlendirilmeyen sistematik çalýþma türleri hangileridir?;"Araþtýrma faaliyetinin deðerlendirilmesinde; eylem planý, fizibilite raporu ve envanter çalýþmasý niteliðindeki çalýþmalar kesinlikle dikkate alýnmaz; ayrýca dört aydan az süren araþtýrmalar da puanlama kapsamý dýþýnda tutulmuþtur; araþtýrmanýn puan alabilmesi için bilim, teknoloji ve sanata katký saðlayýcý özellikte olmasý ve üniversite yönetim kurulu izniyle kurum dýþýnda tam zamanlý yürütülmesi gerekir; bir nolu proje faaliyet alanýnda deðerlendirilmeyen faaliyetlerin (örneðin BAP projeleri) bu kategori altýnda sunulmasý da yasaktýr; her bir araþtýrma için onaylý sonuç raporu sunulmalýdýr.";[Yönetmelik] | [Baþvuru Rehberi];Madde 16 / Madde 7(3);araþtýrma|kapsam dýþý|fizibilite|envanter;med
271;Dergilerde yayýmlanan makalelerin deðerlendirilmesinde künye bilgileri açýsýndan aranan asgari standart nedir?;"Dergilerde yayýmlanan makalelerin puanlanabilmesi için ilgili derginin basýlmýþ olmasý veya elektronik ortamda cilt, sayfa ve yýl bilgileri ile künyesi açýk bir þekilde sunulmasý esastýr; kabul almýþ ancak henüz yayýmlanmamýþ veya künye bilgileri oluþmamýþ yayýnlar teþvik kapsamý dýþýndadýr; yayýnlarýn mutlaka 2025 takvim yýlý içerisinde yayýmlanmýþ olmasý þarttýr; makalenin türüne göre (özgün, derleme, kýsa makale) uygun kategoride beyan edilmesi ve derginin ISSN numarasýnýn bulunmasý zorunludur; çevrimiçi erken eriþim (early view) aþamasýndaki çalýþmalar yýlý belirsiz ise kabul edilmez.";[Yönetmelik] | [Baþvuru Rehberi];Madde 7(4) / Madde 21;dergi|künye|yayýn yýlý|ISSN;easy
272;Dergilerde gerçekleþtirilen editörlük faaliyetlerinde birden fazla dergide görev yapýlmasý puanlamayý nasýl etkiler?;"Dergilerde editörlük ve editör kurulu üyeliklerinin deðerlendirilmesinde, yýllýk yayýnlanan dergi sayýsýna veya farklý dergilerde görev alýnmasýna bakýlmaksýzýn sadece bir editörlük görevi dikkate alýnýr; araþtýrmacý birden fazla dergide editör olsa dahi yalnýzca bir tanesi için puan talep edebilir; çok editörlü dergilerde sadece baþ editör olan öðretim elemaný teþvik kapsamýnda deðerlendirilir; yardýmcý editörlükler veya alan editörlükleri bu kapsamda puanlanmaz; editör kurulu üyelikleri ise yönetmelik deðiþikliði ile tamamen teþvik kapsamýndan çýkartýlmýþtýr.";[Yönetmelik] | [Baþvuru Rehberi];Madde 7(4) / Madde 25;editörlük|baþ editör|kýsýtlama|puanlama;med
273;Hangi tür patentler akademik teþvik ödeneði yönetmeliði kapsamýnda 'kapsam dýþý' olarak belirtilmiþtir?;"Ulusal mevzuat kapsamýnda baþvurusu yapýlan ancak inceleme raporu sonucunda deðil de 'incelemesiz' olarak verilen ulusal patentler akademik teþvik kapsamý dýþýndadýr; puanlama için sadece Türk Patent ve Marka Kurumu tarafýndan inceleme raporu sonucunda verilen patentler kabul edilir; ayrýca tescil edilmemiþ, sadece baþvuru aþamasýnda kalan patent baþvurularý da deðerlendirmeye alýnmaz; patentlerin 2025 yýlýnda tescil edilmiþ olmasý ve tescil belgesinin nüshasýnýn FUATS'a yüklenmesi þarttýr; birden fazla ülkede tescillenen ayný içerikli patentler için mükerrer baþvuru yapýlamaz.";[Yönetmelik] | [Baþvuru Rehberi];Madde 7(7) / Madde 34;patent|incelemesiz|kapsam dýþý|tescil;hard
274;Atýf faaliyetlerinin puanlanmasýnda 'self-citation' (öz-atýf) yasaðýna dair kural tam olarak nedir?;"Akademik teþvik sisteminde, baþvuru sahibinin kendi yayýnlarýna veya eserlerine bizzat yaptýðý atýflar kesinlikle kapsam dýþýdýr; sadece 'baþka araþtýrmacýlar' tarafýndan yayýmlanmýþ çalýþmalardaki atýflar dikkate alýnýr; bu denetim atýf yapan ve atýf yapýlan eserin yazar listeleri karþýlaþtýrýlarak yapýlýr; araþtýrmacýnýn ismi atýf yapan eserin yazarlarý arasýnda yer alýyorsa o atýf puanlanmaz; atýf puanlamasýnda kiþi sayýsý dikkate alýnmaz ve her bir baþvuru sahibi için ayrý puanlama yapýlýr; atýf yapan eserin de yönetmelikçe geçerli bir yayýn kategorisinde olmasý þarttýr.";[Yönetmelik] | [Baþvuru Rehberi];Madde 7(8) / Madde 37;atýf|self-citation|baþka araþtýrmacý|kýsýtlama;med
275;Tebliðlerin sunulduðu etkinliðin uluslararasý nitelik taþýmasý için katýlýmcý ülkelerle ilgili aranan asgari þart nedir?;"Bir tebliðin sunulduðu yurt içi veya yurt dýþý etkinliðin uluslararasý sayýlabilmesi için Türkiye dýþýnda en az beþ farklý ülkeden sözlü teblið sunan konuþmacýnýn katýlým saðlamasý zorunludur; sadece beþ yabancý katýlýmcý olmasý yeterli deðildir, katýlýmcýlarýn en az beþ ayrý ülkeyi temsil etmesi þarttýr; ayrýca etkinlikte sunulan toplam tebliðlerin yarýdan fazlasýnýn (%51 ve üzeri) Türkiye dýþýndan katýlan araþtýrmacýlar tarafýndan sunulmuþ olmasý esastýr; bu kriterlerin saðlandýðý, ödemeye esas teþkil etmek üzere üniversite yönetim kurulu kararý ile de onaylanmalýdýr.";[Yönetmelik] | [Baþvuru Rehberi];Madde 7(9) / Madde 40;teblið|uluslararasý|ülke sayýsý|katýlýmcý;hard
276;Ödül kategorisinde yer alan bilim ödüllerinin deðerlendirilebilmesi için ödülü veren kuruluþun geçmiþi ile ilgili hangi kriter aranýr?;"Ödüllerin puanlanabilmesi için, ödülün sürekli olarak verilmesi ve daha önce en az beþ kez verilmiþ olmasý þarttýr; ayrýca ödülün ilgili kurum veya kuruluþun resmi internet sayfasýndan duyurulmuþ olmasý ve akademik aðýrlýklý bir deðerlendirme jürisi veya seçici kurulu tarafýndan verilmiþ olmasý gerekir; tebliðler için verilen ödüller, hakemlik ödülleri, mansiyonlar ve araþtýrmacýnýn kendi üniversitesinden aldýðý ödüller hiçbir þekilde puanlanmaz; ayný çalýþma nedeniyle alýnan farklý ödüllerden sadece bir tanesi için baþvuru yapýlabilir.";[Yönetmelik] | [Baþvuru Rehberi];Madde 7(10) / Madde 44;ödül|süreklilik|beþ kez|akademik jüri;med
277;Akademik teþvik toplam puaný hesaplanýrken her bir faaliyet türünün katkýsý için belirlenen aðýrlýk sýnýrý nedir?;"Yönetmeliðin 1. maddesi uyarýnca; akademik teþvik toplam puanýnýn hesaplanmasýnda her bir akademik faaliyet türünün (proje, yayýn, atýf vb.) aðýrlýðý toplam puanýn %30’unu geçemez; toplam akademik teþvik puaný ise hiçbir durumda 100 puaný aþamaz; örneðin yayýn kategorisinden 50 puan toplayan bir araþtýrmacýnýn bu puaný 30 olarak sabitlenir; bu kural araþtýrmacýlarý akademik faaliyetlerini tek bir alana yýðmak yerine farklý alanlarda (proje, patent, atýf vb.) üretim yapmaya teþvik etmek amacýyla getirilmiþtir; nihai puan otuzun altýnda kalanlara ödeme yapýlmaz.";[Yönetmelik];Madde 1(1) / Madde 8(3);aðýrlýk|yüzde otuz|üst sýnýr|puanlama;hard
278;Dört kiþilik çok isimli bir yayýn için 'k' katsayýsý deðeri kaç olarak belirlenmiþtir?;"Yönetmelikte yer alan Tablo 1'e göre; faaliyetteki kiþi sayýsýnýn dört olmasý durumunda her bir araþtýrmacý için uygulanacak (k) katsayýsý 0,45'tir; bu katsayý faaliyetin türüne göre belirlenen temel puan ile çarpýlarak bireysel puanýn hesaplanmasýnda kullanýlýr; kiþi sayýsý beþ olduðunda katsayý 1/5, altý olduðunda 1/6 oranýna düþer; yedi veya daha fazla katýlýmcý bulunmasý durumunda katsayý doðrudan '1 bölü kiþi sayýsý' olarak hesaplanýr; tek yazarlý eserlerde bu katsayý tam deðer olan 1'dir.";[Yönetmelik];Madde 8(4) / Tablo 1;k katsayýsý|kiþi sayýsý|puanlama|paylaþým;easy
279;Projelerde görev alan araþtýrmacý veya bursiyer öðretim elemanlarý için 'r' katsayýsý deðeri kaçtýr?;"Akademik teþvik kapsamýnda deðerlendirilen projelerde araþtýrmacýnýn rolüne göre (r) katsayýsý uygulanýr; projenin yürütücüsü olan öðretim elemaný için r=1 katsayýsý kullanýlýrken; projede araþtýrmacý veya bursiyer olarak görev yapan öðretim elemanlarý için r=0,5 katsayýsý uygulanýr; bu katsayý projenin türüne göre belirlenen oran (örneðin TÜBÝTAK 1001 için 80) ile çarpýlarak faaliyet puanýna ulaþýlýr; projenin 2025 yýlýnda baþarýyla sonuçlanmýþ ve raporunun onaylanmýþ olmasý tüm roller için zorunlu ön þarttýr.";[Yönetmelik];Madde 8(5) / Tablo 2;r katsayýsý|proje|araþtýrmacý|bursiyer;med
280;SCI-Expanded kapsamýndaki dergilerde yayýmlanan makaleler için 'p' katsayýsý hangi veriye göre belirlenir?;"p katsayýsý, makalenin yayýmlandýðý yýl için derginin ISI Web of Science tarafýndan yayýmlanan en son Çeyreklik (Quartile) sýnýflandýrmasýna göre belirlenir; Tablo 3'e göre Q1 grubu dergiler için p=1, Q2 için p=0,8, Q3 için p=0,5 ve Q4 grubu dergiler için p=0,25 katsayýsý uygulanýr; AHCI kapsamýndaki dergiler için katsayý sabit 0,5'tir; eðer bir derginin Q deðeri henüz belirlenmemiþse en alt katsayý olan 0,25 üzerinden iþlem yapýlýr; bu katsayýlar yayýn kategorisindeki temel puanlar ile çarpýlarak nihai oran bulunur.";[Yönetmelik];Madde 8(6) / Tablo 3;p katsayý|quartile|Q deðeri|wos;hard
281;Özel bir paylaþým oraný bulunmayan sanatsal karma etkinliklerde puanlama kiþi sayýsýna bölünür mü?;"Normal þartlarda oran/kiþi sayýsý kuralý uygulanýrken; sergi faaliyet türündeki karma etkinlikler ile uluslararasý boyutta performansa dayalý yayýmlanmýþ karma ses ve/veya görüntü kayýtlarý bu kuraldan muaftýr; bu tür faaliyetlerde katýlýmcý sayýsýna bakýlmaksýzýn her bir öðretim elemanýna tam puan verilir; bu istisna dýþýnda kalan tüm faaliyetlerde (makale, teblið, patent vb.) yazar veya katýlýmcý sayýsýna göre belirlenen (k) katsayýsý üzerinden puan paylaþýmý yapýlmasý zorunludur; bu durum sanatsal ortak üretimleri desteklemeyi hedefler.";[Yönetmelik];Madde 8(7);karma etkinlik|istisna|kiþi sayýsý|ses kaydý;hard
282;Akademik teþvik ödeneði baþvurusu sýrasýnda yapýlan yanlýþ beyanlarýn tespit edilmesi durumunda hangi yaptýrýmlar uygulanýr?;"Ödeme yapýldýktan sonra dahi, faaliyetlerin gerçeðe aykýrý olduðu veya yönetmelik kapsamýna girmediði anlaþýlan durumlarda yapýlan ödemeler kanuni faiziyle birlikte geri alýnýr; gerçeðe aykýrý, yanlýþ veya yanýltýcý bildirimde bulunanlar hakkýnda komisyonun bildirimi ile idari ve cezai inceleme baþlatýlýr; inceleme sonucuna göre cezai müeyyidelerin uygulanmasý gerekirse genel hükümler çerçevesinde iþlem tesis edilir; bu nedenle araþtýrmacýlarýn beyan ettikleri bilgilerin ve sisteme yükledikleri belgelerin doðruluðundan þahsen sorumlu olduklarý unutulmamalýdýr.";[Yönetmelik];Madde 10(5);yanlýþ beyan|geri alma|kanuni faiz|cezai müeyyide;med
283;Akademik teþvik ödemeleri her yýl hangi tarihte baþlar ve ne kadar süreyle devam eder?;"Hesaplanan akademik teþvik puaný üzerinden ödemeler, faaliyet yýlýný takip eden yýlýn Þubat ayýnýn on beþinden itibaren on iki ay süreyle her ayýn on beþinde gerçekleþtirilir; örneðin 2025 faaliyetleri için ödemeler 15 Þubat 2026'da baþlar ve Ocak 2027 sonuna kadar devam eder; ödemelerin yapýlabilmesi için öðretim elemanýnýn 2914 sayýlý Kanun uyarýnca aylýk alýyor olmasý þarttýr; teþvik puaný en az otuz olanlara ödeme tahakkuk ettirilir; kurum deðiþtirenlerin ödemesi yeni kurumlarýnca ayný takvim üzerinden sürdürülür.";[Yönetmelik];Madde 10(2) ve 10(3);ödeme tarihi|on iki ay|þubat|aylýk;easy
284;Üst komisyon tarafýndan ilan edilen teþvik sonuçlarýna karþý yapýlacak itirazlarýn teslim yöntemi nasýldýr?;"Akademik Teþvik Düzenleme, Denetleme ve Ýtiraz Komisyonu tarafýndan 25 Ocak 2026 tarihinde ilan edilen sonuçlara karþý yapýlacak itirazlar 26-30 Ocak 2026 tarihleri arasýnda kabul edilir; itiraz dilekçelerinin mutlaka yazýlý olarak hazýrlanmasý ve Rektör Yardýmcýlýðý Makamýna doðrudan elden teslim edilmesi zorunludur; posta, kargo veya e-posta yoluyla yapýlan itirazlar deðerlendirmeye alýnmaz; komisyon itirazlarý beþ iþ günü içerisinde inceleyerek nihai karara baðlar; itiraz sonucunda verilen kararlar kesin nitelik taþýr ve harcama birimlerine bu listeler gönderilir.";[Takvim] | [Baþvuru Rehberi];26-30 Ocak 2026 / Madde 6(6);itiraz|dilekçe|elden teslim|takvim;med
285;Akademik teþvik baþvurularýnda YÖKSÝS ve FUATS sistem çýktýlarýnýn imzalanmasý ile ilgili kural nedir?;"Teþvik ödeneði baþvurusunda bulunacak araþtýrmacýlarýn hem YÖKSÝS veri tabanýndan aldýklarý çýktýnýn hem de FUATS sisteminden aldýklarý baþvuru çýktýsýnýn her sayfasýný ýslak imzalý olarak sunmalarý zorunludur; sadece son sayfanýn imzalanmasý yeterli kabul edilmez; her sayfanýn imzalanmasý, girilen tüm akademik verilerin doðruluðunun araþtýrmacý tarafýndan resmen taahhüt edildiði anlamýna gelir; imzalý bu çýktýlar birim komisyonlarýna teslim edilirken diðer kanýtlayýcý dökümanlar sadece elektronik ortamda sisteme yüklenmelidir; imzasýz çýktýlarla yapýlan baþvurular geçersiz sayýlýr.";[Baþvuru Rehberi];Madde 8 / Sayfa 8;imza|yöksis|fuats|baþvuru;easy
286;Bildirilerden oluþan kitaplar akademik teþvik kapsamýnda 'Yayýn' kategorisinde deðerlendirilebilir mi?;"Hayýr, Yönetmeliðin 7. maddesinin 4. fýkrasý ve Baþvuru Rehberi uyarýnca bir kongrede sunulan bildirilerden oluþan kitaplar yayýn kategorisinde deðerlendirme dýþýdýr; benzer þekilde kongre, sempozyum, konferans veya benzeri bilimsel etkinlik kitapçýklarý ve içeriðinde yayýmlanmýþ bildiriler de yayýn sayýlmaz; bu tür çalýþmalar sadece 'Teblið' kategorisi altýnda puanlanabilir; bir kitabýn yayýn sayýlabilmesi için özgün bilimsel kitap niteliði taþýmasý ve ISBN numarasýna sahip olmasý þarttýr; bildirilerden oluþan kitaplarýn kitap yazarlýðý/bölüm yazarlýðý olarak sunulmamasý gerekir.";[Yönetmelik] | [Baþvuru Rehberi];Madde 7(4) / Madde 20;yayýn|teblið|bildiri kitabý|kapsam dýþý;med
287;Tanýnmýþ uluslararasý yayýnevi sayýlabilmesi için yayýnevinin yayýn dili ile ilgili aranan özel þart nedir?;"Yönetmeliðin 3. maddesinin (l) bendi uyarýnca bir yayýnevinin tanýnmýþ uluslararasý yayýnevi sayýlabilmesi için en az beþ yýldýr uluslararasý düzeyde düzenli faaliyet yürütmesinin yaný sýra Türkçe dýþýndaki dillerde ayný alanda farklý yazarlara ait en az yirmi kitap yayýmlamýþ olmasý þarttýr; bu kriter Danýþtay kararlarý ve yönetmelik güncellemeleri ile kesinleþmiþtir; yayýnevinin bu þartý saðladýðýný gösteren belgeler veya kitap listeleri FUATS sistemine kanýt olarak yüklenmelidir; sadece Türkçe yayýn yapan yayýnevleri, yurt dýþý merkezli olsalar dahi uluslararasý kategoride deðerlendirilmez.";[Yönetmelik];Madde 3(l);uluslararasý yayýnevi|dil þartý|kitap|yayýn;hard
288;Dergilerin 'Diðer uluslararasý hakemli dergi' kategorisinde puanlanabilmesi için asgari kaç yýldýr yayýmlanýyor olmasý gerekir?;"Bir derginin bu kategoride deðerlendirilebilmesi için en az beþ yýldýr yýlda en az bir sayý ile düzenli olarak yayýmlanýyor olmasý þarttýr; ayrýca derginin editör veya yayýn kurulunun uluslararasý olmasý, bilimsel deðerlendirme sürecinin internet sayfasýnda ilan edilmiþ olmasý ve yayýmlanmýþ makale künyelerine dijital olarak ulaþýlabilmesi gerekir; yayýn hayatý beþ yýldan az olan dergilerde çýkan makaleler teþvik puanlamasýna dahil edilmez; baþvuru sahibi derginin son beþ yýllýk arþivine eriþilebilen internet adresini FUATS üzerinden beyan etmelidir.";[Yönetmelik] | [Baþvuru Rehberi];Madde 7(4) / Madde 21;dergi|yayýn süresi|uluslararasý|kriter;med
289;Müzik ve Konservatuvar bölümleri için ses/görüntü kayýtlarýnýn deðerlendirilmesinde hangi ek belge zorunludur?;"Müzik ve Konservatuvar bölümlerinde görev yapan öðretim elemanlarýnýn performansa dayalý ses veya görüntü kayýtlarýnýn puanlanabilmesi için CD, DVD veya benzeri ortamdaki kayýtlara yönelik bandrol verildiðini gösterir belgenin sunulmasý zorunludur; bandrol, çalýþmanýn yayýmlandýðýný ve telif haklarýnýn resmiyetini kanýtlar; ayrýca etkinliðin ulusal veya uluslararasý niteliðini gösteren dökümanlar ve dikkate alýnan yýlda (2025) yayýmlandýðýna dair kanýtlar sisteme yüklenmelidir; yayýmlanmamýþ veya bandrolü bulunmayan stüdyo kayýtlarý yayýn kategorisinde deðerlendirmeye alýnmaz.";[Baþvuru Rehberi];Madde 28;bandrol|ses kaydý|müzik|konservatuvar;med
290;Sergi faaliyetlerinin uluslararasý sayýlabilmesi için hangi üniversite biriminin onayý gereklidir?;"Bir sergi, bienal, festival veya gösterim etkinliðinin uluslararasý olarak deðerlendirilebilmesi için serginin uluslararasý olduðunun ilgili bölüm, anabilim dalý veya anasanat dalý kurullarýnca onaylanmýþ olmasý þarttýr; bu onay kararý resmi bir kurul tutanaðý veya yazýsý þeklinde FUATS sistemine yüklenmelidir; kurul onayý bulunmayan sergiler, yurt dýþýnda gerçekleþtirilmiþ olsa dahi uluslararasý kategoride puanlanmaz; ayrýca sergi faaliyetlerinde sanata katký saðlayýcý nitelik aranýr ve serginin tamamlandýðý tarih (2025 yýlý) esas alýnýr; eðitim-öðretim faaliyeti kapsamýndaki sergiler deðerlendirilmez.";[Yönetmelik] | [Baþvuru Rehberi];Madde 7(6) / Madde 31;sergi|uluslararasý|onay|kurul kararý;med
291;Patent faaliyetlerinde PCT veya Avrupa Patent Ofisi dýþýndaki uluslararasý patent baþvurularý nasýl puanlanýr?;"Yönetmeliðin 3. maddesinin (ö) bendi uyarýnca Patent Ýþbirliði Antlaþmasý (PCT) kapsamýnda yapýlan baþvurularda en az bir istemin yenilik, buluþ basamaðý ve sanayiye uygulanabilirlik kriterlerini saðladýðýnýn araþtýrma raporunda belirtilmesi þarttýr; Avrupa Patent Sözleþmesi kapsamýnda ise Avrupa Patent Ofisi (EPO) tarafýndan verilen tescilli patentler puanlanýr; tescil edilmemiþ veya bu kriterleri saðlamayan uluslararasý baþvurular puanlanamaz; uluslararasý patentler k x 100 katsayýsý ile deðerlendirilir; tescil belgesinin nüshasý veya yetkili mercilerce düzenlenen onay raporu FUATS sistemine yüklenmelidir.";[Yönetmelik] | [Baþvuru Rehberi];Madde 3(ö) / Madde 33;patent|PCT|yenilik|buluþ basamaðý;hard
292;Atýf puanlamasýnda hem atýf yapan hem de atýf yapýlan çalýþmanýn saðlamasý gereken temel yayýn þartý nedir?;"Atýf faaliyetlerinin deðerlendirilebilmesi için hem atýf yapýlan hem de atýf yapan yayýnýn 'Akademik Teþvik Ödeneði Yönetmeliði' kapsamýnda geçerli sayýlan yayýn kategorilerinde (indeksli makale, tanýnmýþ kitap vb.) yer almasý zorunludur; örneðin yönetmelik kapsamýnda taranmayan yerel dergilerde veya popüler yayýnlarda yapýlan atýflar puanlanmaz; ayrýca sadece devlet yükseköðretim kurumlarýnda üretilen yayýnlara yapýlan atýflar geçerli kabul edilir; atýf listeleri Web of Science veya benzeri veri tabanlarýndan alýnmalý ve dergi/yayýnevi bilgileriyle kanýtlanmalýdýr.";[Yönetmelik] | [Baþvuru Rehberi];Madde 36 / Madde 7(8);atýf|geçerli yayýn|indeks|devlet üniversitesi;hard
293;Teblið faaliyetlerinde 'tam metin' (full text) zorunluluðu ve özet metinlerin durumu hakkýnda kural nedir?;"Tebliðlerin akademik teþvik kapsamýnda deðerlendirilebilmesi için elektronik veya basýlý olarak etkinlik teblið kitapçýðýnda yer almasý ve mutlaka 'tam metin' olarak yayýmlanmýþ olmasý þarttýr; sadece özet metin (abstract) olarak yayýmlanan bildiriler kesinlikle kapsam dýþýdýr ve puan verilmez; araþtýrmacýlar tebliðin tam metnini ve kitapçýðýn basým/künye bilgilerini FUATS sistemine yüklemelidir; ayrýca tebliðin sunulduðunu gösteren katýlým belgesi de dosyaya eklenmelidir; tam metin zorunluluðu bilimsel çalýþmanýn bütünlüðünün ve akademik paylaþýmýn somut çýktýsýnýn denetlenmesi içindir.";[Yönetmelik] | [Baþvuru Rehberi];Madde 7(9) / Madde 41;teblið|tam metin|özet metin|kapsam dýþý;easy
294;YÖK Yýlýn Doktora Tezi Ödülü akademik teþvik sisteminde kaç puan kazandýrýr?;"YÖK Yýlýn Doktora Tezi Ödülü, ödül kategorisinde en yüksek puan diliminde yer alan bir faaliyettir; Tablo 4'e göre bu ödül için %100 faaliyet oraný uygulanýr; bu oran ödül kategorisinin temel puaný olan 20 ile çarpýldýðýnda araþtýrmacýya 20 tam puan kazandýrýr; ödülün mutlaka 2025 yýlý içerisinde verilmiþ olmasý ve yetkili mercilerce onaylanmýþ belgesinin sisteme yüklenmesi þarttýr; bu puan teþvik ödeneðine esas nihai puana doðrudan eklenir (kategori üst sýnýrý olan 30 puaný geçemez); doktora tezinin kendisi yayýn olarak puanlanmazken bu ödül puan kazandýrýr.";[Yönetmelik];Tablo 4 (9. Ödül);yök ödülü|doktora tezi|puanlama|ödül;hard
295;Fýrat Üniversitesi takvimine göre kesinleþen teþvik listelerinin harcama birimlerine bildirilmesi ne zaman gerçekleþir?;"Tüm deðerlendirme ve itiraz süreçleri tamamlandýktan sonra, 06 Þubat 2026 tarihinde kesin listeler oluþturulur; bu listeler teþvik almaya hak kazanan öðretim elemanlarýna ödeme yapýlabilmesi amacýyla üniversitenin ilgili harcama birimlerine ayný gün bildirilir; bu tarihten sonra listeler üzerinde herhangi bir deðiþiklik yapýlmasý mümkün deðildir; ödemeler ise bu listeler esas alýnarak 15 Þubat tarihinden itibaren aylýk olarak yatýrýlmaya baþlanýr; listelerin harcama birimlerine ulaþmasý idari sürecin nihayete erdiðini gösterir.";[Takvim];06 Þubat 2026;kesin liste|harcama birimi|ödeme bildirimi|takvim;easy
296;Tasarým faaliyetlerinde 'tescil' ve 'uygulanma' þartlarý arasýndaki iliþki nasýldýr?;"Tasarýmýn deðerlendirilebilmesi için dikkate alýnan yýl (2025) içerisinde ya tescil edilmiþ olmasý ya da kamu kurumlarý veya özel hukuk tüzel kiþileriyle yapýlan bir sözleþme uyarýnca uygulanmýþ/ticarileþtirilmiþ olmasý þarttýr; tescil edilmiþ bir tasarým için ayrýca uygulama sözleþmesi aranmazken, tescilsiz tasarýmlar için resmi uygulama belgesi zorunludur; her iki durumda da tasarýmýn bilim, teknoloji ve sanata katký saðlayýcý özellikte olmasý ve araþtýrmacýnýn kendi uzmanlýk alaný ile ilgili olmasý esastýr; sadece taslak aþamasýnda kalan projeler puanlanmaz.";[Yönetmelik] | [Baþvuru Rehberi];Madde 7(5) / Madde 30;tasarým|tescil|ticarileþme|sözleþme;med
297;Akademik teþvik itiraz dilekçelerinin posta veya faks yoluyla gönderilmesi neden kabul edilmemektedir?;"Akademik teþvik takvimi ve rehberi uyarýnca itiraz dilekçelerinin mutlaka Rektör Yardýmcýlýðý Makamýna 'elden' teslim edilmesi zorunludur; posta, faks veya e-posta yoluyla yapýlan baþvurular kayýt güvenliði ve sürenin doðrulanmasý açýsýndan geçersiz sayýlýr; itirazlar 26-30 Ocak 2026 tarihleri arasýnda kabul edilmektedir; elden teslimat sýrasýnda evrakýn alýndýðýna dair teyit iþlemi gerçekleþtirilir; bu kural itiraz sürecinin hýzlý ve eksiksiz bir þekilde beþ iþ günü içinde tamamlanabilmesi için getirilmiþtir; kurum dýþýnda olan araþtýrmacýlarýn bu duruma göre önlem almasý beklenir.";[Takvim] | [Baþvuru Rehberi];26-30 Ocak 2026 / Madde 6(6);itiraz|elden teslim|dilekçe|kýsýtlama;med
298;Öz-atýf (self-citation) tespit edilen bir araþtýrmacýnýn puanlamasý nasýl etkilenir?;"Araþtýrmacýnýn kendi yayýnlarýna yaptýðý atýflar yönetmelik uyarýnca kapsam dýþý býrakýlmýþtýr; eðer atýf listesinde öz-atýf tespit edilirse, birim veya üst komisyon ilgili atýf puanlarýný silerek toplam puaný yeniden hesaplar; araþtýrmacýlarýn Web of Science üzerinden aldýklarý atýf listelerinde yazar isimlerini kontrol ederek öz-atýflarý ayýklamalarý zorunludur; yanlýþ beyanýn büyüklüðüne göre komisyon araþtýrmacý hakkýnda inceleme baþlatma ve ödemelerin geri alýnmasý gibi süreçleri de iþletebilir; atýf puanlamasýnda þeffaflýk ve dürüstlük ilkesi esastýr.";[Yönetmelik] | [Baþvuru Rehberi];Madde 7(8) / Madde 37;atýf|self-citation|puan silme|denetim;med
299;A1 alaný (Eðitim, Fen, Mühendislik) için SCI kapsamýndaki bir derleme makalenin puaný nasýl hesaplanýr?;"Tablo 4'e göre SCI kapsamýndaki derleme makaleler için oran k x p x 30 olarak belirlenmiþtir; burada k kiþi sayýsýný (Tablo 1), p ise derginin Q deðerini (Tablo 3) ifade eder; örneðin tek yazarlý ve Q1 bir dergideki derleme makale için hesaplama 1 x 1 x 30 = 30 puan þeklindedir; bu puan yayýn kategorisinin temel puanýdýr; araþtýrma makalelerinde bu oran k x p x 60 iken derleme ve kýsa makalelerde puan katsayýsý yarýya düþmektedir; makalenin 2025 yýlý içerisinde müstakil olarak yayýmlanmýþ olmasý þarttýr.";[Yönetmelik];Tablo 4 (3. Yayýn) / Madde 8(6);derleme|makale|puanlama|katsayý;hard
300;Akademik teþvik baþvurusu için gerekli olan 30 puan barajý hangi faaliyetlerin toplamýný ifade eder?;"Yönetmeliðin 10. maddesinin 3. fýkrasýna göre teþvik ödeneðinin ödenebilmesi için araþtýrmacýnýn hesaplanan 'akademik teþvik puanýnýn' (tüm kategorilerin toplamý) en az otuz olmasý gerekir; bu puan, her bir faaliyet türünün %30'luk aðýrlýk sýnýrý gözetilerek hesaplanan nihai puandýr; sadece tek bir kategoriden 30 puan alarak veya farklý kategorilerin toplamýyla bu baraja ulaþýlabilir; 30 puan barajýnýn altýnda kalan öðretim elemanlarýna herhangi bir teþvik ödemesi yapýlmaz; bu sýnýr ödeneðin belirli bir akademik baþarý seviyesine sahip olanlara verilmesini garanti altýna alýr.";[Yönetmelik];Madde 10(3);baraj puan|otuz puan|toplam puan|ödeme þartý;easy
301;Sergi faaliyetlerinde tekrarlayan etkinlikler için uygulanan %50 puan kuralý neyi ifade eder?;"Yönetmeliðin 7. maddesinin 6. fýkrasýna göre; ayný yýl içerisinde tekrar eden sergi, konser, festival veya gösteri gibi etkinliklerde en çok iki etkinlik dikkate alýnýr; ilk etkinlik tam puanla deðerlendirilirken, ikinci tekrar etkinlik için mevcut faaliyet puanýnýn yarýsý (%50'si) verilir; ikiden fazla tekrar eden ayný içerikli faaliyetler için ise hiçbir puanlama yapýlmaz; bu kural araþtýrmacýnýn ayný eserle mükerrer ve haksýz puan toplamasýný engellemek, sanatsal üretimin çeþitliliðini artýrmak amacýyla getirilmiþtir; her bir etkinliðin yeri ve tarihi kanýtlanmalýdýr.";[Yönetmelik];Madde 7(6);sergi|tekrarlayan etkinlik|puanlama|kýsýtlama;hard
302;TÜBÝTAK 1001 projesinde araþtýrmacý olarak görev alan bir öðretim elemanýnýn puaný nasýl belirlenir?;"Tablo 4'e göre TÜBÝTAK 1001 projeleri için temel oran r x 80'dir; araþtýrmacý rolü için (r) katsayýsý Tablo 2 uyarýnca 0,5 olarak uygulanýr; dolayýsýyla hesaplama 0,5 x 80 = 40 oranýna ulaþýr; bu oran projenin tür puaný olan 20 ile çarpýlarak (40% x 20) 8 puan olarak toplam teþvik puanýna yansýtýlýr; projenin 2025 yýlýnda baþarýyla sonuçlanmýþ ve sonuç raporunun onaylanmýþ olmasý þarttýr; ayný proje için farklý kurumlarca saðlanan ek destekler için mükerrer puanlama yapýlamayacaðý unutulmamalýdýr.";[Yönetmelik];Tablo 4 (1. Proje) / Madde 8(5);tübitak 1001|proje|araþtýrmacý|r katsayýsý;med
303;Akademik teþvik ödemesi sürerken emekli olan veya istifa eden personelin ödemesi ne olur?;"Akademik teþvik ödeneði öðretim elemanlarýna 2914 sayýlý Kanun uyarýnca aylýk ödendiði sürece yapýlýr; araþtýrmacýnýn emeklilik, istifa veya diðer nedenlerle iliþiði kesilip aylýk ödemesi durduðunda teþvik ödemesi de ayný tarihten itibaren kesilir; teþvik ödeneði, personelin aktif görevde ve aylýk alýyor olmasýna baðlý bir yan ödeme türüdür; ödeme süreci olan on iki ay tamamlanmadan kurumdan ayrýlanlara kalan tutarlar için toplu bir ödeme yapýlmaz; ancak baþka bir devlet üniversitesine geçenlerin ödemesi yeni kurumlarýnda devam eder.";[Yönetmelik];Madde 10(2) ve 10(4);emeklilik|istifa|ödeme kesilmesi|aylýk;easy
304;Bir konferansýn uluslararasý sayýlabilmesi için katýlýmcýlarýn kaç farklý ülkeden gelmesi þarttýr?;"Yönetmeliðin 7. maddesinin 9. fýkrasýna ve Baþvuru Rehberi'ne göre; tebliðlerin sunulduðu etkinliðin uluslararasý olarak nitelendirilebilmesi için Türkiye dýþýnda en az beþ farklý ülkeden sözlü teblið sunan konuþmacýnýn katýlým saðlamasý þarttýr; beþ farklý ülke kriteri katýlýmcý çeþitliliðini teyit eder; sadece yabancý katýlýmcý sayýsýnýn çok olmasý yeterli deðildir; örneðin on yabancý katýlýmcý olsa dahi bunlarýn tamamý ayný ülkeden geliyorsa etkinlik uluslararasý sayýlmaz; bu durumun ispatý için kiþilerin üniversitelerini ve çalýþma adreslerini gösteren belgeler sunulmalýdýr.";[Yönetmelik] | [Baþvuru Rehberi];Madde 7(9) / Madde 42;teblið|uluslararasý|ülke sayýsý|konferans;med
305;Ödül kategorisinde 'mansiyon' ödülleri akademik teþvik puanlamasý kapsamýnda deðerlendirilebilir mi?;"Hayýr, Baþvuru Rehberinin 45. maddesi ve Yönetmeliðin ilgili kýsýmlarý uyarýnca 'mansiyon ödülleri' kesinlikle kapsam dýþý býrakýlmýþtýr; teþvik puanlamasý için sadece dereceye giren (birinci, ikinci, üçüncü vb.) veya kurumun en yüksek bilimsel ödülü niteliðindeki baþarýlar dikkate alýnýr; ödülün sürekli olmasý (en az 5 kez verilmiþ olmasý) ve akademik bir jüri tarafýndan deðerlendirilmiþ olmasý da zorunlu þartlar arasýndadýr; araþtýrmacýlarýn aldýklarý mansiyon belgelerini ödül kategorisinde beyan etmemeleri gerekmektedir; bu tür belgeler sistem tarafýndan reddedilir.";[Baþvuru Rehberi] | [Yönetmelik];Madde 45 / Madde 7(10);mansiyon|ödül|kapsam dýþý|ret;easy
306;Alan indeksleri (ÜAK) kapsamýnda yayýmlanan makaleler için hangi temel alanlarda puanlama yapýlýr?;"Alan indeksi puanlamasý sadece Eðitim Bilimleri, Mimarlýk, Planlama ve Tasarým, Sosyal, Beþeri ve Ýdari Bilimler ile Spor Bilimleri temel alanlarý için geçerlidir; Fen Bilimleri, Mühendislik veya Saðlýk Bilimleri gibi bu listenin dýþýndaki alanlarda alan indeksi üzerinden puanlama yapýlamaz; baþvuru sahibinin derginin ÜAK doçentlik kriterlerinde tanýmlanan alan indeksine girdiðini gösteren güncel belgeyi sisteme yüklemesi þarttýr; bu kural doçentlik baþvurusu kriterleri ile teþvik sisteminin uyumlu çalýþmasýný saðlamak amacýyla yönetmelikte yer almaktadýr.";[Baþvuru Rehberi];Madde 26 / Sayfa 16;alan indeksi|temel alanlar|üak|indeks;hard
307;Dergilerde gerçekleþtirilen 'editör kurulu üyeliði' görevi için puan talep edilebilir mi?;"Hayýr, Baþvuru Rehberinin 25. maddesi uyarýnca 'editör kurulu üyelikleri' akademik teþvik kapsamýndan tamamen çýkartýlmýþtýr; bu tür görevler için yapýlan puan talepleri komisyonlar tarafýndan reddedilir; dergi editörlüðü kategorisinde sadece 'baþ editör' olan öðretim elemanlarý teþvikten yararlanabilir; çok editörlü dergilerde baþ editör dýþýndaki diðer editör veya kurul üyeleri puan alamazlar; araþtýrmacýlarýn bu deðiþikliði dikkate alarak sadece geçerli olan baþ editörlük görevlerini beyan etmeleri ve kanýtlarýný (web sitesi ekran görüntüsü vb.) sunmalarý gerekmektedir.";[Baþvuru Rehberi];Madde 25;editör kurulu|kapsam dýþý|baþ editör|ret;med
308;Akademik teþvik ödeneði hangi vergilerden muaftýr ve bu ödeme net miktar üzerinden mi yapýlýr?;"Yönetmeliðin 10. maddesinin 2. fýkrasýna göre; akademik teþvik ödeneði damga vergisi hariç herhangi bir vergiye (gelir vergisi vb.) tabi tutulmaz; ödeme sýrasýnda brüt tutar üzerinden sadece damga vergisi kesintisi yapýlýr ve kalan net tutar araþtýrmacýya ödenir; ayrýca bu ödenek diðer ek ders, tazminat veya döner sermaye ödemelerinin hesabýnda matrah olarak dikkate alýnmaz; yani baþka bir ödemenin miktarýný etkilemez veya onlardan etkilenmez; bu vergi muafiyeti personelin eline geçen net teþvik miktarýný korumayý amaçlamaktadýr.";[Yönetmelik];Madde 10(2c);vergi muafiyeti|damga vergisi|ek ödeme|net maaþ;med
309;Patent faaliyetlerinde PCT kapsamýndaki bir baþvurunun uluslararasý sayýlabilmesi için araþtýrma raporunda hangi ifadeler aranýr?;"Patent Ýþbirliði Antlaþmasý (PCT) kapsamýnda yapýlan baþvurularda; uluslararasý araþtýrma raporunun yazýlý görüþ kýsmýnda veya ön inceleme raporunda en az bir istemin 'yenilik, buluþ basamaðý ve sanayiye uygulanabilirlik' kriterlerini saðladýðýnýn ifade edilmiþ olmasý þarttýr; bu teknik kriterleri saðlamayan baþvurular uluslararasý patent kategorisinde puanlanamaz; araþtýrmacýlarýn tescil belgesiyle birlikte bu teknik raporu da FUATS sistemine yüklemeleri zorunludur; patentin tescil yýlý 2025 olmalýdýr; tescil edilmemiþ sadece baþvuru aþamasýndaki patentler deðerlendirmeye alýnmaz.";[Yönetmelik] | [Baþvuru Rehberi];Madde 3(ö) / Madde 33;patent|PCT|yenilik|buluþ basamaðý;hard
310;Akademik teþvik baþvurusunda bulunan araþtýrmacýlarýn 'Kurum Deðiþikliði Beyan Formu' sunmasý hangi durumda zorunludur?;"Öðretim elemaný 2025 yýlý içerisinde baþka bir kurumdan (üniversite veya kamu kurumu) gelmiþ ise, önceki kurumda ve mevcut üniversitemizde gerçekleþtirdiði faaliyetleri ayrýntýlý olarak belirten 'Kurum Deðiþikliði Beyan Formu'nu sunmasý zorunludur; bu form faaliyetlerin nerede ve hangi sýfatla yapýldýðýnýn teyidi için istenir; ayrýca YÖKSÝS çýktýsýnda da her bir faaliyetin hangi kurum bünyesinde yapýldýðý açýkça görülmelidir; bu dökümanlar eksik olduðunda farklý kurumlarda yapýlan faaliyetlerin deðerlendirilmesi mümkün olmayabilir; beyanýn doðruluðu araþtýrmacýnýn sorumluluðundadýr.";[Baþvuru Rehberi];Madde 8 / Sayfa 8;kurum deðiþikliði|beyan formu|naklen atama|yöksis;med
311;Fýrat Üniversitesi akademik teþvik baþvurularý hangi tarihler arasýnda ve hangi sistemler üzerinden gerçekleþtirilmelidir?;"Öðretim elemanlarý, akademik teþvik baþvurularýný 02-11 Ocak 2026 tarihleri arasýnda gerçekleþtirmelidir; baþvurular kadrolarýn bulunduðu birimin komisyonuna YÖKSÝS’ten alýnan çýktý ile birlikte FU Akademik Teþvik Sistemi (FUATS) üzerinden yapýlmalýdýr; araþtýrmacýlar sadece YÖKSÝS ve FUATS sistem çýktýlarýný imzalayarak birimlerine teslim ederken, kanýtlayýcý belgeler elektronik ortamda sistem üzerinden sunulur; süresi dýþýndaki baþvurular deðerlendirmeye alýnmaz.";[Takvim];02-11 Ocak 2026;baþvuru|tarih|fuats|yöksis;easy
312;Akademik Teþvik Ödeneði Yönetmeliði hükümleri hangi özel akademi ve üniversite kadrolarýndaki öðretim elemanlarý için de uygulanýr?;"Yönetmeliðin 1. maddesinin 2. fýkrasý uyarýnca, bu düzenleme sadece devlet üniversiteleriyle sýnýrlý deðildir; Milli Savunma Üniversitesi, Jandarma ve Sahil Güvenlik Akademisi ile Polis Akademisi kadrolarýnda bulunan öðretim elemanlarý da bu yönetmelik hükümlerine tabidir; bu kurumlardaki uygulama usul ve esaslarý ilgili rektör veya akademi baþkanlarý tarafýndan belirlenmektedir; bu personelin teþvik puanlarý da yönetmelikteki faaliyet türlerine göre hesaplanarak ödeme süreçlerine dahil edilir.";[Yönetmelik];Madde 1(2);kapsam|milli savunma üniversitesi|polis akademisi|jandarma;med
313;Akademik teþvik baþvurusu yapacak araþtýrmacýlarýn YÖKSÝS ve FUATS sistem çýktýlarýnýn tesliminde uymasý gereken imza kuralý nedir?;"Baþvuru Rehberi'ne göre, akademik teþvik ödeneði baþvurusunda bulunacak araþtýrmacýlarýn YÖKSÝS çýktýsý ve FUATS sistem çýktýsýný sunarken belirli bir kurala uymasý þarttýr; her iki sistemden alýnan çýktýlarýn her sayfasýnýn araþtýrmacý tarafýndan imzalý olarak sunulmasý zorunludur; sadece son sayfanýn imzalanmasý yeterli görülmemekte, tüm sayfalarýn ýslak imza ile onaylanmasý gerekmektedir; bu imzalý belgeler ilgili birimlere teslim edilirken, diðer destekleyici kanýtlar ise elektronik ortamda yüklenmelidir.";[Baþvuru Rehberi];Madde 8 / Sayfa 8;imza|yöksis|fuats|belge;easy
314;Üç isimli bir yayýn veya teblið faaliyeti için akademik teþvik puaný hesaplanýrken hangi 'k' katsayýsý uygulanýr?;"Yönetmeliðin 8. maddesinde yer alan Tablo 1'e göre, çok isimli faaliyetlerde kiþi sayýsýna göre deðiþen katsayýlar belirlenmiþtir; bir makale, derleme, kitap, kitap bölümü, teblið veya patentte yazar/katýlýmcý sayýsý üç ise uygulanacak (k) katsayýsý 0,6 olarak belirlenmiþtir; bu katsayý, ilgili faaliyetin toplam puaný ile çarpýlarak araþtýrmacýnýn bireysel puanýna ulaþýlmasýný saðlar; yazar sayýsý arttýkça katsayý düþmekte; örneðin iki kiþi için 0,8 iken dört kiþi için 0,45 deðeri kullanýlmaktadýr.";[Yönetmelik];Madde 8(4) / Tablo 1;katsayý|yazar sayýsý|puanlama|hesaplama;med
315;Akademik Teþvik Düzenleme, Denetleme ve Ýtiraz Komisyonu'na yapýlacak itirazlarýn yöntemi ve teslim edileceði makam hangisidir?;"Ýlan edilen teþvik sonuçlarýna karþý yapýlacak itirazlar için belirli bir takvim ve yöntem öngörülmüþtür; itiraz dilekçeleri 26-30 Ocak 2026 tarihleri arasýnda hazýrlanmalý ve doðrudan Rektör Yardýmcýlýðý Makamýna elden teslim edilmelidir; yönetmelik ve takvim uyarýnca posta, kargo veya e-posta yoluyla yapýlan itiraz baþvurularý kabul edilmez; elden teslim edilen dilekçeler komisyon tarafýndan 01-05 Þubat 2026 tarihleri arasýnda deðerlendirilerek nihai karara baðlanýr; komisyonun itirazlar sonucunda verdiði kararlar kesin niteliktedir.";[Takvim] | [Baþvuru Rehberi];26-30 Ocak 2026;itiraz|dilekçe|rektör yardýmcýsý|teslim;med
316;Yükseköðretim kurumlarý tarafýndan desteklenen bilimsel araþtýrma projeleri (BAP) akademik teþvik puanlamasý kapsamýnda deðerlendirilir mi?;"Baþvuru rehberinin kapsam dýþý projeleri düzenleyen 12. maddesi uyarýnca, yükseköðretim kurumlarý tarafýndan desteklenen bilimsel araþtýrma projeleri (BAP) akademik teþvik kapsamýnda deðerlendirmeye alýnmaz; bu projeler için puanlama yapýlmaz ve FUATS sistemine giriþleri gerçekleþtirilmez; benzer þekilde TÜBÝTAK-1002 projeleri, araþtýrma altyapýsý oluþturma projeleri ve öðrenci projeleri de teþvik dýþý býrakýlmýþtýr; araþtýrmacýlarýn sadece yönetmelikte açýkça belirtilen TÜBÝTAK akademik destekleri ve kapsam dahilindeki Ar-Ge projelerini beyan etmeleri gerekmektedir.";[Baþvuru Rehberi];Madde 12 / Sayfa 11;BAP|proje|kapsam dýþý|teþvik;easy
317;Bir öðretim elemanýnýn her bir faaliyet türünden alabileceði puanýn toplam teþvik puaný içindeki aðýrlýðý nasýl sýnýrlandýrýlmýþtýr?;"Yönetmeliðin 1. maddesi ve 8. maddesi uyarýnca, akademik teþvik puanýnýn hesaplanmasýnda faaliyet türleri arasýnda bir denge gözetilmiþtir; öðretim elemanýnýn her bir faaliyet türünden (örneðin sadece yayýn veya sadece atýf) topladýðý faaliyet puaný, akademik teþvik toplam puanýnýn %30’unu geçemez; toplam akademik teþvik puaný ise hiçbir durumda 100 puaný aþamaz; bu kural, araþtýrmacýlarýn sadece tek bir alanda deðil, farklý akademik faaliyet alanlarýnda üretim yapmasýný teþvik etmek amacýyla uygulanmaktadýr; her kategori kendi içinde sýnýrlandýrýlmýþtýr.";[Yönetmelik];Madde 1(1) / Madde 8(3);puan|aðýrlýk|üst sýnýr|hesaplama;hard
318;Vakýf üniversitelerinden devlet üniversitelerine geçen öðretim elemanlarý hangi dönemdeki faaliyetleri için teþvik baþvurusunda bulunabilir?;"Baþvuru Rehberi'nin 'Genel Bilgilendirme' bölümünde yer alan hükme göre, kurum deðiþikliði yapan personelin baþvurularý belirli þartlara tabidir; vakýf üniversitelerinden devlet üniversiteleri kadrolarýna geçen öðretim elemanlarý, sadece devlet üniversitelerinde görev yaptýklarý süre içerisinde gerçekleþtirdikleri faaliyetler için teþvik baþvurusunda bulunabilirler; vakýf üniversitesindeyken yürütülen projeler veya yayýmlanan makaleler devlet kurumuna geçilse dahi puanlanmaz; bu araþtýrmacýlarýn YÖKSÝS çýktýsýnda faaliyetlerin hangi kurumda yapýldýðýný açýkça göstermeleri ve Kurum Deðiþikliði Beyan Formunu sunmalarý zorunludur.";[Baþvuru Rehberi];Sayfa 7 / Madde 8;vakýf üniversitesi|kurum deðiþikliði|devlet üniversitesi|baþvuru;med
319;Akademik teþvik almaya hak kazanan öðretim elemanlarýnýn listeleri ödeme yapýlabilmesi için hangi tarihte harcama birimlerine bildirilir?;"Akademik teþvik sürecinin sonuçlanmasýnýn ardýndan ödeme aþamasýna geçilmesi için takvimde net bir tarih belirlenmiþtir; 06 Þubat 2026 tarihinde kesin listelerin oluþturulmasý planlanmýþtýr; bu listeler, teþvik almaya hak kazanan öðretim elemanlarýna ödeme yapýlabilmesi amacýyla üniversitenin ilgili harcama birimlerine ayný gün bildirilir; bu bildirimle birlikte idari süreç tamamlanýr ve ödemeler Þubat ayýnýn on beþinden itibaren baþlatýlarak on iki ay boyunca devam eder; harcama birimleri bu listeleri esas alarak tahakkuk iþlemlerini yürütür.";[Takvim];06 Þubat 2026;kesin liste|ödeme|harcama birimi|tarih;easy
320;Döner sermaye üzerinden yürütülen Ar-Ge projelerinin akademik teþvik kapsamýnda deðerlendirilebilmesi için asgari süresi ne kadar olmalýdýr?;"Baþvuru Rehberinin 11. maddesi uyarýnca, döner sermaye üzerinden yapýlan dýþ kaynaklý (yurt içi veya yurt dýþý) projelerin puanlanabilmesi için iki temel þart aranýr; ilk olarak projenin mutlaka Ar-Ge niteliði taþýmasý gerekir; ikinci olarak ise toplam proje süresinin dokuz aydan az olmamasý (9 ay ve üzeri) þarttýr; süresi dokuz aydan az olan veya Ar-Ge niteliði bulunmayan döner sermaye iþleri kapsam dýþý býrakýlmýþtýr; ayrýca bu projelerin maddi desteðinin üniversiteye aktarýlmýþ olmasý ve projenin 2025 yýlý içerisinde sonuçlanmýþ olmasý belgelenmelidir.";[Baþvuru Rehberi];Madde 11 / Sayfa 11;döner sermaye|proje|süre|Ar-Ge;med
321;Kitaplarýn akademik teþvik kapsamýnda deðerlendirilebilmesi için sahip olmasý gereken zorunlu numara nedir ve hangi belgeler sunulmalýdýr?;"Yönetmelik ve Baþvuru Rehberi uyarýnca, yayýn kategorisinde yer alan kitaplarýn deðerlendirilmesi için ISBN numarasýnýn olmasý esastýr; ISBN numarasý bulunmayan eserler kitap kategorisinde puanlanamaz; belgelendirme sürecinde ise kitap yazarlýðý, bölüm yazarlýðý veya editörlük için yayýneviyle yapýlan sözleþme, yayýnevinden veya editörden gelen davet mektubu gibi evraklar sunulmalýdýr; ayrýca FUATS sistemine kitabýn kapak, basým bilgileri, içindekiler ve ilk iki sayfasýnýn yer aldýðý tek bir dosya yüklenmelidir; deðerlendirmelerde kitabýn 2025 yýlýndaki ilk baský tarihi esas alýnmaktadýr.";[Baþvuru Rehberi] | [Yönetmelik];Madde 19 / Madde 7(4);kitap|ISBN|sözleþme|yayýn;easy
322;Akademik teþvik ödeneði hesaplanýrken araþtýrma görevlisi ve öðretim görevlisi kadrolarý için uygulanan ödeme oraný nedir?;"Yönetmeliðin 8. maddesi uyarýnca teþvik ödemesi, en yüksek Devlet memuru brüt aylýk tutarý esas alýnarak hesaplanýr; bu hesaplamada akademik kadro unvanlarýna göre farklý oranlar belirlenmiþtir; profesörler için %100, doçentler için %90 ve doktor öðretim üyeleri için %80 oraný uygulanýrken; araþtýrma görevlisi ve öðretim görevlisi kadrolarýnda bulunanlar için bu oran %70 olarak sabitlenmiþtir; nihai tutar bu oranýn akademik teþvik puanýnýn yüze bölünmesiyle elde edilen katsayý ile çarpýlmasýyla bulunur; unvan deðiþikliðinde baþvuru tarihindeki kadro esas alýnýr.";[Yönetmelik];Madde 8(1);ödeme|oran|unvan|araþtýrma görevlisi;easy
323;Teþvik almaya hak kazanan öðretim elemanlarý sonuçlarý hangi platformdan öðrenebilir ve ilan tarihi nedir?;"Akademik teþvik takvimine göre deðerlendirme süreci iki aþamalýdýr; ilk ilan birim komisyonlarý sonrasý yapýlýrken, asýl sonuçlar üst komisyon tarafýndan duyurulur; Akademik Teþvik Düzenleme, Denetleme ve Ýtiraz Komisyonu tarafýndan yapýlan deðerlendirme sonucunda teþvik almaya hak kazanan öðretim elemanlarý 25 Ocak 2026 tarihinde FUATS sistemi üzerinden ilan edilir; araþtýrmacýlar bu sisteme giriþ yaparak puanlarýný ve faaliyet durumlarýný kontrol edebilirler; bu ilan tarihi ayný zamanda beþ iþ günü sürecek olan itiraz sürecinin de baþlangýcý olarak kabul edilmektedir.";[Takvim];25 Ocak 2026;ilan|fuats|sonuçlar|takvim;easy
324;Alan endeksleri kapsamýndaki dergilerde yayýmlanan makaleler için hangi kurumun tanýmladýðý alanlar esas alýnmaktadýr?;"Yönetmelik ve Baþvuru Rehberine göre, alan endeksleri Üniversitelerarasý Kurul (ÜAK) Baþkanlýðý tarafýndan hazýrlanýp Yükseköðretim Kurulunca onaylanan listeleri ifade eder; bu kapsamda puanlama yapýlabilmesi için derginin ilgili alan indeksine girdiðini gösteren ÜAK sayfasýndan alýnmýþ belgenin FUATS sistemine yüklenmesi þarttýr; ancak bu puanlama kategorisi sadece Eðitim Bilimleri, Mimarlýk, Planlama ve Tasarým, Sosyal, Beþeri ve Ýdari Bilimler ile Spor Bilimleri temel alanlarý için geçerlidir; bu temel alanlar dýþýndaki branþlarda alan indeksi üzerinden teþvik puaný hesaplanamaz.";[Baþvuru Rehberi] | [Yönetmelik];Madde 26 / Madde 3(b);alan indeksi|üak|doçentlik|indeks;hard
325;Üst komisyonun (Akademik Teþvik Düzenleme, Denetleme ve Ýtiraz Komisyonu) toplantý ve karar yeter sayýsý kuralý nedir?;"Yönetmeliðin 4. maddesinin 2. fýkrasý uyarýnca, komisyonun karar alma süreci belirli bir çoðunluða baðlanmýþtýr; komisyon, baþkan dahil üye tam sayýsýnýn salt çoðunluðu ile toplanýr ve toplantýya katýlanlarýn salt çoðunluðu ile karar alýr; oylarýn eþitliði durumunda ise komisyon baþkanýnýn oyu yönünde karar alýnmýþ sayýlýr; üyelerin oylama sýrasýnda çekimser oy kullanmalarý yasaktýr; bu kural birim akademik teþvik baþvuru ve inceleme komisyonlarý için de Madde 5(2) kapsamýnda aynen geçerlidir; kararlarýn geçerliliði için bu usule uyulmasý zorunluluktur.";[Yönetmelik];Madde 4(2) / Madde 5(2);komisyon|karar yeter sayýsý|toplantý|salt çoðunluk;med
326;Araþtýrma faaliyetinin puanlanabilmesi için yurt içi veya yurt dýþý görevlendirmenin hangi makam tarafýndan onaylanmasý gerekir?;"Yönetmeliðin 7. maddesinin 3. fýkrasý uyarýnca, araþtýrma faaliyetlerinin deðerlendirilebilmesi için görevlendirme onayý kritik bir belgedir; yurt içi ve yurt dýþý ilgili kurumlarca önceden onaylanmýþ araþtýrmalar için mutlaka 'Üniversite Yönetim Kurulu' tarafýndan resmi görevlendirme yapýlmýþ olmasý gerekmektedir; bu izin yazýsýnýn baþvuru dosyasýna eklenmesi zorunludur; resmi görevlendirme belgesi bulunmayan, sadece kiþisel imkanlarla veya birim onayýyla yapýlan araþtýrmalar akademik teþvik kapsamýnda deðerlendirmeye alýnmaz; araþtýrma süresinin de en az dört ay olmasý bu onay belgesiyle teyit edilmelidir.";[Yönetmelik];Madde 7(3);araþtýrma|görevlendirme|yönetim kurulu|izin;med
327;Birim akademik teþvik komisyonlarý tarafýndan onaylanan evraklarýn rektörlükteki üst komisyona gönderilme tarihi nedir?;"Fýrat Üniversitesi takvimine göre, birimler bazýnda yürütülen inceleme ve giriþ iþlemleri 15 Ocak tarihinde tamamlanýr; bir sonraki gün olan 16 Ocak 2026 tarihinde, Dekanlýk veya Müdürlükler tarafýndan ilgili tüm evraklar (YÖKSÝS/FUATS çýktýlarý ve birim komisyon raporlarý) Akademik Teþvik Düzenleme, Denetleme ve Ýtiraz Komisyonuna gönderilmek üzere rektörlüðe iletilir; bu tarihten sonra birimlerden gelecek evraklar deðerlendirme takvimini aksatabileceði için zamanýnda gönderim büyük önem taþýr; üst komisyon bu evraklarý 17-24 Ocak tarihleri arasýnda incelemeye alýr.";[Takvim];16 Ocak 2026;takvim|evrak gönderimi|birim komisyonu|rektörlük;easy
328;Tebliðlerin uluslararasý olarak nitelendirilebilmesi için konuþmacýlarýn ülke çeþitliliði ile ilgili asgari kural nedir?;"Baþvuru Rehberinin 40. maddesi ve Yönetmeliðin 7. maddesi uyarýnca, bir tebliðin sunulduðu etkinliðin uluslararasý sayýlabilmesi için sayýsal bir kriter mevcuttur; Türkiye dýþýnda en az beþ farklý ülkeden sözlü teblið sunan konuþmacýnýn katýlým saðlamasý ve tebliðlerin yarýdan fazlasýnýn Türkiye dýþýndan katýlýmcýlar tarafýndan sunulmasý esastýr; sadece beþ yabancý konuþmacýnýn olmasý yeterli deðildir, bu kiþilerin beþ farklý ülkeyi temsil etmesi þarttýr; bu kriterleri saðlamayan etkinliklerde sunulan bildiriler uluslararasý teblið kategorisinde puanlanmaz; ayrýca etkinliðin uluslararasý niteliði için üniversite yönetim kurulu kararý bulunmalýdýr.";[Baþvuru Rehberi] | [Yönetmelik];Madde 40 / Madde 7(9);teblið|uluslararasý|ülke sayýsý|konuþmacý;hard
329;Akademik teþvik ödemeleri her yýl hangi tarihler arasýnda yapýlýr ve bu ödemelerden hangi vergiler kesilir?;"Yönetmeliðin 10. maddesinin 2. fýkrasý uyarýnca, teþvik ödemeleri her takvim yýlý için bir önceki yýlda gerçekleþtirilen faaliyetler esas alýnarak hesaplanýr; ödemeler Þubat ayýnýn on beþinden itibaren baþlar ve on iki ay süreyle her ayýn on beþinde gerçekleþtirilir; vergilendirme hususunda ise teþvik ödeneði damga vergisi hariç herhangi bir vergiye (gelir vergisi vb.) tabi tutulmaz; sadece damga vergisi kesintisi yapýlýr; ayrýca bu ödenek diðer tazminat, ödenek veya döner sermaye ek ödemelerinin hesabýnda dikkate alýnmaz; ödeme yapýlabilmesi için teþvik puanýnýn en az 30 olmasý þarttýr.";[Yönetmelik];Madde 10(2);ödeme|vergi|damga vergisi|tarih;med
330;Ödeme yapýldýktan sonra faaliyetlerin gerçeðe aykýrý olduðu tespit edilirse uygulanacak yasal yaptýrým nedir?;"Yönetmeliðin 10. maddesinin 5. fýkrasýna göre, akademik teþvik sisteminde dürüstlük esastýr; ödeme yapýldýktan sonra faaliyetlerin gerçeðe aykýrý olduðu veya yönetmelik kapsamýna girmediði tespit edilirse, yapýlan ödemeler kanuni faiziyle birlikte geri alýnýr; ayrýca gerçeðe aykýrý, yanlýþ veya yanýltýcý bildirimde bulunanlar hakkýnda komisyonun tespiti ve bildirimi üzerine idari inceleme baþlatýlýr; inceleme sonucunda cezai müeyyidelerin uygulanmasý gerekirse genel hükümler çerçevesinde iþlem tesis edilir; bu süreç araþtýrmacýlarýn beyan ettikleri her türlü verinin doðruluðundan sorumlu olduklarýný vurgular.";[Yönetmelik];Madde 10(5);yaptýrým|yanlýþ beyan|kanuni faiz|inceleme;hard
331;Birim akademik teþvik baþvuru ve inceleme komisyonlarý baþvurularý hangi tarihler arasýnda FUATS üzerinden inceler?;"Fýrat Üniversitesi Akademik Teþvik Takvimine göre, birim düzeyindeki deðerlendirme süreci kýsýtlý bir sürede tamamlanmalýdýr; öðretim elemanlarýnca yapýlan baþvurularýn birim akademik teþvik baþvuru ve inceleme komisyonu tarafýndan FUATS sistemi üzerinden incelenmesi 12-15 Ocak 2026 tarihleri arasýnda gerçekleþtirilir; komisyon üyeleri bu süreçte sisteme yüklenen belgeleri ve YÖKSÝS verilerini kontrol eder; 15 Ocak tarihinde ise hak kazananlarýn sisteme giriþi yapýlarak evraklar dekanlýk veya müdürlüklere teslim edilir; bu inceleme aþamasý baþvurularýn mevzuata uygunluðunu denetleyen ilk resmi basamaktýr.";[Takvim];12-15 Ocak 2026;inceleme|birim komisyonu|tarih|fuats;easy
332;Atýf puanlamasýnda araþtýrmacýnýn kendi yayýnlarýna yaptýðý atýflar (self-citation) teþvik kapsamýna dahil edilir mi?;"Yönetmeliðin 7. maddesinin 8. fýkrasý ve Baþvuru Rehberi uyarýnca, atýf tanýmý sadece baþvuru sahibinin yazar olarak yer almadýðý yayýnlardaki atýflarý kapsar; baþvuru sahibinin kendi yayýnlarýna veya eserlerine yaptýðý atýflar kesinlikle kapsam dýþýdýr ve puanlamaya dahil edilmez; sadece devlet yükseköðretim kurumlarýnda üretilen yayýnlara yapýlan atýflar geçerli kabul edilir; atýflarýn deðerlendirilmesinde kiþi sayýsý dikkate alýnmaz, her bir araþtýrmacý için ayrý puanlama yapýlýr; ayný yayýna farklý bölümlerde yapýlan atýflar ise tek bir atýf olarak sayýlýr; yanlýþ beyan edilen öz-atýflar inceleme aþamasýnda silinir.";[Baþvuru Rehberi] | [Yönetmelik];Madde 37 / Madde 7(8);atýf|self-citation|kapsam dýþý|öz-atýf;med
333;SCI, SCI-Expanded, SSCI ve AHCI kapsamýndaki dergilerde yayýmlanan 'araþtýrma makaleleri' için kullanýlan (p) katsayýsý nasýl belirlenir?;"Yönetmeliðin 8. maddesinin 6. fýkrasýna göre, bu dergilerdeki makalelerin puanlanmasýnda derginin ISI Web of Science Çeyreklik (Quartile/Q) sýnýflandýrmasý esas alýnýr; Tablo 3'te belirtildiði üzere Q1 için p=1, Q2 için p=0,8, Q3 için p=0,5 ve Q4 için p=0,25 katsayýsý kullanýlýr; AHCI kapsamýndaki dergiler için katsayý sabit 0,5 olarak uygulanýr; eðer bir derginin Q deðeri henüz belirlenmemiþse en alt katsayý deðeri olan 0,25 uygulanýr; araþtýrmacýlarýn WOS üzerinden aldýklarý ve makalenin yayýmlandýðý yýla ait Q deðerini gösteren belgeyi FUATS sistemine yüklemeleri bu katsayýnýn tespiti için zorunludur.";[Yönetmelik];Madde 8(6) / Tablo 3;p katsayýsý|quartile|Q deðeri|makale;hard
334;Projelerde görev alan öðretim elemanlarýnýn puaný hesaplanýrken kullanýlan 'r' katsayýsý hangi rollere göre deðiþmektedir?;"Yönetmeliðin 8. maddesinde yer alan Tablo 2'ye göre, projelerdeki rollerine göre araþtýrmacýlara farklý katsayýlar uygulanýr; projenin 'Yürütücüsü' olan öðretim elemaný için (r) katsayýsý 1 olarak alýnýrken; projede 'Araþtýrmacý' veya 'Bursiyer' olarak görev yapanlar için bu katsayý 0,5 olarak uygulanýr; bu katsayý projenin türüne göre belirlenen (örneðin TÜBÝTAK 1001 için 80 puan) toplam oranla çarpýlarak faaliyet puaný hesaplanýr; proje kategorisinden alýnabilecek toplam puan 20 puaný geçemez; projenin baþarýyla sonuçlandýðýna dair onaylý belgenin sunulmasý tüm roller için zorunlu þarttýr.";[Yönetmelik];Madde 8(5) / Tablo 2;r katsayýsý|proje|yürütücü|araþtýrmacý;easy
335;Akademik Teþvik Düzenleme, Denetleme ve Ýtiraz Komisyonu tarafýndan yapýlan itiraz deðerlendirmelerinin nihai karara baðlanma tarihi nedir?;"Fýrat Üniversitesi akademik teþvik takvimine göre, itirazlarýn alýnmasýnýn ardýndan üst komisyon yoðun bir deðerlendirme sürecine girer; araþtýrmacýlarýn 26-30 Ocak 2026 tarihleri arasýnda sunduðu itiraz dilekçeleri, komisyon tarafýndan 01-05 Þubat 2026 tarihleri arasýnda incelenir; bu süreç sonunda komisyon tüm itirazlarý sonuçlandýrarak nihai karara baðlar; komisyonun verdiði bu kararlar kesin niteliktedir ve baþka bir merciye itiraz edilemez; nihai kararlarýn ardýndan 06 Þubat tarihinde kesin listeler oluþturularak ödeme birimlerine bildirilir; bu aþama tüm deðerlendirme sürecinin teknik olarak sonudur.";[Takvim];01-05 Þubat 2026;itiraz|nihai karar|komisyon|tarih;med
336;Dergilerin 'Diðer uluslararasý hakemli dergi' sayýlabilmesi için yayýn hayatý süresi ile ilgili asgari þart nedir?;"Baþvuru Rehberi ve Yönetmelik uyarýnca, bir derginin bu kategoride deðerlendirilebilmesi için belirli bir süreklilik kriterini saðlamasý gerekir; derginin en az beþ yýldýr yýlda en az bir sayý ile düzenli olarak yayýmlanýyor olmasý þarttýr; ayrýca derginin editör veya yayýn kurulunun uluslararasý olmasý, bilimsel deðerlendirme sürecinin internet sayfasýnda yer almasý ve makale künyelerine dijital olarak ulaþýlabilmesi zorunludur; yayýn hayatý beþ yýldan az olan dergilerde çýkan makaleler teþvik kapsamýna dahil edilmez; baþvuru sahibi bu durumu kanýtlayan internet adresi veya arþiv bilgisini FUATS sistemine yüklemekle yükümlüdür.";[Baþvuru Rehberi] | [Yönetmelik];Madde 21 / Madde 7(4);dergi|yayýn süresi|uluslararasý|kriter;med
337;Akademik teþvik puaný hesaplanýrken her bir faaliyet türü için belirlenen puan üst sýnýrlarý nelerdir?;"Yönetmeliðin Faaliyet Hesaplama Tablosu (Tablo 4) uyarýnca her faaliyet kategorisinin toplam puana katkýsý sýnýrlýdýr; Proje türü için en fazla 20 puan, Araþtýrma için 15 puan, Yayýn için 30 puan, Tasarým için 15 puan, Sergi için 15 puan, Patent için 30 puan, Atýf için 30 puan, Teblið için 20 puan ve Ödül için 20 puan alýnabilir; öðretim elemanýnýn bir türden topladýðý faaliyet puaný o türün üst sýnýrýný, toplam akademik teþvik puaný ise 100 puaný kesinlikle geçemez; bu puanlar faaliyet oranlarýnýn ilgili katsayýlarla çarpýlmasý sonucu elde edilir; ödeme için en az 30 puan þarttýr.";[Yönetmelik];Madde 8(3) / Tablo 4;puan|üst sýnýr|faaliyet türü|toplam puan;hard
338;Akademik teþvik ödeneðinden yararlanamayacak olan öðretim elemaný grubu yönetmelikte nasýl belirtilmiþtir?;"Yönetmeliðin 6. maddesinin 9. fýkrasý uyarýnca ödeneðin kapsamý dýþýnda kalan bir personel grubu bulunmaktadýr; yabancý uyruklu öðretim elemanlarý akademik teþvik ödeneðinden yararlanamazlar; bu düzenleme sadece devlet yükseköðretim kurumlarý kadrolarýnda bulunan Türk vatandaþý öðretim elemanlarýný ve Milli Savunma Üniversitesi gibi özel statülü kurumlardaki ilgili personeli kapsamaktadýr; yabancý uyruklu personel sistem üzerinden faaliyet beyanýnda bulunsa dahi puan hesaplamasý yapýlmaz ve ödeme listelerine dahil edilmezler; bu kuralýn herhangi bir istisnasý yönetmelikte yer almamaktadýr; uyrukluk bilgisi personel birimlerince denetlenir.";[Yönetmelik];Madde 6(9);yabancý uyruklu|kapsam dýþý|öðretim elemaný|teþvik;easy
339;Öðretim elemanlarý teþvik baþvurusu sýrasýnda kanýtlayýcý belgelerini fiziksel dosya olarak birimlerine teslim etmeli midir?;"Fýrat Üniversitesi Akademik Teþvik Takvimi ve rehberindeki bilgilere göre, baþvuru sürecinde kaðýt israfýný önleyen dijital bir yöntem izlenmektedir; öðretim elemanlarý birimlerine sadece YÖKSÝS ve FUATS sistem çýktýlarýný imzalayarak teslim edeceklerdir; faaliyetlere iliþkin her türlü örnek, kanýt ve destekleyici belge ise sadece elektronik ortamda FUATS sistemi (https://akademiktesvik.firat.edu.tr) üzerinden sunulacaktýr; fiziksel olarak kanýt dosyasý hazýrlanmasý ve teslim edilmesi gerekmemektedir; tüm inceleme süreci birim ve üst komisyonlar tarafýndan bu dijital belgeler üzerinden yürütülecektir; belgelerin okunabilirliði araþtýrmacýnýn sorumluluðundadýr.";[Takvim];02-11 Ocak 2026;kanýt|belge|fiziksel dosya|elektronik sunum;easy
340;Hangi tür ödüller akademik teþvik puanlamasý kapsamýnda kesinlikle 'kapsam dýþý' (deðerlendirme dýþý) olarak kabul edilir?;"Baþvuru Rehberinin 45. maddesi ve Yönetmeliðin 7. maddesi uyarýnca bazý ödüller teþvik dýþý býrakýlmýþtýr; tebliðler için verilen ödüller, dergi hakemlikleri için yayýnevleri veya dergiler tarafýndan verilen ödüller, yayýn teþvik ödülleri, teþekkür ve baþarý belgeleri, plaketler, burslar ve onur belgeleri kapsam dýþýdýr; ayrýca öðretim elemanýnýn kadrosunun bulunduðu kendi üniversitesi tarafýndan verilen ödüller ile mansiyon ödülleri de deðerlendirmeye alýnmaz; sadece sürekli olan, jürili ve bilimsel niteliði haiz ödüller puanlanýr; ödülün 2025 yýlýna ait olmasý ve en az beþ kez verilmiþ olmasý þarttýr.";[Baþvuru Rehberi] | [Yönetmelik];Madde 45 / Madde 7(10);ödül|kapsam dýþý|mansiyon|üniversite ödülü;med
341;Üst komisyon üyeleri hangi kriterlere göre ve hangi süreyle görev yapmak üzere seçilirler?;"Yönetmeliðin 4. maddesi uyarýnca, Akademik Teþvik Düzenleme, Denetleme ve Ýtiraz Komisyonu üyeleri yüksek akademik teþvik puanýna sahip öðretim üyeleri arasýndan seçilir; her bir doçentlik temel alanýndan en az bir kiþi olmak üzere rektörün her bir üyelik için önereceði üç aday arasýndan üniversite senatosu tarafýndan belirlenirler; komisyon, baþkan hariç en az dört üyeden oluþur ve iki yýl süreyle görev yapmak üzere seçilir; süresi dolan üyelerin yeniden seçilmesi mümkündür; üyeliðin boþalmasý halinde kalan süreyi tamamlamak üzere ayný usulle yeni üye atanýr; komisyon baþkanlýðýný ise bir rektör yardýmcýsý yürütür.";[Yönetmelik];Madde 4(1);üst komisyon|seçim|senato|görev süresi;med
342;Tasarým faaliyetlerinin teþvik kapsamýnda puanlanabilmesi için aranan 'ticarileþme' veya 'tescil' þartý nedir?;"Yönetmeliðin 7. maddesinin 5. fýkrasý uyarýnca, tasarýmýn bilim, teknoloji ve sanata katký saðlayýcý nitelikte olmasý asýldýr; araþtýrmacýnýn kendi alaný ile ilgili olan ve kamu kurumlarý veya özel hukuk tüzel kiþileriyle yapýlan sözleþme uyarýnca uygulanmýþ veya ticarileþtirilmiþ tasarýmlar dikkate alýnýr; ayrýca tasarýmýn dikkate alýnan yýl içerisinde (2025) uygulamaya konulmuþ veya resmi mercilerce tescil edilmiþ olmasý zorunludur; tescilsiz veya ticarileþmemiþ taslaklar puanlanmaz; baþvuru sýrasýnda tasarým dosyasý ile birlikte ticarileþmeyi gösterir sözleþme veya fatura gibi dökümanlarýn FUATS'a yüklenmesi gerekmektedir.";[Yönetmelik] | [Baþvuru Rehberi];Madde 7(5) / Madde 30;tasarým|ticarileþme|tescil|uygulama;hard
343;Üst komisyon tarafýndan hazýrlanan deðerlendirme raporlarýnda puan deðiþikliði yapýlan faaliyetler için hangi açýklama zorunluluðu vardýr?;"Yönetmeliðin 6. maddesinin 5. fýkrasýna göre, Akademik Teþvik Düzenleme, Denetleme ve Ýtiraz Komisyonu tüm kararlarýnda þeffaflýk ilkesini gözetmelidir; komisyon tarafýndan hazýrlanan deðerlendirme raporunda reddedilen veya beyan edilen puan deðerinde deðiþiklik yapýlan akademik faaliyetlerle ilgili olarak açýklama (gerekçe) bulunmasý zorunludur; araþtýrmacýlar bu gerekçeler üzerinden itiraz haklarýný kullanabilirler; komisyon hazýrladýðý karar tutanaðýný ve puan tablosunu imza altýna alarak nihai kararlarý ilgili araþtýrmacýlara yazýlý veya elektronik ortamda duyurur; gerekçesiz yapýlan iþlemler idari yönden eksik sayýlýr.";[Yönetmelik];Madde 6(5);gerekçe|komisyon raporu|puan deðiþikliði|nihai karar;med
344;Teblið faaliyetlerinde 'tam metin' (full text) zorunluluðu ve özet metinlerin durumu hakkýnda kural nedir?;"Baþvuru Rehberinin 41. ve 42. maddeleri uyarýnca, tebliðlerin akademik teþvik kapsamýnda deðerlendirilebilmesi için belirli bir format þartý aranýr; tebliðlerin tam metin olmasý zorunludur; sadece özet metin (abstract) olarak yayýmlanan bildiriler kesinlikle kapsam dýþýdýr ve puanlamaya esas alýnmaz; araþtýrmacýlarýn tebliðlerin tam metnini ve teblið kitapçýðýnda yer aldýðýný gösteren dökümanlarý FUATS sistemine yüklemeleri gerekmektedir; ayrýca tebliðin sunulduðunu gösteren katýlým belgesi veya sunum yazýsý da kanýt olarak sunulmalýdýr; çevrimiçi etkinliklerde de tam metin yayýmlanmasý þartý aynen aranmaktadýr.";[Baþvuru Rehberi];Madde 41 / Sayfa 19;teblið|tam metin|özet metin|kapsam dýþý;easy
345;Akademik teþvik ödeneði hangi vergiden muaftýr ve bu ödeme diðer tazminat hesaplamalarýnda kullanýlýr mý?;"Yönetmeliðin 10. maddesinin 2. fýkrasýnýn (c) bendi uyarýnca, teþvik ödeneði mali yönden avantajlý bir ödemedir; ödeneðin damga vergisi hariç herhangi bir vergiye tabi tutulmayacaðý açýkça belirtilmiþtir; yani gelir vergisi kesintisi yapýlmaz; ayrýca bu ödenek ilgili mevzuatý uyarýnca ödenmekte olan zam, tazminat, ödenek, döner sermaye ek ödemesi, ikramiye, ücret ve benzeri ödemelerin hesabýnda dikkate alýnmaz; yani baþka ödemelerin matrahýna dahil edilmez; sadece brüt tutar üzerinden damga vergisi kesilerek net ödeme yapýlýr; 2914 sayýlý kanun hükümleri bu ödemede de saklýdýr.";[Yönetmelik];Madde 10(2c);vergi muafiyeti|damga vergisi|tazminat|mali hükümler;med
346;Yurt dýþý araþtýrma faaliyetlerinde puan hesaplamasý hangi katsayý ve süre birimi üzerinden yapýlmaktadýr?;"Yönetmeliðin Faaliyet Hesaplama Tablosu (Tablo 4) uyarýnca, araþtýrma faaliyetleri ay üzerinden deðerlendirilir; yurt dýþý araþtýrma faaliyetlerinde her bir ay için katsayý 15 olarak belirlenmiþtir; araþtýrmacýnýn puaný '15 x ay' formülüyle hesaplanýr ancak bu kategorinin toplam puaný 15 puaný geçemez; araþtýrmanýn puan alabilmesi için en az dört ay sürmesi ve Üniversite Yönetim Kurulu izniyle yürütülmüþ olmasý þarttýr; süre hesabý resmi görevlendirme belgelerindeki tarihler üzerinden yapýlýr; dört aydan kýsa süren veya iki aydan az süren araþtýrmalar (Yönetmelik Madde 7/3) kesinlikle puanlanmaz.";[Yönetmelik];Tablo 4 / Madde 7(3);araþtýrma|yurt dýþý|ay katsayýsý|puanlama;hard
347;Birim akademik teþvik baþvuru ve inceleme komisyonu üyeleri hangi birim tarafýndan ve ne kadar süreyle seçilirler?;"Yönetmeliðin 5. maddesi uyarýnca, yükseköðretim kurumlarýnýn her bölüm, anabilim dalý veya anasanat dalý baþkanlýklarý bünyesinde komisyon kurulur; birim akademik teþvik baþvuru ve inceleme komisyonu üyeleri ilgili birimin 'Yönetim Kurulu' tarafýndan seçilir; komisyon üyeleri yüksek akademik teþvik puanýna sahip öðretim elemanlarý arasýndan iki yýl süreyle görev yapmak üzere belirlenir; süresi dolan üyelerin yeniden seçilmesi mümkündür; komisyon baþkanlýðýný ise birim baþkaný yürütür; yeterli öðretim elemaný olmamasý durumunda yakýn alanlardan üye tamamlamasý yapýlabilir; seçim sonuçlarý birim yönetim kurulu kararý ile resmileþir.";[Yönetmelik];Madde 5(1);birim komisyonu|seçim|yönetim kurulu|görev süresi;med
348;TÜBÝTAK projeleri için FUATS sistemine 'Bilimsel Kurul Deðerlendirme Raporu' yüklenmesi zorunlu mudur?;"Baþvuru Rehberinin 13. maddesinde yer alan belgeler kýsmýndaki nota göre, FUATS sistemine yüklenmesi gereken belgeler proje türüne göre deðiþiklik gösterebilir; bilimsel kurul deðerlendirme raporlarý 'TÜBÝTAK projeleri için geçerli deðildir' ve bu projeler için sisteme yüklenmesi zorunlu deðildir; TÜBÝTAK projeleri için sadece destekleyen kuruluþ tarafýndan projenin sonuçlandýðýný veya kapatýldýðýný gösteren onaylý belgenin sunulmasý yeterlidir; ancak TÜBÝTAK dýþýndaki diðer ulusal veya uluslararasý projeler için bu deðerlendirme raporu asýl kanýt olarak talep edilebilir; araþtýrmacýlarýn proje türüne uygun belgeleri sistemdeki uyarýlarý dikkate alarak yüklemesi gerekir.";[Baþvuru Rehberi];Madde 13 / Sayfa 12;tübitak|proje|deðerlendirme raporu|belge;med
349;Akademik teþvik ödeneði ödenebilmesi için araþtýrmacýnýn hesaplanan puanýnýn en az kaç olmasý þarttýr?;"Yönetmeliðin 10. maddesinin 3. fýkrasýnda ödeme yapýlabilmesi için asgari bir baþarý eþiði belirlenmiþtir; akademik teþvik ödeneðinin ödenebilmesi için araþtýrmacýnýn hesaplanan akademik teþvik puanýnýn 'en az otuz' (30) olmasý þarttýr; puaný 30'un altýnda kalan (örneðin 29,99) öðretim elemanlarýna herhangi bir ödeme yapýlmaz; bu puan, her bir faaliyet türünün %30'luk tavan sýnýrý ve kiþi katsayýlarý uygulandýktan sonra elde edilen nihai puaný ifade eder; araþtýrmacýlar 30 puan barajýný geçip geçmediklerini FUATS üzerinden takip edebilirler; baraj puanýn altýndaki baþvurular ödeme listesine girmez.";[Yönetmelik];Madde 10(3);baraj puan|otuz puan|ödeme þartý|hesaplama;easy
350;Akademik teþvik ödemesi 15 Þubat’ta baþladýðýnda ödemeler aylýk olarak ayýn kaçýnda yatýrýlmaktadýr?;"Yönetmeliðin 10. maddesinin 2. fýkrasýnýn (b) bendine göre, teþvik puanlarý üzerinden yapýlacak ödemelerin belirli bir periyodu ve günü vardýr; ödemeler her bir takvim yýlý için bir önceki yýlýn faaliyetleri esas alýnarak Þubat ayýnýn on beþinden itibaren on iki ay süreyle her ayýn on beþinde gerçekleþtirilir; örneðin 15 Þubat'ta baþlayan ödeme süreci Ocak ayýndaki son ödemeyle tamamlanýr; ödemelerin yapýlabilmesi için personelin aktif olarak 2914 sayýlý kanun kapsamýnda aylýk alýyor olmasý þarttýr; aylýðýn kesilmesi durumunda teþvik ödemesi de durdurulur.";[Yönetmelik];Madde 10(2b);ödeme tarihi|aylýk ödeme|on iki ay|þubat;easy
351;Hangi dergi türleri akademik teþvik kapsamýnda kesinlikle 'kapsam dýþý' (deðerlendirme dýþý) olarak tutulmuþtur?;"Baþvuru Rehberinin 22. maddesi ve Yönetmeliðin 7. maddesi uyarýnca dergilerin belirli indekslerde yer almasý zorunludur; Alan Ýndeksi ve ULAKBÝM TR DÝZÝN’de taranmayan ulusal dergiler kesinlikle kapsam dýþýdýr; ayrýca ISSN numarasý bulunmayan dergilerde yayýmlanan makaleler de puanlanmaz; popüler dergiler, gazete makaleleri veya akademik niteliði belgelenemeyen yayýn organlarý teþvik dýþý býrakýlmýþtýr; araþtýrmacýlarýn sadece SSCI, SCI, SCI-Exp, AHCI, ÜAK alan endeksleri veya en az 5 yýldýr yayýn yapan uluslararasý hakemli dergilerdeki çalýþmalarýný beyan etmeleri gerekmektedir.";[Baþvuru Rehberi] | [Yönetmelik];Madde 22 / Madde 7(4);dergi|kapsam dýþý|ulakbim|ISSN;med
352;Sergi faaliyetlerinin uluslararasý sayýlabilmesi için hangi üniversite biriminden onay belgesi alýnmasý gerekmektedir?;"Baþvuru Rehberinin 31. ve 33. maddeleri uyarýnca, sergi faaliyetlerinin uluslararasý niteliðinin resmiyet kazanmasý için belirli bir prosedür izlenmelidir; serginin uluslararasý olarak deðerlendirilmesi için serginin uluslararasý nitelikte olduðu hususunda ilgili bölüm, anabilim dalý veya anasanat dalý kurullarýnca onaylanmýþ olmasý ve buna dair kurul kararýnýn bulunmasý þarttýr; bu onay belgesi veya kurul kararý FUATS sistemine yüklenmelidir; ayrýca serginin özgün, sanata katký saðlayýcý olmasý ve eðitim-öðretim faaliyeti dýþýnda kalmasý gerekir; kurul onayý bulunmayan sergiler uluslararasý kategoride puanlandýrýlmaz.";[Baþvuru Rehberi];Madde 31 / Sayfa 18;sergi|uluslararasý|onay|kurul kararý;hard
353;Akademik teþvik ödeneði hesaplamasýnda kullanýlan 'k' katsayýsý iki yazarlý bir faaliyet için kaç olarak uygulanýr?;"Yönetmeliðin 8. maddesinde yer alan Tablo 1 uyarýnca, çok isimli yayýn (makale, derleme, kitap), teblið ve patentler için kiþi sayýsýna göre farklý katsayýlar belirlenmiþtir; faaliyette yer alan kiþi sayýsý iki ise (k) katsayýsý 0,8 olarak uygulanýr; bu durumda her bir yazar faaliyetin toplam puanýnýn %80'ini alýr; tek yazarlý eserlerde bu katsayý 1 (tam puan) iken, yazar sayýsý arttýkça (örneðin 3 kiþi için 0,6) katsayý azalmaktadýr; bu puanlama sistemi faaliyetin ortaya konulmasýndaki iþ yükü ve katký payýný adil þekilde daðýtmayý amaçlamaktadýr.";[Yönetmelik];Madde 8(4) / Tablo 1;k katsayýsý|iki isimli|paylaþým|puanlama;easy
354;Müzik ve Konservatuvar bölümleri için ses veya görüntü kayýtlarýnýn deðerlendirilmesinde sunulmasý gereken zorunlu belge nedir?;"Baþvuru Rehberinin 28. maddesine göre, müzik ve konservatuvar bölümlerindeki öðretim elemanlarýnýn performansa dayalý etkinliklerinin belgelendirilmesinde ek þartlar aranýr; bu bölümler için CD, DVD veya benzeri ortamdaki kayýtlara yönelik bandrol verildiðini gösterir belgenin sunulmasý zorunludur; bandrolün bulunmamasý çalýþmanýn yayýmlanmýþ olma kriterini (Yönetmelik Madde 7/4) karþýlamadýðýný gösterir ve puanlamaya engel olur; ayrýca etkinliðin ulusal veya uluslararasý niteliðini gösteren dökümanlar ile 2025 yýlýnda yayýmlandýðýna dair kanýtlar da sisteme yüklenmelidir; yayýmlanmamýþ ham kayýtlar puanlanmaz.";[Baþvuru Rehberi];Madde 28 / Sayfa 17;müzik|konservatuvar|bandrol|ses kaydý;hard
355;Devlet yükseköðretim kurumlarýndan vakýf üniversitelerine görevlendirilen öðretim elemanlarýnýn görevlendirme süresince teþvik baþvurusu durumu nedir?;"Yönetmeliðin 6. maddesinin 7. fýkrasý uyarýnca, devlet yükseköðretim kurumlarýndan vakýf yükseköðretim kurumlarýnda görevlendirilen öðretim elemanlarýnýn durumu netleþtirilmiþtir; bu personel, vakýf yükseköðretim kurumlarýndaki görevlendirmeleri süresince gerçekleþtirdikleri faaliyetlerden dolayý akademik teþvik baþvurusunda bulunamazlar; bu süreçte üretilen hiçbir akademik çalýþma puanlamaya dahil edilmez; teþvik puaný sadece devlet yükseköðretim kurumu kadrosunda fiilen görev yaparken üretilen çalýþmalar üzerinden hesaplanýr; vakýf üniversitelerinde geçen süreler teþvik açýsýndan dikkate alýnmayan dönemlerdir.";[Yönetmelik];Madde 6(7);vakýf üniversitesi|görevlendirme|kýsýtlama|baþvuru;med
356;Akademik teþvik baþvurusu yapacak personelin 'Kurum Deðiþikliði Beyan Formu' sunmasý hangi durumda zorunluluktur?;"Baþvuru Rehberinin 8. maddesine göre, kurumlar arasý geçiþ yapan personelin faaliyet takibi için özel bir belge talep edilir; öðretim elemaný baþka bir kurumdan (üniversite veya kamu kurumu) naklen gelmiþ ise, araþtýrmacýnýn önceki kurumda ve mevcut üniversitemizde gerçekleþtirdiði faaliyetlerin belirtildiði Kurum Deðiþikliði Beyan Formunun sunulmasý zorunludur; bu form faaliyetlerin nerede yapýldýðýnýn teyidi için istenir; ayrýca YÖKSÝS çýktýsýnda her bir faaliyetin hangi kurumda gerçekleþtirildiði de gösterilmelidir; bu dökümanlar eksik olduðunda farklý kurumlarda yapýlan faaliyetlerin deðerlendirilmesi mümkün olmayabilir.";[Baþvuru Rehberi];Madde 8 / Sayfa 8;kurum deðiþikliði|beyan formu|naklen atama|yöksis;med
357;Sergi faaliyetlerinde ayný yýl içerisinde tekrar eden etkinliklerin puanlamasýnda uygulanan kýsýtlama kuralý nedir?;"Baþvuru Rehberi ve Yönetmeliðin 7. maddesi uyarýnca, sanatsal etkinliklerin tekrarlanmasý durumunda puanlama sýnýrlýdýr; ayný yýl içerisinde tekrar eden sergi, konser ve gösterilerin puanlanmasýnda en çok 2 tekrar dikkate alýnýr; ilk etkinlik tam puanla deðerlendirilirken, ikinci tekrar etkinlikte mevcut faaliyet puanýnýn %50'si (yarýsý) uygulanýr; ikiden fazla tekrar eden ayný içerikli faaliyetler ise puanlama kapsamý dýþýnda býrakýlmýþtýr; araþtýrmacýlarýn her bir etkinliðin yerini, tarihini ve özgünlüðünü ayrý belgelerle (afiþ, davetiye vb.) kanýtlamasý gerekmektedir; bu kural akademik üretimin çeþitliliðini korumak içindir.";[Baþvuru Rehberi] | [Yönetmelik];Madde 32 / Madde 7(6);sergi|tekrarlayan etkinlik|kýsýtlama|puanlama;hard
358;Dergilerde 'editör kurulu üyeliði' faaliyeti akademik teþvik puanlamasý kapsamýnda yer almakta mýdýr?;"Baþvuru Rehberinin 25. maddesinde yer alan güncel düzenlemeye göre, dergi faaliyetlerinde önemli bir deðiþiklik yapýlmýþtýr; 'Editör kurulu üyelikleri teþvik kapsamýndan çýkartýlmýþtýr' ifadesi açýkça yer almaktadýr; bu nedenle öðretim elemanlarýnýn editör kurulu üyeliði görevleri için puan talep etmemesi gerekmektedir; editörlük kategorisinde sadece yayýmlanmýþ dergi için 'editör' veya 'baþ editör' olduðunu kanýtlayan (web sitesi ekran görüntüsü vb.) araþtýrmacýlar teþvikten yararlanabilir; çok editörlü dergilerde ise sadece baþ editör deðerlendirmeye alýnýr; alan editörlüðü veya danýþma kurulu üyeliði de puan kazandýrmaz.";[Baþvuru Rehberi];Madde 25 / Sayfa 15;editör kurulu|kapsam dýþý|editörlük|teþvik;med
359;Tebliðlerin sunulduðu etkinliðe katýlým saðlandýðýný kanýtlamak için FUATS sistemine hangi belgeler yüklenmelidir?;"Baþvuru Rehberinin 43. maddesi uyarýnca tebliðlerin puanlanmasý için katýlýmýn belgelenmesi esastýr; araþtýrmacýlarýn FUATS sistemine katýlým belgesi veya sunum yaptýðýna dair resmi yazýyý sunmasý zorunludur; ayrýca tebliðin tam metninin yayýmlandýðý kitabýn kapak, basým, içindekiler sayfalarý ile bildirinin ilk ve son sayfasý sisteme yüklenmelidir; etkinliðin web sayfasý adresi ve eðer bildiriler kitabý internet ortamýnda yayýmlanmýþsa kitabýn bulunduðu link de beyan edilmelidir; bu belgelerden birinin (özellikle katýlým belgesinin) eksik olmasý durumunda teblið faaliyeti komisyonca reddedilebilir.";[Baþvuru Rehberi];Madde 43 / Sayfa 20;teblið|katýlým belgesi|tam metin|fuats;easy
360;Üniversitenin Ýç Denetim Birimi akademik teþvik süreçlerinin ve ödemelerin denetlenmesinde aktif bir rol oynamakta mýdýr?;"Bu bilgi verilen dokümanlarda açýkça yer almýyor; dokümanlarda akademik teþvik süreçlerinin düzenlenmesi, denetlenmesi ve itirazlarýn karara baðlanmasý yetkisi sadece Rektör Yardýmcýsý baþkanlýðýndaki Akademik Teþvik Düzenleme, Denetleme ve Ýtiraz Komisyonu'na verilmiþtir; birim düzeyindeki denetimler ise birim akademik teþvik baþvuru ve inceleme komisyonlarý tarafýndan yürütülmektedir; Ýç Denetim Birimi'nin sürece dahil olduðuna dair bir madde veya atýf bulunmamaktadýr; tüm akademik deðerlendirme ve puan kontrolü yetkisi belirtilen komisyonlarýn sorumluluðu altýndadýr.";[Takvim] | [Rehber] | [Yönetmelik];Genel Sorumluluk Maddeleri;iç denetim|komisyon|denetim|yetki;med
361;Fýrat Üniversitesi öðretim elemanlarýnýn 2025 yýlý faaliyetleri için akademik teþvik baþvurularýný hangi tarihler arasýnda yapmalarý gerekmektedir?;"Öðretim elemanlarý akademik teþvik baþvurularýný 02-11 Ocak 2026 tarihleri arasýnda kadrolarýnýn bulunduðu birimlere yapmalýdýr; baþvurular YÖKSÝS çýktýsý ile birlikte FU Akademik Teþvik Sistemi (FUATS) üzerinden gerçekleþtirilir; araþtýrmacýlarýn sadece imzalý YÖKSÝS ve FUATS çýktýlarýný birimlerine teslim etmeleri yeterlidir; tüm kanýtlayýcý belgeler ise elektronik ortamda sistem üzerinden sunulur; süresi dýþýnda yapýlan baþvurular deðerlendirmeye alýnmaz.";[Takvim] | [Baþvuru Rehberi];02-11 Ocak 2026;baþvuru|tarih|fuats|yöksis;easy
362;Ýlan edilen akademik teþvik sonuçlarýna karþý yapýlacak itirazlar hangi tarihlerde ve hangi yöntemle teslim edilmelidir?;"Üst komisyon tarafýndan ilan edilen sonuçlara karþý yapýlacak itirazlar 26-30 Ocak 2026 tarihleri arasýnda kabul edilir; itiraz dilekçelerinin mutlaka Rektör Yardýmcýlýðý Makamýna þahsen ve elden teslim edilmesi zorunludur; yönetmelik ve takvim hükümleri uyarýnca posta, kargo veya e-posta yoluyla yapýlan itirazlar kesinlikle iþleme alýnmaz; sunulan itirazlar üst komisyon tarafýndan 01-05 Þubat 2026 tarihleri arasýnda incelenerek nihai karara baðlanýr.";[Takvim] | [Baþvuru Rehberi];26-30 Ocak 2026;itiraz|dilekçe|rektör yardýmcýsý|takvim;med
363;Akademik teþvik ödeneði hangi tarihten itibaren ödenmeye baþlanýr ve toplamda ne kadar süre boyunca ödenir?;"Akademik teþvik ödeneði, her bir takvim yýlý için bir önceki yýlda gerçekleþtirilen faaliyetler esas alýnarak hesaplanan puan üzerinden ödenir; ödemeler ilgili yýlýn Þubat ayýnýn on beþinden itibaren baþlatýlýr; bu ödeme süreci on iki ay boyunca devam eder ve her ayýn on beþinde araþtýrmacýlarýn hesaplarýna yatýrýlýr; ödemenin yapýlabilmesi için araþtýrmacýnýn 2914 sayýlý Kanun uyarýnca aylýk alýyor olmasý þarttýr; baraj puaný geçemeyenlere ödeme yapýlmaz.";[Yönetmelik];Madde 10(2);ödeme|tarih|on iki ay|þubat;easy
364;Devlet yükseköðretim kurumlarý dýþýnda hangi özel kurumlarýn kadrolarýnda bulunan öðretim elemanlarý akademik teþvik yönetmeliði kapsamýndadýr?;"Akademik Teþvik Ödeneði Yönetmeliði hükümleri sadece devlet üniversitelerini kapsamaz; Milli Savunma Üniversitesi, Jandarma ve Sahil Güvenlik Akademisi ile Polis Akademisi kadrolarýnda bulunan öðretim elemanlarý da bu yönetmelik hükümlerine tabidir; bu kurumlardaki uygulama usul ve esaslarý, ilgili rektör veya akademi baþkanlarý tarafýndan belirlenir; vakýf üniversitesi kadrolarý ise bu kapsamýn dýþýnda tutulmuþtur; bu özel kurumlardaki personel de ayný faaliyet türleri üzerinden puan hesaplatma hakkýna sahiptir.";[Yönetmelik];Madde 1(2) ve 9(1);kapsam|milli savunma üniversitesi|polis akademisi|jandarma;med
365;Akademik teþvik puaný hesaplanýrken esas alýnan en yüksek Devlet memuru brüt aylýðý tutarý nasýl tanýmlanmýþtýr?;"En yüksek Devlet memuru brüt aylýðý, belirli gösterge rakamlarýnýn memur aylýk katsayýsý ile çarpýlmasý sonucu bulunur; bu rakam 1.500 aylýk gösterge ile 8.000 ek göstergenin toplamý olan 9.500 gösterge rakamýna tekabül eder; bulunan tutar akademik teþvik ödemesi formülünde temel çarpan olarak kullanýlýr; ödeme miktarý bu brüt tutarýn kadro unvan oranlarý ve teþvik puaný ile oranlanmasýyla hesaplanýr; bu deðer memur maaþ katsayýlarýndaki güncellenmelere baðlý olarak deðiþebilir.";[Yönetmelik];Madde 3(ç);brüt aylýk|gösterge|maaþ katsayýsý|hesaplama;hard
366;Üst komisyon üyelerinin toplantý ve karar yeter sayýsý ile oylama usulü hakkýndaki kurallar nelerdir?;"Akademik Teþvik Düzenleme, Denetleme ve Ýtiraz Komisyonu, baþkan dahil üye tam sayýsýnýn salt çoðunluðu ile toplanýr; kararlar toplantýya katýlanlarýn salt çoðunluðu ile alýnýr; oylarýn eþitliði durumunda komisyon baþkanýnýn oyu yönünde karar alýnmýþ sayýlýr; üyelerin oylama sýrasýnda çekimser oy kullanmalarý kesinlikle yasaktýr; bu kural birim akademik teþvik baþvuru ve inceleme komisyonlarý için de aynen geçerlidir; kararlarýn geçerli olabilmesi için salt çoðunluk þartýnýn saðlanmasý zorunluluktur.";[Yönetmelik];Madde 4(2) ve 5(2);komisyon|salt çoðunluk|oylama|karar;med
367;Akademik teþvik ödeneðinin ödenebilmesi için araþtýrmacýnýn toplam akademik teþvik puanýnýn en az kaç olmasý gerekmektedir?;"Akademik teþvik ödeneðinden yararlanabilmek için araþtýrmacýnýn hesaplanan toplam akademik teþvik puanýnýn en az otuz (30) olmasý þarttýr; puaný 30'un altýnda kalan öðretim elemanlarýna herhangi bir ödeme yapýlmaz; bu puan hesaplanýrken her bir faaliyet türünün aðýrlýðý toplam puanýn %30'unu geçemez; toplam puan ise hiçbir durumda 100'ü aþamaz; otuz puan barajý, tüm akademik faaliyetlerin yönetmelik esaslarýna göre puanlanmasý ve katsayýlarýn uygulanmasý sonucunda elde edilen nihai deðeri ifade eder.";[Yönetmelik];Madde 10(3) ve 8(3);baraj puan|otuz puan|ödeme|sýnýr;easy
368;Akademik teþvik ödeneði hangi vergi kesintilerine tabidir ve diðer tazminatlarýn hesabýnda dikkate alýnýr mý?;"Akademik teþvik ödeneði, damga vergisi hariç herhangi bir vergiye tabi tutulmaz; ödeme sýrasýnda sadece damga vergisi kesintisi yapýlýr; ayrýca bu ödenek ilgili mevzuat uyarýnca ödenmekte olan zam, tazminat, ödenek, döner sermaye ek ödemesi, ikramiye ve ücret gibi ödemelerin hesabýnda kesinlikle dikkate alýnmaz; yani diðer yan ödemelerin matrahýna dahil edilmez ve onlardan baðýmsýz bir ödeme kalemi olarak tahakkuk ettirilir; bu muafiyet 2914 sayýlý Kanun hükümleri ile desteklenmiþtir.";[Yönetmelik];Madde 10(2c);vergi muafiyeti|damga vergisi|ek ödeme|maliye;med
369;Yükseköðretim kurumu deðiþikliði durumunda akademik faaliyetlerin deðerlendirilmesi hangi kurum tarafýndan ve nasýl gerçekleþtirilir?;"Kurum deðiþikliði durumunda akademik faaliyetlerin deðerlendirilmesi, öðretim elemanýnýn kadrosunun bulunduðu güncel yükseköðretim kurumunda yapýlýr; YÖKSÝS çýktýsýnda her bir faaliyetin hangi kurumda gerçekleþtirildiði açýkça gösterilmelidir; öðretim elemaný baþka bir kurumdan gelmiþ ise Kurum Deðiþikliði Beyan Formunu sunmakla yükümlüdür; vakýf üniversitelerinden devlet üniversitelerine geçenler için sadece devlet kurumlarýndaki faaliyetler esas alýnýr; ödemeler ise kurum deðiþikliði gerçekleþtiðinde yeni yükseköðretim kurumu tarafýndan sürdürülür.";[Yönetmelik] | [Baþvuru Rehberi];Madde 6(2) ve 10(4);kurum deðiþikliði|yöksis|deðerlendirme|kadro;hard
370;Ödeme yapýldýktan sonra sunulan faaliyetlerin gerçeðe aykýrý olduðunun tespit edilmesi halinde uygulanacak yaptýrýmlar nelerdir?;"Ödeme yapýldýktan sonra faaliyetlerin gerçeðe aykýrý olduðu veya yönetmelik kapsamýna girmediði tespit edilirse yapýlan tüm ödemeler kanuni faiziyle birlikte geri alýnýr; ayrýca yanlýþ veya yanýltýcý bildirimde bulunanlar hakkýnda komisyonun tespiti ile idari inceleme baþlatýlýr; inceleme sonucunda cezai müeyyidelerin uygulanmasý gerekirse genel hükümler uygulanýr; araþtýrmacýlar beyan ettikleri bilgilerin ve sisteme yükledikleri belgelerin doðruluðundan þahsen sorumludurlar; bu durum akademik dürüstlüðün korunmasý amacýyla yönetmelikte sýký bir þekilde düzenlenmiþtir.";[Yönetmelik];Madde 10(5);yaptýrým|yanlýþ beyan|geri alma|inceleme;hard
371;Profesör ve doçent kadrolarýnda bulunan öðretim elemanlarý için akademik teþvik ödemesi hangi oranlar üzerinden hesaplanmaktadýr?;"Akademik teþvik ödemesi kadro unvanlarýna göre belirlenen oranlar üzerinden hesaplanýr; profesör kadrosunda bulunanlar için bu oran %100 iken, doçent kadrosunda bulunanlar için %90 olarak uygulanýr; doktor öðretim üyeleri için %80, araþtýrma ve öðretim görevlileri için ise %70 oraný esas alýnýr; hesaplamada en yüksek devlet memuru brüt aylýðý tutarý, bu unvan oraný ve (akademik teþvik puaný/100) deðeri çarpýlýr; puanlarýn ve ödemelerin hesaplanmasýnda öðretim elemanýnýn teþvik baþvurusu yaptýðý tarihteki kadro unvaný baz alýnýr.";[Yönetmelik];Madde 8(1) ve 8(8);unvan|oran|profesör|doçent;easy
372;Her bir akademik faaliyet türünden elde edilen puanýn toplam teþvik puanýna katkýsý için belirlenen üst sýnýr nedir?;"Öðretim elemanýnýn her bir faaliyet türünden (proje, araþtýrma, yayýn vb.) topladýðý faaliyet puaný, o faaliyet türü için belirlenmiþ olan puaný geçemez; ayrýca her bir akademik faaliyet türünün toplam puanýn hesaplanmasýndaki aðýrlýðý, akademik teþvik toplam puanýnýn %30’unu geçemeyecek þekilde sýnýrlandýrýlmýþtýr; toplam akademik teþvik puaný ise hiçbir durumda 100 puaný aþamaz; bu kural araþtýrmacýlarý akademik faaliyetlerini tek bir alanda yýðmak yerine farklý alanlara daðýtmaya teþvik etmek amacýyla getirilmiþtir; hesaplamalar Tablo 4 esas alýnarak yapýlýr.";[Yönetmelik];Madde 1(1) ve 8(3);üst sýnýr|puan sýnýrý|aðýrlýk|toplam puan;hard
373;Akademik teþvik baþvurularýnda YÖKSÝS ve FUATS sistem çýktýlarýnýn teslimiyle ilgili imza zorunluluðu nedir?;"Akademik teþvik ödeneði baþvurusunda bulunacak tüm araþtýrmacýlarýn YÖKSÝS çýktýsýný ve FUATS sistem çýktýsýný sunmalarý zorunludur; bu dökümanlarýn her sayfasýnýn araþtýrmacý tarafýndan ýslak imzalý olarak sunulmasý þarttýr; sadece son sayfanýn imzalanmasý veya imzasýz belge teslimi baþvurunun geçersiz sayýlmasýna neden olabilir; imzalý dökümanlar birim komisyonlarýna teslim edilirken, faaliyetlere iliþkin kanýtlayýcý belgeler ise fiziksel dosya yerine sadece elektronik ortamda sistem üzerinden sunulur; imza sorumluluðu tamamen araþtýrmacýya aittir.";[Takvim] | [Baþvuru Rehberi];Madde 8 / Sayfa 8;imza|yöksis|fuats|baþvuru;easy
374;Hangi tür projeler akademik teþvik puanlamasý kapsamýnda 'kapsam dýþý' olarak deðerlendirilmektedir?;"Yükseköðretim kurumlarý tarafýndan desteklenen Bilimsel Araþtýrma Projeleri (BAP), TÜBÝTAK-1002 projeleri ve araþtýrma altyapýsý oluþturma projeleri puanlamaya dahil edilmez; ayrýca TÜBÝTAK’ýn sanayi, kamu, giriþimcilik, bilimsel etkinlik ve bilim-toplum destekleri de kapsam dýþýdýr; yerel kalkýnma, topluma hizmet, mesleki eðitim ve sosyal sorumluluk projeleri ile Avrupa Birliði Katýlým Öncesi Mali Yardým (IPA) projeleri deðerlendirmeye alýnmaz; döner sermaye üzerinden yapýlan bilirkiþilikler ve danýþmanlýklar da puanlanamaz; tamamlanmamýþ veya sonuç raporu onaylanmamýþ projeler için puan talep edilemez.";[Baþvuru Rehberi];Madde 12 / Sayfa 11;BAP|proje|kapsam dýþý|tübitak 1002;med
375;Döner sermaye üzerinden yürütülen dýþ kaynaklý projelerin teþvik kapsamýnda puanlanabilmesi için gereken þartlar nelerdir?;"Döner sermaye üzerinden yapýlan dýþ kaynaklý (yurt içi veya yurt dýþý) projelerin deðerlendirilebilmesi için projenin mutlaka Ar-Ge niteliði taþýmasý þarttýr; ayrýca toplam proje süresinin dokuz aydan az olmamasý (en az 9 ay) gerekmektedir; projenin maddi desteðinin mutlaka üniversiteye aktarýlmýþ olmasý zorunluluktur; bu projelerin baþarý ile sonuçlandýrýlmýþ olmasý ve sonuç raporunun yetkili mercilerce onaylanmýþ olmasý puanlama için ön koþuldur; süresi dokuz aydan az olan veya Ar-Ge niteliði olmayan döner sermaye iþleri puanlanmaz.";[Baþvuru Rehberi] | [Yönetmelik];Madde 11 / Madde 7(2);döner sermaye|proje|Ar-Ge|bütçe;hard
376;Araþtýrma faaliyetlerinin teþvik kapsamýnda deðerlendirilebilmesi için gereken asgari süre ve görevlendirme þartý nedir?;"Araþtýrma faaliyetlerinin puanlanabilmesi için araþtýrmacýnýn kurum dýþýnda en az dört ay süreyle tam zamanlý görevlendirilmiþ olmasý zorunludur; bu görevlendirme için mutlaka Üniversite Yönetim Kurulu tarafýndan resmi bir izin kararý alýnmýþ olmalýdýr; dört aydan az süren araþtýrmalar kesinlikle deðerlendirmeye alýnmaz; ayrýca araþtýrma faaliyetinin 2025 yýlý içerisinde tamamlanmýþ ve sonuç raporunun ilgili kurumun yetkili mercilerince baþarýlý bulunarak onaylanmýþ olmasý þarttýr; eylem planý, fizibilite raporu ve envanter çalýþmalarý araþtýrma kapsamýnda deðerlendirilmez.";[Yönetmelik] | [Baþvuru Rehberi];Madde 7(3) / Madde 16;araþtýrma|süre|görevlendirme|yönetim kurulu;med
377;Dergilerde yayýmlanan makalelerin deðerlendirilmesinde künye bilgileri açýsýndan hangi asgari standartlar aranmaktadýr?;"Makalelerin deðerlendirilebilmesi için ilgili derginin basýlmýþ olmasý veya elektronik ortamda yayýmlanmýþ olmasý þarttýr; baþvuru sýrasýnda makalenin cilt, sayfa ve yýl bilgileri ile künyesinin açýk bir þekilde sunulmasý esastýr; kabul edilmiþ ancak henüz yayýmlanmamýþ veya künye bilgileri oluþmamýþ yayýnlar teþvik kapsamý dýþýndadýr; yayýnlarýn mutlaka 2025 takvim yýlý içerisinde yayýmlanmýþ olmasý gerekmektedir; ISSN numarasý bulunmayan dergilerde yayýmlanan çalýþmalar deðerlendirmeye alýnmaz; çevrimiçi yayýnlarda derginin web sitesi ve makale linki beyan edilmelidir.";[Yönetmelik] | [Baþvuru Rehberi];Madde 7(4) / Madde 21;dergi|künye|yayýn|ISSN;easy
378;Dergilerde gerçekleþtirilen editörlük faaliyetlerinde puanlama yapýlýrken uygulanan temel kýsýtlamalar nelerdir?;"Dergilerde editörlük ve editör kurulu üyeliklerinin deðerlendirilmesinde, yýllýk yayýnlanan dergi sayýsýna bakýlmaksýzýn sadece bir editörlük görevi dikkate alýnýr; farklý dergilerde de olsa birden fazla editörlük için mükerrer puan verilmez; çok editörlü dergilerde sadece 'baþ editör' olan öðretim elemaný teþvikten yararlanabilir; yardýmcý editörlükler puanlanmaz; ayrýca editör kurulu üyelikleri yönetmelik deðiþikliði ile tamamen teþvik kapsamýndan çýkartýlmýþtýr; derginin ISSN numarasýnýn olmasý ve yayýmlanmýþ dergi için editör olduðunu gösteren web sitesi çýktýsý sunulmasý þarttýr.";[Yönetmelik] | [Baþvuru Rehberi];Madde 80 / Madde 25;editörlük|baþ editör|dergi|kýsýtlama;med
379;Kitaplarýn akademik teþvik kapsamýnda 'yayýn' olarak puanlanabilmesi için sahip olmasý gereken zorunlu numara nedir?;"Kitaplarýn deðerlendirilebilmesi için ISBN (Uluslararasý Standart Kitap Numarasý) numarasýna sahip olmasý esastýr; ISBN numarasý bulunmayan eserler kitap kategorisinde puanlanamaz; kitap yazarlýðý, bölüm yazarlýðý veya editörlük faaliyetleri; yayýneviyle yapýlan sözleþme, yayýnevinden veya editörden gelen davet mektubu gibi evraklarla belgelenmelidir; deðerlendirmede kitabýn yayýmlanma yýlý (2025) esas alýnýr; daha önce deðerlendirilen bir kitabýn yeni baskýsý puanlamaya dahil edilmez; sýnavlar için hazýrlanan soru kitaplarý ve küratörlük kitaplarý deðerlendirme dýþýdýr.";[Yönetmelik] | [Baþvuru Rehberi];Madde 7(4) / Madde 19;kitap|ISBN|yayýn|sözleþme;easy
380;Atýf faaliyetlerinin puanlanmasýnda 'self-citation' (öz-atýf) yasaðýna dair kurallar nasýl düzenlenmiþtir?;"Akademik teþvik sisteminde atýf, araþtýrmacýnýn yazar olarak yer almadýðý yayýnlarda kendi eserlerine yapýlan atýflarý ifade eder; araþtýrmacýnýn kendi yayýnlarýna veya eserlerine bizzat yaptýðý atýflar (self-citation) kesinlikle kapsam dýþýdýr; sadece baþka araþtýrmacýlar tarafýndan 2025 yýlýnda yayýmlanmýþ çalýþmalardaki atýflar dikkate alýnýr; atýflarýn deðerlendirilmesinde kiþi sayýsý dikkate alýnmaz ve her bir baþvuru sahibi için ayrý puanlama yapýlýr; hem atýf yapýlan hem de atýf yapan yayýnýn yönetmelikte geçerli sayýlan kategorilerde yer almasý þarttýr.";[Yönetmelik] | [Baþvuru Rehberi];Madde 7(8) / Madde 37;atýf|self-citation|baþka araþtýrmacý|kýsýtlama;med
381;Bir bilimsel toplantýda sunulan tebliðin uluslararasý sayýlabilmesi için katýlýmcý ülkeler hakkýnda aranan kriter nedir?;"Tebliðlerin sunulduðu etkinliðin uluslararasý nitelik taþýmasý için Türkiye dýþýnda en az beþ farklý ülkeden sözlü teblið sunan konuþmacýnýn katýlým saðlamasý þarttýr; ayrýca etkinlikte sunulan tebliðlerin yarýdan fazlasýnýn Türkiye dýþýndan katýlýmcýlar tarafýndan sunulmuþ olmasý esastýr; sadece beþ yabancý konuþmacýnýn olmasý yeterli olmayýp ülke çeþitliliði kriteri aranýr; etkinliðin uluslararasý niteliði hakkýnda üniversite yönetim kurulu kararýnýn bulunmasý ödemeye esas teþkil eder; tam metni yayýmlanmayan veya özet aþamasýnda kalan bildiriler puanlanmaz.";[Yönetmelik] | [Baþvuru Rehberi];Madde 7(9) / Madde 42;teblið|uluslararasý|ülke sayýsý|katýlýmcý;hard
382;Akademik teþvik ödülü kategorisinde 'mansiyon' ödülleri ve üniversite içi ödüllerin durumu nedir?;"Ödül kategorisinde mansiyon ödülleri kesinlikle kapsam dýþýdýr ve puanlanmaz; ayrýca öðretim elemanýnýn kadrosunun bulunduðu kendi üniversitesi tarafýndan verilen ödüller de deðerlendirmeye alýnmaz; tebliðler için verilen ödüller, hakemlik ödülleri, yayýn teþvik ödülleri, teþekkür belgeleri ve plaketler puanlama dýþý býrakýlmýþtýr; puanlanacak ödülün araþtýrmacýnýn alaný ile ilgili olmasý, 2025 yýlýnda verilmiþ olmasý ve sürekli (en az 5 kez verilmiþ) olmasý þarttýr; ayný çalýþma için alýnan farklý ödüllerden sadece biri için puanlama yapýlýr.";[Yönetmelik] | [Baþvuru Rehberi];Madde 7(10) / Madde 45;ödül|mansiyon|üniversite ödülü|kapsam dýþý;med
383;Ýki isimli bir yayýn veya patent faaliyeti için akademik teþvik puaný hesaplanýrken hangi 'k' katsayýsý kullanýlýr?;"Çok isimli yayýn (makale, derleme, kitap), teblið ve patentler için kiþi sayýsýna göre deðiþen (k) katsayýsý uygulanýr; Yönetmeliðin 8. maddesinde yer alan Tablo 1'e göre, faaliyetteki kiþi sayýsý iki (2) ise uygulanacak katsayý 0,8 olarak belirlenmiþtir; tek yazarlý eserlerde bu katsayý 1 iken, üç kiþi için 0,6, dört kiþi için 0,45 deðeri kullanýlýr; beþ kiþi için 1/5, altý kiþi için 1/6 ve yedi veya daha fazla kiþi için 1/kiþi sayýsý formülü uygulanýr; bu katsayý faaliyet oranlarý toplamý ile çarpýlarak bireysel puan bulunur.";[Yönetmelik];Madde 8(4) / Tablo 1;k katsayýsý|kiþi sayýsý|hesaplama|puanlama;easy
384;Projelerde görev alan öðretim elemanlarýnýn puaný hesaplanýrken kullanýlan 'r' katsayýsý rollere göre nasýl deðiþmektedir?;"Akademik teþvik kapsamýnda deðerlendirilen projelerde araþtýrmacýnýn projedeki rolüne göre (r) katsayýsý esas alýnýr; Yönetmeliðin 8. maddesinde yer alan Tablo 2'ye göre, projenin 'Yürütücüsü' olan öðretim elemaný için r=1 katsayýsý uygulanýr; projede 'Araþtýrmacý' veya 'Bursiyer' olarak görev yapanlar için ise bu katsayý 0,5 olarak belirlenmiþtir; bu katsayý projenin türüne göre belirlenen (örneðin TÜBÝTAK 1001 için 80) faaliyet oraný ile çarpýlarak araþtýrmacýnýn o projeden alacaðý net puan oranýna ulaþýlmasýný saðlar.";[Yönetmelik];Madde 8(5) / Tablo 2;r katsayýsý|proje|yürütücü|araþtýrmacý;med
385;SCI, SCI-Expanded, SSCI ve AHCI kapsamýndaki dergilerde yayýmlanan makaleler için kullanýlan (p) katsayýsý nasýl belirlenir?;"Bu indekslerdeki dergilerde yayýmlanan makaleler için derginin ISI Web of Science Çeyreklik (Quartile/Q) sýnýflandýrmasý esas alýnýr; Tablo 3'e göre Q1 grubu dergiler için p=1, Q2 için p=0,8, Q3 için p=0,5 ve Q4 için p=0,25 katsayýsý uygulanýr; AHCI kapsamýndaki dergiler için bu katsayý sabit 0,5 olarak belirlenmiþtir; Q deðeri henüz belirlenmemiþ dergiler için en alt katsayý (0,25) uygulanýr; araþtýrmacýlarýn WOS üzerinden aldýklarý güncel Q belgesini sisteme yüklemeleri zorunludur; bu katsayýlar yayýn kategorisindeki temel puanlarý etkileyen kritik bir çarpandýr.";[Yönetmelik];Madde 8(6) / Tablo 3;p katsayýsý|quartile|Q deðeri|wos;hard
386;Tasarým faaliyetlerinin teþvik puaný alabilmesi için ticarileþme veya tescil ile ilgili hangi þartlarý saðlamasý gerekir?;"Tasarýmýn deðerlendirilebilmesi için bilim, teknoloji ve sanata katký saðlayýcý nitelikte olmasý ve araþtýrmacýnýn kendi alaný ile ilgili olmasý zorunludur; ayrýca tasarýmýn kamu kurumlarý veya özel hukuk tüzel kiþileriyle yapýlan bir sözleþme uyarýnca uygulanmýþ veya ticarileþtirilmiþ olmasý þarttýr; tasarýmlarýn deðerlendirilmesinde tasarýmýn sonuçlandýðý yýlýn 2025 olmasý esas alýnýr; tasarýmýn dikkate alýnan yýl içerisinde uygulamaya konulmuþ veya tescil edilmiþ olmasý zorunluluktur; tescilsiz veya ticarileþmemiþ taslaklar puanlanmaz; baþvuru sýrasýnda tasarým dosyasý ve uygulama belgesi FUATS'a yüklenmelidir.";[Yönetmelik] | [Baþvuru Rehberi];Madde 7(5) / Madde 30;tasarým|ticarileþme|tescil|sözleþme;hard
387;Sergi faaliyetlerinde 'tekrarlayan etkinlikler' için uygulanan puanlama kýsýtlamasý tam olarak nasýldýr?;"Ayný yýl içerisinde (2025) tekrar eden sergi, konser, festival ve gösteri gibi etkinliklerin puanlanmasýnda en çok iki (2) tekrar dikkate alýnýr; ilk etkinlik tam puanla deðerlendirilirken, ikinci tekrar etkinlik için mevcut faaliyet puanýnýn %50'si (yarýsý) uygulanýr; ikiden fazla tekrar eden ayný içerikli faaliyetler puanlama kapsamý dýþýnda tutulur; sergilerin deðerlendirilmesinde serginin tamamlandýðý tarih esas alýnýr; eðitim-öðretim faaliyetleri ve öðrenci kulüp faaliyetleri kapsamýndaki sergiler kesinlikle dikkate alýnmaz; belgeler FUATS sistemine eksiksiz yüklenmelidir.";[Yönetmelik] | [Baþvuru Rehberi];Madde 7(6) / Madde 32;sergi|tekrar|puanlama|kýsýtlama;med
388;Patent faaliyetlerinde ulusal ve uluslararasý patentlerin puanlanabilmesi için aranan temel tescil þartý nedir?;"Patentlerin deðerlendirilebilmesi için ulusal veya uluslararasý yetkili kurumlarca tescillenmiþ olmasý þarttýr; tescil tarihinin 2025 yýlý olmasý esas alýnýr; ulusal patentlerde inceleme raporu sonucunda Türk Patent ve Marka Kurumu tarafýndan verilen 'incelemeli patentler' kabul edilir; ulusal incelemesiz patentler kapsam dýþýdýr; uluslararasý patentlerde ise PCT kapsamýnda en az bir istemin patentlenebilirlik kriterlerini saðladýðýnýn belgelenmesi veya Avrupa Patent Ofisi (EPO) tescili aranýr; birden fazla ülkede tescillenen ayný içerikli patentler için sadece bir kez baþvuru yapýlabilir.";[Yönetmelik] | [Baþvuru Rehberi];Madde 7(7) / Madde 33;patent|tescil|ulusal|uluslararasý;med
389;Tebliðlerin sunulduðu etkinliðin uluslararasý niteliðini teyit etmek amacýyla ödemeye esas hangi resmi belge gereklidir?;"Bir tebliðin sunulduðu etkinliðin uluslararasý sayýlabilmesi için katýlýmcý ülkeler ve yabancý konuþmacý oranlarý gibi teknik kriterlerin yaný sýra resmi bir onay þartý vardýr; etkinliðin uluslararasý niteliði haiz olup olmadýðý hususunda, ödemeye esas teþkil etmek üzere mutlaka 'üniversite yönetim kurulu kararý' bulunmalýdýr; bu karar bulunmayan etkinliklerde sunulan tebliðler, diðer tüm þartlarý saðlasa dahi uluslararasý kategoride puanlanmaz; araþtýrmacýlarýn bu kararý veya ilgili birimden alýnan teyit belgesini FUATS sistemine kanýt olarak yüklemeleri zorunludur; sunulan tebliðlerin tam metin olmasý da þarttýr.";[Yönetmelik] | [Baþvuru Rehberi];Madde 7(9) / Madde 40;teblið|yönetim kurulu|onay|uluslararasý;hard
390;Dergilerin 'Diðer uluslararasý hakemli dergiler' kategorisinde deðerlendirilebilmesi için hangi süreklilik þartlarýný saðlamasý gerekir?;"Bir derginin bu kategoride kabul edilebilmesi için en az beþ yýldýr yýlda en az bir sayý ile yayýmlanýyor olmasý þarttýr; ayrýca derginin editör veya yayýn kurulunun uluslararasý olmasý esastýr; bilimsel deðerlendirme süreci ve bu sürecin nasýl iþlediði derginin internet sayfasýnda açýkça yer almalýdýr; derginin internet sayfasý üzerinden yayýmlanmýþ makalelerin künyelerine dijital olarak ulaþýlabiliyor olmasý zorunluluktur; yayýn hayatý beþ yýldan az olan dergilerde çýkan makaleler teþvik kapsamýna dahil edilmez; ISSN numarasý da temel þartlar arasýndadýr.";[Yönetmelik] | [Baþvuru Rehberi];Madde 7(4) / Madde 21;dergi|yayýn süresi|uluslararasý|kriter;med
391;Birim akademik teþvik baþvuru ve inceleme komisyonu üyeleri kimler arasýndan ve hangi birim tarafýndan seçilir?;"Birim komisyonu, yükseköðretim kurumlarýnýn her bölüm, anabilim dalý veya anasanat dalý baþkanlýklarý bünyesinde kurulur; komisyon üyeleri ilgili birimin Yönetim Kurulu tarafýndan seçilir; seçimlerde yüksek akademik teþvik puanýna sahip olan öðretim elemanlarý tercih edilir; komisyon en az üç üyeden oluþur ve baþkanlýðýný ilgili bölüm veya anabilim dalý baþkaný yürütür; birimde yeterli öðretim elemaný olmamasý halinde üyeler yakýn alanlardan tamamlanabilir; üyeler iki yýl süreyle görev yapmak üzere seçilirler ve süresi bitenler yeniden seçilebilirler.";[Yönetmelik];Madde 5(1);komisyon|seçim|birim komisyonu|yönetim kurulu;easy
392;Üst komisyonun (Akademik Teþvik Düzenleme, Denetleme ve Ýtiraz Komisyonu) faaliyetlerin sýnýflandýrýlmasýndaki yetkisi nedir?;"Komisyon, akademik faaliyetlerin belgelendirilmesinde ve faaliyet türleri içerisinde sýnýflandýrýlmasýnda oluþan her türlü tereddüdün giderilmesinde nihai karar merciidir; baþvurular baþlamadan önce uygulama usul ve ilkelerini belirleyerek duyurur; birim komisyonlarýndan gelen deðerlendirme raporlarýný ve puan tablolarýný inceleyerek karara baðlar; gerekli gördüðü hallerde araþtýrmacýlardan ek belge talep edebilir veya birim kararlarýnda deðiþiklik yapabilir; komisyon tarafýndan hazýrlanan nihai raporlar imza altýna alýnarak duyurulur; komisyon kararlarý kesin olup süreci 15 Þubat tarihine kadar tamamlamakla yükümlüdür.";[Yönetmelik];Madde 4(3) ve 4(4);komisyon|yetki|sýnýflandýrma|nihai karar;med
393;Vakýf üniversitelerinden devlet üniversitelerine geçen öðretim elemanlarýnýn akademik teþvik baþvurusu yaparken kýsýtlamasý nedir?;"Vakýf yükseköðretim kurumlarýndan veya baþka bir kurumdan devlet yükseköðretim kurumlarý kadrolarýna geçen öðretim elemanlarýnýn akademik teþvik puanlarý hesaplanýrken sadece devlet yükseköðretim kurumlarýnda gerçekleþtirdikleri faaliyetler esas alýnýr; vakýf üniversitesinde görevli olunan dönemde üretilen yayýnlar, projeler veya diðer çalýþmalar teþvik puanlamasýna dahil edilmez; bu araþtýrmacýlarýn YÖKSÝS çýktýlarýnda her faaliyetin hangi kurum bünyesinde yapýldýðýný göstermeleri ve Kurum Deðiþikliði Beyan Formunu dosyalarýna eklemeleri zorunludur; teþvik sistemi sadece devlet kaynaklý bilimsel üretimi desteklemeyi amaçlamaktadýr.";[Yönetmelik] | [Baþvuru Rehberi];Madde 6(7) / Sayfa 7;vakýf üniversitesi|kurum deðiþikliði|devlet üniversitesi|kýsýtlama;hard
394;Akademik teþvik baþvurusu sýrasýnda öðretim elemanlarý tarafýndan sisteme yüklenmesi gereken kanýtlayýcý belgelerin formatý nasýldýr?;"Öðretim elemanlarý, akademik teþvik baþvurularýný kadrolarýnýn bulunduðu birimin komisyonuna yaparken kanýtlayýcý belgeleri sadece elektronik ortamda sunmalýdýr; faaliyetlere iliþkin örnek, kanýt ve belgeler FUATS sistemi üzerinden dijital olarak yüklenmelidir; fiziksel dosya veya kaðýt evrak teslimi (imzalý YÖKSÝS ve FUATS çýktýlarý hariç) yapýlmayacaktýr; her faaliyet türü için istenen belgeler (kitap kapaðý, proje sonuç belgesi, katýlým sertifikasý vb.) sistemin gerektirdiði formatlarda tek bir dosya veya klasör halinde yüklenmelidir; belgelerin doðruluðundan ve okunabilirliðinden araþtýrmacý bizzat sorumludur.";[Takvim] | [Baþvuru Rehberi];Madde 6(1) / Sayfa 8;belge|kanýt|elektronik|fuats;easy
395;Tanýnmýþ uluslararasý yayýnevi kriterleri arasýnda yer alan 'yayýn dili' þartý yönetmelikte nasýl tanýmlanmýþtýr?;"Yönetmeliðin 3. maddesinin (l) bendi uyarýnca, bir yayýnevinin tanýnmýþ uluslararasý yayýnevi sayýlabilmesi için en az beþ yýldýr uluslararasý düzeyde düzenli faaliyet yürütmesi þarttýr; ayrýca Türkçe dýþýndaki dillerde ayný alanda farklý yazarlara ait en az yirmi kitap yayýmlamýþ olmasý zorunluluktur; Danýþtay kararlarý ve yönetmelik güncellemeleri ile getirilen bu 'Türkçe dýþýndaki dillerde' ibaresi, yayýnevinin uluslararasý hitap gücünü teyit etmek amacýyla eklenmiþtir; bu kriterleri saðlamayan yayýnevlerinden çýkan kitaplar uluslararasý kategoride deðerlendirilmez; yayýnevinin bu özelliðini gösterir belge sisteme eklenmelidir.";[Yönetmelik];Madde 3(l);uluslararasý yayýnevi|dil þartý|kitap|yayýn;hard
396;Atýf puanlamasýnda ayný esere farklý bölümlerde yapýlan atýflarýn deðerlendirilmesi ile ilgili istisna durum nedir?;"Normal þartlarda ayný yayýn veya esere bir kitabýn ya da makalenin farklý bölümlerinde veya kýsýmlarýnda yapýlan atýflar, kaç kez tekrarlanýrsa tekrarlansýn yalnýzca bir atýf olarak deðerlendirilir; ancak bu kuralýn bir istisnasý bulunmaktadýr; bölüm yazarlarý farklý olan kitaplarda, farklý bölümlerde ayný esere yapýlan her bir atýf için ayrý puan deðerlendirmesi yapýlýr; bu durum, her bölümün baðýmsýz bir akademik çalýþma olarak kabul edilmesinden kaynaklanmaktadýr; araþtýrmacýlarýn bu tür atýflarý kanýtlarken her bir bölümün künyesini ve kaynakçasýný ayrý ayrý sunmalarý gerekmektedir.";[Yönetmelik] | [Baþvuru Rehberi];Madde 7(8) / Madde 37;atýf|kitap bölümü|mükerrer atýf|istisna;hard
397;TÜBÝTAK projelerinde FUATS sistemine yüklenmesi gereken 'Bilimsel Kurul Deðerlendirme Raporu' zorunlu mudur?;"FUATS sistemine yüklenmesi gereken belgeler proje türüne göre deðiþiklik göstermektedir; Baþvuru Rehberi'nin 13. maddesinde yer alan nota göre bilimsel kurul deðerlendirme raporlarý 'TÜBÝTAK projeleri için geçerli deðildir' ve bu projeler için sisteme yüklenmesi zorunlu tutulmamýþtýr; TÜBÝTAK projeleri için sadece destekleyen kuruluþ tarafýndan projenin sonuçlandýðýný veya kapatýldýðýný gösteren onaylý resmi belgenin sunulmasý yeterlidir; ancak TÜBÝTAK dýþýndaki diðer ulusal veya uluslararasý özel/resmi kurumlarca desteklenen Ar-Ge projeleri için bu deðerlendirme raporunun sunulmasý þarttýr; eksik belge baþvurunun reddine yol açabilir.";[Baþvuru Rehberi];Madde 13 / Sayfa 12;tübitak|proje|deðerlendirme raporu|belge;med
398;Hangi tür ses veya görüntü kayýtlarý akademik teþvik kapsamýnda 'yayýn' kategorisinde puanlanabilmektedir?;"Dergilerdeki yayýnlarýn yaný sýra ses ve görüntü kayýtlarý da teþvik kapsamýndadýr; ulusal ve uluslararasý boyutta performansa dayalý ses ve görüntü kayýtlarýnýn deðerlendirilmesinde mutlaka yayýmlanmýþ olma koþulu aranýr; uluslararasý boyutta kiþisel veya karma kayýtlar ile ulusal boyutta kiþisel kayýtlar puanlamaya dahildir; Müzik ve Konservatuvar bölümleri için CD, DVD veya benzeri ortamdaki kayýtlara yönelik bandrol verildiðini gösterir belgenin sunulmasý zorunludur; bestecilik, yorumculuk, sahne tasarýmý gibi faaliyetlerde etkinliðin ulusal/uluslararasý boyutunu ve 2025 yýlýnda yayýmlandýðýný gösteren belgeler sunulmalýdýr.";[Yönetmelik] | [Baþvuru Rehberi];Madde 7(4) / Madde 28;ses kaydý|görüntü kaydý|bandrol|yayýn;med
399;Akademik teþvik puaný hesaplanýrken iki yazarlý bir makale için 'k' katsayýsý deðeri kaçtýr?;"Yönetmelikte yer alan Tablo 1'e göre, çok isimli yayýnlarda yazar sayýsý iki (2) olduðunda uygulanacak 'k' katsayýsý 0,8 olarak belirlenmiþtir; bu katsayý faaliyet türü için belirlenen temel oran ile çarpýlarak bireysel puanýn hesaplanmasýnda kullanýlýr; tek yazarlý bir eserde katsayý tam deðer olan 1 iken, yazar sayýsý arttýkça katsayý düþmektedir; örneðin üç kiþi için 0,6, dört kiþi için 0,45 katsayýsý uygulanýr; beþ kiþi ve sonrasý için ise 1/kiþi sayýsý kuralý geçerlidir; bu paylaþým usulü patent ve teblið faaliyetleri için de aynen uygulanmaktadýr.";[Yönetmelik];Madde 8(4) / Tablo 1;k katsayýsý|iki isimli|paylaþým|hesaplama;easy
400;Dergilerin 'Alan Ýndeksi' kategorisinde puanlanabilmesi için hangi kurumlarýn onayladýðý listeler esas alýnmaktadýr?;"Alan indeksleri, Üniversitelerarasý Kurul (ÜAK) Baþkanlýðý tarafýndan hazýrlanýp Yükseköðretim Kurulu (YÖK) tarafýndan onaylanan doçentlik baþvurusu için kabul edilen indeksleri ifade eder; bu kapsamda puanlama yapýlabilmesi için derginin ilgili alan indeksine girdiðini gösteren ÜAK sayfasýndan alýnmýþ resmi belgenin sisteme yüklenmesi þarttýr; ancak alan indeksi puanlamasý sadece Eðitim Bilimleri, Mimarlýk, Planlama ve Tasarým, Sosyal, Beþeri ve Ýdari Bilimler ile Spor Bilimleri temel alanlarý için geçerlidir; diðer temel alanlarda bu kapsamda puanlama yapýlmamalýdýr; bu kural doçentlik kriterleri ile uyumu saðlar.";[Yönetmelik] | [Baþvuru Rehberi];Madde 3(b) / Madde 26;alan indeksi|üak|doçentlik|indeks;hard
401;Hangi tür araþtýrma faaliyetleri ve hazýrlýk çalýþmalarý akademik teþvik kapsamýnda kesinlikle deðerlendirilmez?;"Araþtýrma faaliyetinin deðerlendirilmesinde bilim, teknoloji ve sanata katký saðlayýcý özgün sistematik çalýþmalar dikkate alýnýr; ancak eylem planý, fizibilite raporu ve envanter çalýþmasý niteliðindeki faaliyetler kesinlikle deðerlendirmeye alýnmaz; ayrýca dört aydan az süren araþtýrmalar da kapsam dýþý býrakýlmýþtýr; 1 nolu Proje faaliyet alanýnda deðerlendirilmeyen proje türlerinin de araþtýrma kategorisi altýnda sunulmamasý gerekmektedir; araþtýrmanýn puan alabilmesi için üniversite yönetim kurulu izniyle kurum dýþýnda yürütülmüþ ve sonuç raporunun onaylanmýþ olmasý þarttýr.";[Yönetmelik] | [Baþvuru Rehberi];Madde 7(3) / Madde 16;araþtýrma|eylem planý|fizibilite|envanter;med
402;Akademik teþvik ödeneði baþvurusu sýrasýnda 'YÖKSÝS Çýktýsý' neden her sayfa imzalý olarak talep edilmektedir?;"Öðretim elemanlarý baþvurularýný yaparken YÖKSÝS’ten alýnan faaliyet çýktýsýný sunmakla yükümlüdürler; bu dökümanýn her sayfasýnýn araþtýrmacý tarafýndan imzalanmasý, girilen tüm verilerin doðruluðunun resmi beyaný ve taahhüdü sayýlýr; imzalý dökümanlar birim komisyonlarý tarafýndan incelenir ve asýl nüsha dekanlýk/müdürlük onayýyla üst komisyona iletilir; imzasýz belgelerle yapýlan baþvurular hukuki geçerliliði olmadýðý için iþleme alýnmaz; her sayfanýn imzalanmasý zorunluluðu FUATS sistem çýktýsý için de aynen geçerlidir; bu süreç araþtýrmacýnýn beyan sorumluluðunu pekiþtirmek amacýyla uygulanýr.";[Takvim] | [Baþvuru Rehberi];Madde 8 / Sayfa 8;imza|yöksis|sorumluluk|belge;easy
403;Tebliðlerde 'tam metin' (full text) zorunluluðu ve özet metinlerin durumu hakkýnda yönetmelik kuralý nedir?;"Tebliðlerin deðerlendirilebilmesi için elektronik veya basýlý olarak etkinlik teblið kitapçýðýnda yer almasý ve mutlaka 'tam metin' olarak yayýmlanmýþ olmasý þarttýr; özet metinler (abstract) kesinlikle kapsam dýþýdýr ve puanlamaya esas alýnmaz; araþtýrmacýlarýn teblið tam metnini ve etkinlik programýný FUATS sistemine yüklemeleri zorunludur; ayrýca tebliðde ismi yer alan en az bir araþtýrmacýnýn katýlým saðladýðýný gösterir belgenin sunulmasý esastýr; tam metin yayýmý, çalýþmanýn bilimsel derinliðini ve akademik paylaþýmýn somut çýktýsýný kanýtlamak için zorunlu bir koþuldur.";[Yönetmelik] | [Baþvuru Rehberi];Madde 7(9) / Madde 41;teblið|tam metin|özet metin|kapsam dýþý;med
404;Bir yayýnevinin 'tanýnmýþ ulusal yayýnevi' sayýlabilmesi için faaliyet süresi ve kitap sayýsý þartý nedir?;"Yönetmeliðin 3. maddesinin (k) bendi uyarýnca, bir yayýnevinin tanýnmýþ ulusal yayýnevi sayýlabilmesi için en az beþ yýldýr ulusal düzeyde düzenli faaliyet yürütüyor olmasý esastýr; ayrýca daha önce ayný alanda farklý yazarlara ait en az yirmi kitap yayýmlamýþ olmasý þartý aranýr; bu kriterleri saðlayan yayýnevlerinden çýkan özgün bilimsel kitaplar k x 50 katsayýsý üzerinden puanlanýr; araþtýrmacýlarýn yayýnevinin bu þartlarý taþýdýðýný gösteren kütüphane kayýtlarýný veya internet sayfasý dökümanlarýný FUATS sistemine kanýt olarak yüklemeleri gerekmektedir.";[Yönetmelik];Madde 3(k);ulusal yayýnevi|kitap sayýsý|faaliyet süresi|yayýn;hard
405;Akademik teþvik puaný hesaplanýrken projelerde 'Yürütücü' ve 'Araþtýrmacý' rolleri arasýndaki katsayý farký nedir?;"Projelerde araþtýrmacýnýn rolüne göre (r) katsayýsý uygulanarak puan hesaplanýr; projenin 'Yürütücüsü' olan öðretim elemaný için r=1 katsayýsý uygulanýrken, projede 'Araþtýrmacý' veya 'Bursiyer' olarak görev yapanlar için bu katsayý 0,5 olarak belirlenmiþtir; bu katsayý proje türü için Tablo 4'te belirlenen (örneðin TÜBÝTAK 1001 için 80) faaliyet oraný ile çarpýlýr; elde edilen nihai oran proje kategorisinin temel puaný (20 puan) ile çarpýlarak araþtýrmacýnýn puanýna ulaþýlýr; yürütücü olan araþtýrmacý, ayný projede yer alan diðer araþtýrmacýlardan iki kat daha fazla puan elde eder.";[Yönetmelik];Madde 8(5) / Tablo 2;r katsayýsý|proje|yürütücü|araþtýrmacý;easy
406;Uluslararasý patent faaliyetlerinin akademik teþvik kapsamýnda deðerlendirilebilmesi için tescil raporunda hangi teknik ifadeler aranýr?;"Uluslararasý patentin deðerlendirilebilmesi için Patent Ýþbirliði Antlaþmasý (PCT) kapsamýnda yapýlan baþvurularda, uluslararasý araþtýrma raporunun yazýlý görüþ kýsmýnda veya ön inceleme raporunda en az bir istemin patentlenebilirlik kriterlerini (yenilik, buluþ basamaðý, sanayiye uygulanabilirlik) saðladýðýnýn ifade edilmiþ olmasý þarttýr; bu teknik kriterleri saðlamayan baþvurular puanlanmaz; Avrupa Patent Ofisi (EPO) tarafýndan verilen patentler de bu kapsamdadýr; patentlerin tescil tarihinin 2025 yýlý olmasý esastýr; tescil belgesinin nüshasý FUATS sistemine yüklenmelidir.";[Yönetmelik] | [Baþvuru Rehberi];Madde 3(ö) / Madde 33;patent|tescil|yenilik|buluþ basamaðý;hard
407;Sergi faaliyetlerinin uluslararasý sayýlabilmesi için bölüm veya anasanat dalý kurullarýnca onaylanmasý zorunlu mudur?;"Evet, yönetmelik uyarýnca bir serginin uluslararasý nitelik taþýdýðýnýn kabul edilmesi için belirli bir onay süreci gereklidir; serginin uluslararasý olduðunun ilgili bölüm, anabilim dalý veya anasanat dalý kurullarýnca onaylanmýþ olmasý ve buna dair kurul kararýnýn bulunmasý þarttýr; bu onay belgesi veya karar tutanaðý FUATS sistemine yüklenmelidir; kurul onayý bulunmayan sergiler, yurt dýþýnda gerçekleþtirilmiþ olsa dahi uluslararasý kategoride deðerlendirilmeyebilir; sergi faaliyetlerinde sanata katký saðlayýcý nitelik aranýr ve serginin tamamlandýðý tarih (2025) esas alýnýr.";[Yönetmelik] | [Baþvuru Rehberi];Madde 7(6) / Madde 31;sergi|uluslararasý|onay|kurul kararý;med
408;Dergilerin 'Diðer uluslararasý hakemli dergiler' kategorisinde puanlanabilmesi için yayýn tarihi ile ilgili kýsýtlama nedir?;"Dergilerin bu kategoride deðerlendirilebilmesi için en az beþ yýldýr yýlda en az bir sayý ile yayýmlanýyor olmasý þarttýr; ayrýca derginin editör veya yayýn kurulunun uluslararasý olmasý ve bilimsel deðerlendirme sürecinin web sayfasýnda ilan edilmiþ olmasý gerekir; yayýmlanmýþ makale künyelerine internet üzerinden ulaþýlamayan dergiler puanlanmaz; araþtýrmacýlarýn derginin son beþ yýllýk arþivine eriþilebilen internet adresini FUATS üzerinden beyan etmeleri zorunludur; bu süreklilik þartýný saðlamayan yeni dergilerde yayýmlanan makaleler teþvik kapsamý dýþýnda tutulur.";[Yönetmelik] | [Baþvuru Rehberi];Madde 7(4) / Madde 21;dergi|yayýn süresi|uluslararasý|kriter;med
409;Akademik teþvik ödeneði baþvurusu sýrasýnda 'Kurum Deðiþikliði Beyan Formu' kimler tarafýndan sunulmalýdýr?;"Öðretim elemaný 2025 yýlý içerisinde baþka bir kurumdan (üniversite veya diðer kamu kurumlarý) naklen gelmiþ ise araþtýrmacýnýn önceki kurumda gerçekleþtirdiði ve mevcut üniversitede gerçekleþtirdiði faaliyetleri belirten Kurum Deðiþikliði Beyan Formunun sunulmasý zorunludur; ayrýca YÖKSÝS çýktýsýnda her bir faaliyetin hangi kurum bünyesinde yapýldýðý açýkça gösterilmelidir; farklý kurumlarda gerçekleþen faaliyetlerin deðerlendirilmesi araþtýrmacýnýn þu an kadrosunun bulunduðu üniversitedeki komisyon tarafýndan yapýlýr; beyanýn doðruluðu araþtýrmacýnýn sorumluluðunda olup yanlýþ beyan yaptýrýma tabidir.";[Yönetmelik] | [Baþvuru Rehberi];Madde 6(2) / Sayfa 8;kurum deðiþikliði|beyan formu|naklen atama|yöksis;hard
410;Yurt dýþý araþtýrma faaliyetlerinde puan hesaplamasý hangi katsayý ve süre birimi üzerinden yapýlmaktadýr?;"Yurt dýþý araþtýrma faaliyetleri ay üzerinden deðerlendirilir; Faaliyet Hesaplama Tablosu'na göre yurt dýþý araþtýrma için her bir tam ay için faaliyet oraný 15 puandýr; araþtýrmanýn puanlanabilmesi için en az dört ay sürmesi þarttýr; süresi dört aydan az olan veya iki aydan az süren araþtýrmalar deðerlendirmeye alýnmaz; araþtýrma kategorisinden alýnabilecek toplam puan 15 puan ile sýnýrlandýrýlmýþtýr; araþtýrmacýlarýn süre þartýný kanýtlayan onaylý sonuç raporlarýný ve üniversite yönetim kurulu görevlendirme belgelerini FUATS sistemine yüklemeleri zorunludur.";[Yönetmelik] | [Baþvuru Rehberi];Tablo 4 / Madde 7(3);araþtýrma|yurt dýþý|ay katsayýsý|süre;"med"""
411;Fýrat Üniversitesi akademik teþvik takvimine göre birim komisyonlarýnýn baþvurularý incelemesi ve sisteme veri giriþi hangi tarihlerde tamamlanmalýdýr?;"Öðretim elemanlarý tarafýndan yapýlan baþvurularýn birim akademik teþvik baþvuru ve inceleme komisyonu tarafýndan FUATS sistemi üzerinden incelenmesi 12-15 Ocak 2026 tarihleri arasýnda gerçekleþtirilir; inceleme süreci sonunda teþvik almaya hak kazananlarýn verileri 15 Ocak 2026 tarihinde sisteme girilir; ayný gün YÖKSÝS ve FUATS sistem çýktýlarý ilgili Dekanlýk veya Müdürlüklere gönderilmelidir; bu aþama baþvurularýn üst komisyona iletilmesinden önceki son kontrol ve onay basamaðýdýr.";[Takvim] | [Baþvuru Rehberi];12-15 Ocak 2026 / Madde 6;birim komisyonu|inceleme|takvim|fuats;easy
412;Akademik Teþvik Ödeneði Yönetmeliði uyarýnca en yüksek Devlet memuru brüt aylýðý tutarý hangi gösterge rakamlarý üzerinden hesaplanýr?;"En yüksek Devlet memuru brüt aylýðý; 1.500 aylýk gösterge rakamý ile 8.000 ek gösterge rakamýnýn toplamý olan 9.500 gösterge rakamýnýn, memur aylýk katsayýsý ile çarpýmý sonucu bulunan tutarý ifade eder; bu tutar akademik teþvik ödemesi formülünde temel bir çarpan olarak yer alýr; ödeme miktarý bu brüt tutarýn kadro unvan oranlarý ve akademik teþvik puaný ile çarpýlmasýyla elde edilir; katsayý deðiþiklikleri ödeme tutarlarýný doðrudan etkileyen bir unsurdur.";[Yönetmelik];Madde 3(ç) / Madde 8(1);brüt aylýk|gösterge|maaþ katsayýsý|hesaplama;hard
413;Akademik teþvik üst komisyon üyelerinin seçimi sýrasýnda rektör tarafýndan kaç aday önerilir ve seçim kim tarafýndan yapýlýr?;"Akademik Teþvik Düzenleme, Denetleme ve Ýtiraz Komisyonu üyeleri; rektörün her bir üyelik için önereceði üç aday arasýndan üniversite senatosu tarafýndan seçilir; komisyon üyeleri yüksek akademik teþvik puanýna sahip öðretim üyeleri arasýndan ve her doçentlik temel alanýndan en az bir kiþi olacak þekilde belirlenir; komisyonun baþkanlýðýný rektör tarafýndan görevlendirilen bir rektör yardýmcýsý yürütür; üyeler iki yýl süreyle görev yapar ve süresi dolanlarýn yeniden seçilmesi mevzuat dahilindedir.";[Yönetmelik];Madde 4(1);üst komisyon|seçim|senato|rektör yardýmcýsý;med
414;Birim akademik teþvik baþvuru ve inceleme komisyonu üyeleri oylama sýrasýnda çekimser oy kullanabilir mi ve karar usulü nasýldýr?;"Hayýr, birim akademik teþvik baþvuru ve inceleme komisyonu üyeleri oylama sýrasýnda çekimser oy kullanamazlar; komisyon, baþkan dahil üye tam sayýsýnýn salt çoðunluðu ile toplanýr ve katýlanlarýn salt çoðunluðu ile karar alýr; oylarýn eþitliði durumunda komisyon baþkanýnýn oyu yönünde karar verilmiþ sayýlýr; bu kural sürecin hýzlý ve kesin kararlarla ilerlemesini saðlamak amacýyla getirilmiþtir; ayný oylama usulü ve çekimser oy yasaðý üst komisyon (Akademik Teþvik Düzenleme, Denetleme ve Ýtiraz Komisyonu) için de geçerlidir.";[Yönetmelik];Madde 5(2) / Madde 4(2);oylama|çekimser oy|karar yeter sayýsý|komisyon;med
415;Devlet üniversitelerinden vakýf üniversitelerine görevlendirilen öðretim elemanlarýnýn bu süreçte gerçekleþtirdikleri akademik faaliyetler teþvik kapsamýnda mýdýr?;"Hayýr, devlet yükseköðretim kurumlarýndan vakýf yükseköðretim kurumlarýna görevlendirilen öðretim elemanlarýnýn görevlendirme süresince gerçekleþtirdikleri faaliyetler akademik teþvik puanlarýnýn hesaplanmasýnda dikkate alýnmaz; teþvik baþvurusunda bulunabilmek için faaliyetin devlet yükseköðretim kurumunda görev yaparken üretilmiþ olmasý esastýr; araþtýrmacý tekrar bir devlet üniversitesi kadrosuna dönse dahi vakýf üniversitesindeki görev süresince ürettiði yayýn, proje veya diðer çalýþmalar puanlamaya dahil edilmez; bu kural sistemin devlet kaynaklý üretimi teþvik etme amacýný yansýtýr.";[Baþvuru Rehberi] | [Yönetmelik];Sayfa 7 / Madde 6(7);vakýf üniversitesi|görevlendirme|kýsýtlama|baþvuru;hard
416;Akademik teþvik baþvurusu sýrasýnda öðretim elemaný baþka bir kurumdan naklen gelmiþse sunmasý gereken zorunlu belge nedir?;"Baþvuru sahibi öðretim elemaný 2025 yýlý içinde baþka bir kurumdan gelmiþ ise; araþtýrmacýnýn önceki kurumda ve mevcut üniversitede gerçekleþtirdiði faaliyetlerin ayrýntýlý olarak belirtildiði Kurum Deðiþikliði Beyan Formunun sunulmasý zorunludur; ayrýca YÖKSÝS çýktýsýnda her bir faaliyetin hangi kurum bünyesinde gerçekleþtirildiði açýkça gösterilmelidir; bu dökümanlar birim komisyonunun faaliyetlerin geçerliliðini ve devlet kurumu bünyesinde yapýlýp yapýlmadýðýný denetlemesi için gereklidir; beyan formunun eksikliði baþvurunun reddine neden olabilir.";[Baþvuru Rehberi] | [Yönetmelik];Madde 8 / Madde 6(2);kurum deðiþikliði|beyan formu|yöksis|naklen atama;med
417;Birim komisyonu tarafýndan hazýrlanan deðerlendirme raporlarýnda puan deðiþikliði yapýlan faaliyetler için hangi açýklama zorunluluðu bulunmaktadýr?;"Birim akademik teþvik baþvuru ve inceleme komisyonu tarafýndan hazýrlanan deðerlendirme raporunda; reddedilen veya beyan edilen puan deðerinde deðiþiklik yapýlan (artýrýlan veya düþürülen) her bir akademik faaliyetle ilgili olarak mutlaka gerekçeli bir açýklama bulunmasý zorunludur; bu açýklamalar yönetmelik maddelerine ve sunulan kanýtlara dayanmalýdýr; gerekçesiz yapýlan puan müdahaleleri itiraz sürecinde araþtýrmacý lehine deðerlendirilebilir; bu raporlar ilgili dekan veya müdür tarafýndan onaylanarak ilan edilen takvime uygun þekilde üst komisyona iletilir.";[Yönetmelik];Madde 6(4);deðerlendirme raporu|gerekçe|puan deðiþikliði|komisyon;med
418;Döner sermaye üzerinden yürütülen projelerin akademik teþvik puaný alabilmesi için gereken 'Ar-Ge niteliði' ve 'süre' þartý nedir?;"Döner sermaye üzerinden yapýlan dýþ kaynaklý (yurt içi veya yurt dýþý) projelerin puanlanabilmesi için; projenin mutlaka Ar-Ge niteliði taþýmasý ve toplam proje süresinin dokuz aydan az olmamasý (9 ay ve üzeri) þarttýr; süresi dokuz aydan az olan veya Ar-Ge özelliði bulunmayan döner sermaye iþleri kapsam dýþý býrakýlmýþtýr; ayrýca projenin maddi desteðinin üniversiteye aktarýlmýþ olmasý ve projenin 2025 yýlý içerisinde baþarýyla sonuçlanarak raporunun onaylanmýþ olmasý belgelenmelidir; bilirkiþilik ve danýþmanlýk faaliyetleri bu kapsamda deðerlendirilemez.";[Baþvuru Rehberi] | [Yönetmelik];Madde 11 / Madde 7(2);döner sermaye|proje|Ar-Ge|süre;hard
419;Araþtýrma faaliyetleri kapsamýnda hazýrlanan eylem planý, fizibilite raporu ve envanter çalýþmalarý teþvik puaný kazandýrýr mý?;"Hayýr, akademik teþvik yönetmeliði uyarýnca eylem planý, fizibilite raporu ve envanter çalýþmasý niteliðindeki faaliyetler araþtýrma kapsamýnda deðerlendirmeye alýnmaz; araþtýrma faaliyetinin puanlanabilmesi için bilim, teknoloji ve sanata katký saðlayýcý nitelikte özgün sistematik çalýþmalar olmasý ve kurum dýþý görevlendirme ile en az dört ay sürmesi þarttýr; dört aydan kýsa süren hiçbir araþtýrma çalýþmasý deðerlendirmeye alýnmaz; ayrýca 1 nolu Proje faaliyet alanýnda deðerlendirilmeyen proje türlerinin de araþtýrma kategorisi altýnda sunulmasý yasaktýr.";[Yönetmelik] | [Baþvuru Rehberi];Madde 7(3) / Madde 16;araþtýrma|kapsam dýþý|envanter|fizibilite;med
420;Dergilerde yayýmlanan makalelerin deðerlendirilebilmesi için künye bilgilerine dair hangi þartlar aranmaktadýr?;"Dergilerde yayýmlanan makalelerin puanlanabilmesi için; ilgili derginin basýlmýþ olmasý veya elektronik ortamda yayýmlanmýþ olmasý þarttýr; baþvuru sýrasýnda makalenin cilt, sayfa, yýl bilgileri ile dergi künyesinin açýk ve net bir þekilde sunulmasý zorunludur; kabul almýþ ancak henüz yayýmlanmamýþ veya künye bilgileri (cilt/sayý) oluþmamýþ yayýnlar teþvik kapsamý dýþýndadýr; yayýnlarýn mutlaka 2025 takvim yýlý içerisinde yayýmlanmýþ olmasý gerekmektedir; ISSN numarasý bulunmayan dergilerde yayýmlanan çalýþmalar deðerlendirmeye alýnmaz.";[Yönetmelik] | [Baþvuru Rehberi];Madde 7(4) / Madde 21;dergi|künye|yayýn|ISSN;easy
421;Dergilerde editörlük faaliyeti için puanlama yapýlýrken yýllýk yayýnlanan sayýya bakýlmaksýzýn uygulanan kýsýtlama nedir?;"Dergilerde editörlük faaliyetlerinin deðerlendirilmesinde; yýllýk yayýnlanan dergi sayýsýna veya farklý dergilerde görev alýnmasýna bakýlmaksýzýn sadece bir editörlük görevi dikkate alýnýr; çok editörlü dergilerde sadece 'baþ editör' olan öðretim elemaný teþvikten yararlanabilir; yardýmcý editörlükler veya alan editörlükleri puanlanmaz; ayrýca editör kurulu üyelikleri yönetmelik deðiþikliði ile tamamen teþvik kapsamýndan çýkartýlmýþtýr; araþtýrmacýlarýn editör olduklarýný gösteren güncel web sitesi ekran görüntüsünü ve derginin indeks bilgisini kanýt olarak sunmalarý þarttýr.";[Baþvuru Rehberi] | [Yönetmelik];Madde 25 / Madde 7(4);editörlük|baþ editör|kýsýtlama|puanlama;med
422;Bir kitabýn 'tanýnmýþ uluslararasý yayýnevi' sayýlabilmesi için yayýmlanan kitap sayýsý ve faaliyet süresi kriterleri nelerdir?;"Yönetmeliðin 3. maddesinin (l) bendi uyarýnca; bir yayýnevinin tanýnmýþ uluslararasý yayýnevi sayýlabilmesi için en az beþ yýldýr uluslararasý düzeyde düzenli faaliyet yürütmesi ve Türkçe dýþýndaki dillerde ayný alanda farklý yazarlara ait en az yirmi kitap yayýmlamýþ olmasý þarttýr; bu kriterleri saðlamayan yayýnevlerinden çýkan kitaplar uluslararasý kategoride deðerlendirilemez; yayýnevinin bu özelliklerini gösteren internet adresi veya resmi belgeler baþvuru sýrasýnda FUATS sistemine yüklenmelidir; yayýneviyle yapýlan sözleþme veya davet mektubu da zorunlu belgeler arasýndadýr.";[Yönetmelik] | [Baþvuru Rehberi];Madde 3(l) / Madde 24;uluslararasý yayýnevi|kitap sayýsý|dil þartý|yayýn;hard
423;Atýf faaliyetlerinin puanlanmasýnda 'self-citation' (öz-atýf) yasaðýna dair kurallar nasýl düzenlenmiþtir?;"Akademik teþvik sisteminde atýf, araþtýrmacýnýn yazar olarak yer almadýðý yayýnlarda kendi eserlerine yapýlan atýflarý ifade eder; baþvuru sahibinin kendi yayýnlarýna veya eserlerine bizzat yaptýðý atýflar (self-citation) kesinlikle kapsam dýþýdýr; sadece baþka araþtýrmacýlar tarafýndan 2025 yýlýnda yayýmlanmýþ çalýþmalardaki atýflar dikkate alýnýr; atýflarýn deðerlendirilmesinde kiþi sayýsý dikkate alýnmaz ve her bir baþvuru sahibi için ayrý puanlama yapýlýr; hem atýf yapýlan hem de atýf yapan yayýnýn yönetmelikte geçerli sayýlan kategorilerde olmasý þarttýr.";[Baþvuru Rehberi] | [Yönetmelik];Madde 37 / Madde 7(8);atýf|self-citation|kapsam dýþý|kýsýtlama;med
424;Bir tebliðin uluslararasý nitelik taþýmasý için konuþmacýlarýn ülke çeþitliliði ve toplam teblið oraný kriterleri nelerdir?;"Bir tebliðin sunulduðu etkinliðin uluslararasý sayýlabilmesi için; Türkiye dýþýnda en az beþ farklý ülkeden sözlü teblið sunan konuþmacýnýn katýlým saðlamasý ve etkinlikte sunulan toplam tebliðlerin yarýdan fazlasýnýn (%51 ve üzeri) Türkiye dýþýndan katýlýmcýlar tarafýndan sunulmuþ olmasý þarttýr; bu sayýsal kriterlerin her ikisinin de ayný anda saðlanmasý zorunludur; beþ yabancý katýlýmcý olmasý yeterli olmayýp ülke çeþitliliði esastýr; ayrýca etkinliðin uluslararasý niteliði haiz olduðuna dair üniversite yönetim kurulu kararý bulunmalýdýr; tam metni yayýmlanmayan tebliðler puanlanmaz.";[Yönetmelik] | [Baþvuru Rehberi];Madde 7(9) / Madde 40;teblið|uluslararasý|ülke sayýsý|konuþmacý;hard
425;Akademik teþvik toplam puaný hesaplanýrken her bir faaliyet türünün toplam puan içindeki aðýrlýk sýnýrý nedir?;"Öðretim elemanýnýn her bir faaliyet türünden (proje, araþtýrma, yayýn vb.) topladýðý faaliyet puaný, toplam akademik teþvik puanýnýn %30’unu geçemez; toplam akademik teþvik puaný ise hiçbir durumda 100 puaný aþamaz; bu kural araþtýrmacýlarý akademik faaliyetlerini tek bir alana yýðmak yerine farklý akademik alanlarda üretim yapmaya teþvik etmek amacýyla getirilmiþtir; hesaplamalar Tablo 4'te belirlenen oranlar üzerinden yapýlýr ve bir kategoriden üst sýnýrýn üzerinde puan toplansa dahi sadece 30 puanlýk katký dikkate alýnýr; ödeme için en az 30 puan barajý þarttýr.";[Yönetmelik];Madde 1(1) / Madde 8(3);üst sýnýr|aðýrlýk|puanlama|toplam puan;med
426;Dört kiþilik bir yayýn veya teblið faaliyeti için 'k' katsayýsý deðeri kaç olarak uygulanýr?;"Yönetmelikte yer alan Tablo 1'e göre; faaliyetteki (makale, derleme, kitap, teblið, patent) kiþi sayýsýnýn dört olmasý durumunda uygulanacak 'k' katsayýsý 0,45'tir; bu katsayý faaliyetin temel puaný ile çarpýlarak araþtýrmacýnýn bireysel puanýna ulaþýlmasýný saðlar; kiþi sayýsý beþ olduðunda katsayý 1/5 (0,2), altý olduðunda 1/6 (0,16) deðerine düþer; yedi veya daha fazla katýlýmcý olduðunda ise katsayý doðrudan '1 bölü kiþi sayýsý' olarak hesaplanýr; tek yazarlý eserlerde bu katsayý tam puan anlamýna gelen 1'dir.";[Yönetmelik];Madde 8(4) / Tablo 1;k katsayýsý|kiþi sayýsý|paylaþým|puanlama;easy
427;Projelerde görev alan öðretim elemanlarýnýn puaný hesaplanýrken 'Yürütücü' ve 'Araþtýrmacý' rolleri için hangi katsayýlar uygulanýr?;"Akademik teþvik kapsamýnda deðerlendirilen projelerde araþtýrmacýnýn projedeki rolüne göre (r) katsayýsý esas alýnýr; projenin 'Yürütücüsü' olan öðretim elemaný için r=1 katsayýsý uygulanýrken; projede 'Araþtýrmacý' veya 'Bursiyer' olarak görev yapanlar için bu katsayý 0,5 olarak belirlenmiþtir; bu katsayý projenin türüne göre belirlenen faaliyet oraný (örneðin TÜBÝTAK 1001 için 80) ile çarpýlýr; bulunan sonuç proje kategorisinin temel puaný olan 20 ile oranlanarak araþtýrmacýnýn o projeden alacaðý net puan hesaplanýr; projenin 2025'te baþarýyla sonuçlanmasý þarttýr.";[Yönetmelik];Madde 8(5) / Tablo 2;r katsayýsý|proje|yürütücü|araþtýrmacý;easy
428;SCI, SCI-Expanded, SSCI ve AHCI kapsamýndaki dergilerde yayýmlanan makaleler için kullanýlan 'p' katsayýsý nasýl belirlenir?;"p katsayýsý, makalenin yayýmlandýðý yýl için derginin ISI Web of Science Çeyreklik (Quartile/Q) sýnýflandýrmasýna göre belirlenir; Tablo 3'e göre Q1 grubu dergiler için p=1, Q2 için p=0,8, Q3 için p=0,5 ve Q4 grubu dergiler için p=0,25 katsayýsý uygulanýr; AHCI kapsamýndaki dergiler için bu katsayý sabit 0,5'tir; Q deðeri henüz belirlenmemiþ dergiler için en alt katsayý olan 0,25 deðeri üzerinden iþlem yapýlýr; araþtýrmacýlarýn WOS üzerinden aldýklarý ve makalenin yayýmlandýðý yýla ait Q belgesini sisteme yüklemeleri zorunludur.";[Yönetmelik];Madde 8(6) / Tablo 3;p katsayý|quartile|Q deðeri|wos;hard
429;Özel bir paylaþým oraný olmayan karma sanatsal etkinliklerde puanlama kiþi sayýsýna bölünür mü?;"Sergi faaliyet türündeki karma etkinlikler ile uluslararasý boyutta performansa dayalý yayýmlanmýþ karma ses veya görüntü kayýtlarý kiþi sayýsýna bakýlmaksýzýn tam puanla deðerlendirilir; bu tür faaliyetlerde 'oran/kiþi sayýsý' kuralý uygulanmaz; bu istisna dýþýnda kalan tüm çok katýlýmcý faaliyetlerde (makale, teblið, patent vb.) yazar veya katýlýmcý sayýsýna göre belirlenen (k) katsayýsý uygulanarak puan paylaþýmý yapýlmasý zorunludur; bu düzenleme sanatsal ortak üretimleri desteklemek amacýyla getirilmiþtir; her katýlýmcý faaliyete ait kanýtlarýný bireysel olarak sunmalýdýr.";[Yönetmelik];Madde 8(7);karma etkinlik|istisna|kiþi sayýsý|ses kaydý;hard
430;Akademik teþvik ödeneði baþvurusu sýrasýnda 'YÖKSÝS Çýktýsý' ve 'FUATS Sistem Çýktýsý' için uymasý gereken imza kuralý nedir?;"Baþvuru Rehberi'nin 8. maddesi uyarýnca; akademik teþvik ödeneði baþvurusunda bulunacak araþtýrmacýlarýn YÖKSÝS çýktýsý ve FUATS sistem çýktýsýnýn her sayfasýný ýslak imzalý olarak sunmalarý zorunludur; sadece son sayfanýn imzalanmasý veya imzasýz belge teslimi baþvurunun geçersiz sayýlmasýna neden olabilir; her sayfanýn imzalanmasý girilen tüm verilerin doðruluðunun araþtýrmacý tarafýndan resmen taahhüt edildiði anlamýna gelir; bu imzalý dökümanlar birim komisyonlarýna teslim edilirken kanýtlayýcý belgeler sadece elektronik ortamda sisteme yüklenmelidir.";[Baþvuru Rehberi];Madde 8 / Sayfa 8;imza|yöksis|fuats|baþvuru;easy
431;Akademik teþvik ödeneði ödemeleri hangi tarihte baþlar, ne kadar sürer ve ödemelerden hangi vergiler kesilir?;"Akademik teþvik ödeneði; faaliyet yýlýný takip eden yýlýn (2026) Þubat ayýnýn on beþinden itibaren baþlatýlýr ve on iki ay süreyle her ayýn on beþinde ödenir; bu ödemeler damga vergisi hariç herhangi bir vergiye tabi tutulmaz ve ilgili mevzuat uyarýnca ödenen diðer zam, tazminat veya döner sermaye ödemelerinin hesabýnda dikkate alýnmaz; ödeme yapýlabilmesi için araþtýrmacýnýn en az otuz puan barajýný aþmýþ olmasý ve 2914 sayýlý kanun uyarýnca aylýk alýyor olmasý þarttýr; kurum deðiþtirenlerin ödemeleri yeni yükseköðretim kurumlarýnca sürdürülür.";[Yönetmelik];Madde 10(2) ve 10(3);ödeme|tarih|vergi|kesinti;med
432;Fýrat Üniversitesi takvimine göre kesinleþen teþvik listelerinin harcama birimlerine bildirilmesi hangi tarihte gerçekleþir?;"Takvim uyarýnca; tüm deðerlendirme ve itiraz süreçlerinin tamamlanmasýnýn ardýndan 06 Þubat 2026 tarihinde kesin listeler oluþturulur; bu listeler, teþvik almaya hak kazanan öðretim elemanlarýna ödeme yapýlabilmesi amacýyla üniversitenin ilgili harcama birimlerine ayný gün bildirilir; bu tarihten sonra listeler üzerinde herhangi bir deðiþiklik yapýlmasý mümkün deðildir; ödemeler bu kesin listeler baz alýnarak 15 Þubat tarihinden itibaren aylýk olarak gerçekleþtirilir; harcama birimleri bu dökümanlarý tahakkuk iþlemlerinde esas alýr.";[Takvim];06 Þubat 2026;kesin liste|harcama birimi|ödeme|tarih;easy
433;Ödül kategorisinde yer alan bilim ödülleri için aranan 'süreklilik' ve 'jüri' þartlarý nelerdir?;"Bilim ödüllerinin puanlanabilmesi için; ödülün sürekli olarak verilmesi, daha önce en az beþ kez verilmiþ olmasý ve ilgili kurumun internet sayfasýndan resmi olarak duyurulmuþ olmasý þarttýr; ayrýca ödülün akademik aðýrlýklý bir deðerlendirme jürisi veya seçici kurulu tarafýndan verilmiþ olmasý zorunludur; tebliðler için verilen ödüller, dergi hakemlikleri dolayýsýyla verilen ödüller ve araþtýrmacýnýn kendi üniversitesinden aldýðý ödüller kapsam dýþýdýr; ayný çalýþma için alýnan farklý ödüllerden sadece bir tanesi puanlanýr; belgeler arasýnda jüri listesi ve ödül duyurusu bulunmalýdýr.";[Yönetmelik] | [Baþvuru Rehberi];Madde 7(10) / Madde 44;ödül|süreklilik|beþ kez|akademik jüri;med
434;Tasarým faaliyetlerinin teþvik kapsamýnda deðerlendirilebilmesi için gereken 'uygulama' veya 'tescil' þartý nedir?;"Tasarýmýn deðerlendirilebilmesi için; bilim, teknoloji ve sanata katký saðlayýcý nitelikte olmasý ve araþtýrmacýnýn kendi alaný ile ilgili olmasý zorunludur; ayrýca tasarýmýn kamu kurumlarý veya özel hukuk tüzel kiþileriyle yapýlan bir sözleþme uyarýnca uygulanmýþ veya ticarileþtirilmiþ olmasý veya 2025 yýlý içerisinde resmi mercilerce tescil edilmiþ olmasý þarttýr; tescilsiz veya ticarileþmemiþ taslaklar puanlanmaz; baþvuru sýrasýnda tasarým dosyasý ile birlikte uygulama belgesi veya tescil nüshasý FUATS sistemine yüklenmelidir; tasarýmýn sonuçlandýðý tarih 2025 yýlý olarak esas alýnýr.";[Yönetmelik] | [Baþvuru Rehberi];Madde 7(5) / Madde 30;tasarým|tescil|ticarileþme|sözleþme;hard
435;Sergi faaliyetlerinin uluslararasý nitelikte sayýlabilmesi için hangi üniversite biriminden onay alýnmasý zorunludur?;"Bir sergi, bienal, festival veya gösterim etkinliðinin uluslararasý olarak deðerlendirilebilmesi için; serginin uluslararasý nitelikte olduðunun ilgili bölüm, anabilim dalý veya anasanat dalý kurullarýnca onaylanmýþ olmasý þarttýr; bu onay kararý resmi bir kurul tutanaðý veya yazýsý þeklinde FUATS sistemine yüklenmelidir; kurul onayý bulunmayan sergiler, yurt dýþýnda gerçekleþtirilmiþ olsa dahi uluslararasý kategoride puanlanmaz; ayrýca sergi faaliyetlerinde sanata katký saðlayýcý nitelik aranýr ve serginin tamamlandýðý tarih esas alýnýr; eðitim-öðretim faaliyeti kapsamýndaki sergiler deðerlendirilmez.";[Yönetmelik] | [Baþvuru Rehberi];Madde 7(6) / Madde 31;sergi|uluslararasý|onay|kurul kararý;med
436;Teblið faaliyetlerinde 'tam metin' (full text) zorunluluðu ve özet metinlerin durumu hakkýnda yönetmelik kuralý nedir?;"Tebliðlerin deðerlendirilebilmesi için elektronik veya basýlý olarak etkinlik teblið kitapçýðýnda yer almasý ve mutlaka 'tam metin' olarak yayýmlanmýþ olmasý þarttýr; sadece özet metin (abstract) olarak yayýmlanan bildiriler kesinlikle kapsam dýþýdýr ve puanlamaya esas alýnmaz; araþtýrmacýlarýn teblið tam metnini ve etkinlik programýný FUATS sistemine yüklemeleri zorunludur; ayrýca tebliðde ismi yer alan en az bir araþtýrmacýnýn katýlým saðladýðýný gösterir belgenin sunulmasý esastýr; tam metin yayýmý, çalýþmanýn bilimsel derinliðini ve akademik paylaþýmýn somut çýktýsýný kanýtlamak için zorunlu bir koþuldur.";[Yönetmelik] | [Baþvuru Rehberi];Madde 7(9) / Madde 41;teblið|tam metin|özet metin|kapsam dýþý;med
437;Akademik teþvik ödeneði baþvurusu sýrasýnda yapýlan yanlýþ beyanlarýn tespit edilmesi durumunda hangi yaptýrýmlar uygulanýr?;"Ödeme yapýldýktan sonra dahi, faaliyetlerin gerçeðe aykýrý olduðu veya yönetmelik kapsamýna girmediði anlaþýlan durumlarda yapýlan ödemeler kanuni faiziyle birlikte geri alýnýr; gerçeðe aykýrý, yanlýþ veya yanýltýcý bildirimde bulunanlar hakkýnda komisyonun tespiti ile idari ve cezai inceleme baþlatýlýr; inceleme sonucuna göre cezai müeyyidelerin uygulanmasý gerekirse genel hükümler çerçevesinde iþlem tesis edilir; bu nedenle araþtýrmacýlarýn beyan ettikleri bilgilerin ve sisteme yükledikleri belgelerin doðruluðundan þahsen sorumlu olduklarý unutulmamalýdýr.";[Yönetmelik];Madde 10(5);yanlýþ beyan|geri alma|kanuni faiz|cezai müeyyide;hard
438;Vakýf üniversitelerinden devlet üniversitelerine geçen öðretim elemanlarýnýn akademik teþvik baþvurusu yaparken kýsýtlamasý nedir?;"Vakýf yükseköðretim kurumlarýndan veya baþka bir kurumdan devlet yükseköðretim kurumlarý kadrolarýna geçen öðretim elemanlarýnýn akademik teþvik puanlarý hesaplanýrken sadece devlet yükseköðretim kurumlarýnda gerçekleþtirdikleri faaliyetler esas alýnýr; vakýf üniversitesinde görevli olunan dönemde üretilen yayýnlar, projeler veya diðer çalýþmalar teþvik puanlamasýna dahil edilmez; bu araþtýrmacýlarýn YÖKSÝS çýktýlarýnda her faaliyetin hangi kurum bünyesinde yapýldýðýný göstermeleri ve Kurum Deðiþikliði Beyan Formunu dosyalarýna eklemeleri zorunludur; teþvik sistemi sadece devlet kaynaklý bilimsel üretimi desteklemeyi amaçlamaktadýr.";[Yönetmelik] | [Baþvuru Rehberi];Madde 6(7) / Sayfa 7;vakýf üniversitesi|kurum deðiþikliði|devlet üniversitesi|kýsýtlama;hard
439;Akademik teþvik itiraz dilekçelerinin posta veya faks yoluyla gönderilmesi neden kabul edilmemektedir?;"Akademik teþvik takvimi ve rehberi uyarýnca itiraz dilekçelerinin mutlaka Rektör Yardýmcýlýðý Makamýna 'elden' teslim edilmesi zorunludur; posta, faks veya e-posta yoluyla yapýlan baþvurular kayýt güvenliði ve sürenin doðrulanmasý açýsýndan geçersiz sayýlýr; itirazlar 26-30 Ocak 2026 tarihleri arasýnda kabul edilmektedir; elden teslimat sýrasýnda evrakýn alýndýðýna dair teyit iþlemi gerçekleþtirilir; bu kural itiraz sürecinin hýzlý ve eksiksiz bir þekilde beþ iþ günü içinde tamamlanabilmesi için getirilmiþtir; kurum dýþýnda olan araþtýrmacýlarýn bu duruma göre önlem almasý beklenir.";[Takvim] | [Baþvuru Rehberi];26-30 Ocak 2026 / Madde 6(6);itiraz|elden teslim|dilekçe|kýsýtlama;med
440;Dergilerin 'Diðer uluslararasý hakemli dergiler' kategorisinde puanlanabilmesi için yayýn tarihi ile ilgili kýsýtlama nedir?;"Dergilerin bu kategoride deðerlendirilebilmesi için en az beþ yýldýr yýlda en az bir sayý ile yayýmlanýyor olmasý þarttýr; ayrýca derginin editör veya yayýn kurulunun uluslararasý olmasý ve bilimsel deðerlendirme sürecinin web sayfasýnda ilan edilmiþ olmasý gerekir; yayýmlanmýþ makale künyelerine internet üzerinden ulaþýlamayan dergiler puanlanmaz; araþtýrmacýlarýn derginin son beþ yýllýk arþivine eriþilebilen internet adresini FUATS üzerinden beyan etmeleri zorunludur; bu süreklilik þartýný saðlamayan yeni dergilerde yayýmlanan makaleler teþvik kapsamý dýþýnda tutulur.";[Yönetmelik] | [Baþvuru Rehberi];Madde 7(4) / Madde 21;dergi|yayýn süresi|uluslararasý|kriter;med
441;Bir yayýnevinin 'tanýnmýþ ulusal yayýnevi' sayýlabilmesi için faaliyet süresi ve kitap sayýsý þartý nedir?;"Yönetmeliðin 3. maddesinin (k) bendi uyarýnca; bir yayýnevinin tanýnmýþ ulusal yayýnevi sayýlabilmesi için en az beþ yýldýr ulusal düzeyde düzenli faaliyet yürütüyor olmasý esastýr; ayrýca daha önce ayný alanda farklý yazarlara ait en az yirmi kitap yayýmlamýþ olmasý þartý aranýr; bu kriterleri saðlayan yayýnevlerinden çýkan özgün bilimsel kitaplar k x 50 katsayýsý üzerinden puanlanýr; araþtýrmacýlarýn yayýnevinin bu þartlarý taþýdýðýný gösteren kütüphane kayýtlarýný veya internet sayfasý dökümanlarýný FUATS sistemine kanýt olarak yüklemeleri gerekmektedir.";[Yönetmelik];Madde 3(k);ulusal yayýnevi|kitap sayýsý|faaliyet süresi|yayýn;hard
442;Akademik teþvik baþvurusu sýrasýnda öðretim elemanlarý tarafýndan sisteme yüklenmesi gereken kanýtlayýcý belgelerin formatý nasýldýr?;"Öðretim elemanlarý, akademik teþvik baþvurularýný kadrolarýnýn bulunduðu birimin komisyonuna yaparken kanýtlayýcý belgeleri sadece elektronik ortamda sunmalýdýr; faaliyetlere iliþkin örnek, kanýt ve belgeler FUATS sistemi üzerinden dijital olarak yüklenmelidir; fiziksel dosya veya kaðýt evrak teslimi (imzalý YÖKSÝS ve FUATS çýktýlarý hariç) yapýlmayacaktýr; her faaliyet türü için istenen belgeler (kitap kapaðý, proje sonuç belgesi, katýlým sertifikasý vb.) sistemin gerektirdiði formatlarda tek bir dosya veya klasör halinde yüklenmelidir; belgelerin doðruluðundan ve okunabilirliðinden araþtýrmacý bizzat sorumludur.";[Takvim] | [Baþvuru Rehberi];Madde 6(1) / Sayfa 8;belge|kanýt|elektronik|fuats;easy
443;TÜBÝTAK projelerinde FUATS sistemine yüklenmesi gereken 'Bilimsel Kurul Deðerlendirme Raporu' zorunlu mudur?;"FUATS sistemine yüklenmesi gereken belgeler proje türüne göre deðiþiklik göstermektedir; Baþvuru Rehberi'nin 13. maddesinde yer alan nota göre bilimsel kurul deðerlendirme raporlarý 'TÜBÝTAK projeleri için geçerli deðildir' ve bu projeler için sisteme yüklenmesi zorunlu tutulmamýþtýr; TÜBÝTAK projeleri için sadece destekleyen kuruluþ tarafýndan projenin sonuçlandýðýný veya kapatýldýðýný gösteren onaylý resmi belgenin sunulmasý yeterlidir; ancak TÜBÝTAK dýþýndaki diðer ulusal veya uluslararasý özel/resmi kurumlarca desteklenen Ar-Ge projeleri için bu deðerlendirme raporunun sunulmasý þarttýr; eksik belge baþvurunun reddine yol açabilir.";[Baþvuru Rehberi];Madde 13 / Sayfa 12;tübitak|proje|deðerlendirme raporu|belge;med
444;Hangi tür ses veya görüntü kayýtlarý akademik teþvik kapsamýnda 'yayýn' kategorisinde puanlanabilmektedir?;"Dergilerdeki yayýnlarýn yaný sýra ses ve görüntü kayýtlarý da teþvik kapsamýndadýr; ulusal ve uluslararasý boyutta performansa dayalý ses ve görüntü kayýtlarýnýn deðerlendirilmesinde mutlaka yayýmlanmýþ olma koþulu aranýr; uluslararasý boyutta kiþisel veya karma kayýtlar ile ulusal boyutta kiþisel kayýtlar puanlanmaya dahildir; Müzik ve Konservatuvar bölümleri için CD, DVD veya benzeri ortamdaki kayýtlara yönelik bandrol verildiðini gösterir belgenin sunulmasý zorunludur; bestecilik, yorumculuk, sahne tasarýmý gibi faaliyetlerde etkinliðin ulusal/uluslararasý boyutunu ve 2025 yýlýnda yayýmlandýðýný gösteren belgeler sunulmalýdýr.";[Yönetmelik] | [Baþvuru Rehberi];Madde 7(4) / Madde 28;ses kaydý|görüntü kaydý|bandrol|yayýn;med
445;Akademik teþvik puaný hesaplanýrken iki yazarlý bir makale için 'k' katsayýsý deðeri kaçtýr?;"Yönetmelikte yer alan Tablo 1'e göre, çok isimli yayýnlarda yazar sayýsý iki (2) olduðunda uygulanacak 'k' katsayýsý 0,8 olarak belirlenmiþtir; bu katsayý faaliyet türü için belirlenen temel oran ile çarpýlarak bireysel puanýn hesaplanmasýnda kullanýlýr; tek yazarlý bir eserde katsayý tam deðer olan 1 iken, yazar sayýsý arttýkça katsayý düþmektedir; örneðin üç kiþi için 0,6, dört kiþi için 0,45 katsayýsý uygulanýr; beþ kiþi ve sonrasý için ise 1/kiþi sayýsý kuralý geçerlidir; bu paylaþým usulü patent ve teblið faaliyetleri için de aynen uygulanmaktadýr.";[Yönetmelik];Madde 8(4) / Tablo 1;k katsayýsý|iki isimli|paylaþým|hesaplama;easy
446;Dergilerin 'Alan Ýndeksi' kategorisinde puanlanabilmesi için hangi kurumlarýn onayladýðý listeler esas alýnmaktadýr?;"Alan indeksleri, Üniversitelerarasý Kurul (ÜAK) Baþkanlýðý tarafýndan hazýrlanýp Yükseköðretim Kurulu (YÖK) tarafýndan onaylanan doçentlik baþvurusu için kabul edilen indeksleri ifade eder; bu kapsamda puanlama yapýlabilmesi için derginin ilgili alan indeksine girdiðini gösteren ÜAK sayfasýndan alýnmýþ resmi belgenin sisteme yüklenmesi þarttýr; ancak alan indeksi puanlamasý sadece Eðitim Bilimleri, Mimarlýk, Planlama ve Tasarým, Sosyal, Beþeri ve Ýdari Bilimler ile Spor Bilimleri temel alanlarý için geçerlidir; diðer temel alanlarda bu kapsamda puanlama yapýlmamalýdýr; bu kural doçentlik kriterleri ile uyumu saðlar.";[Yönetmelik] | [Baþvuru Rehberi];Madde 3(b) / Madde 26;alan indeksi|üak|doçentlik|indeks;hard
447;Hangi tür araþtýrma faaliyetleri ve hazýrlýk çalýþmalarý akademik teþvik kapsamýnda kesinlikle deðerlendirilmez?;"Araþtýrma faaliyetinin deðerlendirilmesinde bilim, teknoloji ve sanata katký saðlayýcý özgün sistematik çalýþmalar dikkate alýnýr; ancak eylem planý, fizibilite raporu ve envanter çalýþmasý niteliðindeki faaliyetler kesinlikle deðerlendirmeye alýnmaz; ayrýca dört aydan az süren araþtýrmalar da kapsam dýþý býrakýlmýþtýr; 1 nolu Proje faaliyet alanýnda deðerlendirilmeyen proje türlerinin de araþtýrma kategorisi altýnda sunulmamasý gerekmektedir; araþtýrmanýn puan alabilmesi için üniversite yönetim kurulu izniyle kurum dýþýnda yürütülmüþ ve sonuç raporunun onaylanmýþ olmasý þarttýr.";[Yönetmelik] | [Baþvuru Rehberi];Madde 7(3) / Madde 16;araþtýrma|eylem planý|fizibilite|envanter;med
448;Akademik teþvik baþvurusu sýrasýnda 'YÖKSÝS Çýktýsý' neden her sayfa imzalý olarak talep edilmektedir?;"Öðretim elemanlarý baþvurularýný yaparken YÖKSÝS’ten alýnan faaliyet çýktýsýný sunmakla yükümlüdürler; bu dökümanýn her sayfasýnýn araþtýrmacý tarafýndan imzalanmasý, girilen tüm verilerin doðruluðunun resmi beyaný ve taahhüdü sayýlýr; imzalý dökümanlar birim komisyonlarý tarafýndan incelenir ve asýl nüsha dekanlýk/müdürlük onayýyla üst komisyona iletilir; imzasýz belgelerle yapýlan baþvurular hukuki geçerliliði olmadýðý için iþleme alýnmaz; her sayfanýn imzalanmasý zorunluluðu FUATS sistem çýktýlarý için de aynen geçerlidir; bu süreç araþtýrmacýnýn beyan sorumluluðunu pekiþtirmek amacýyla uygulanýr.";[Takvim] | [Baþvuru Rehberi];Madde 8 / Sayfa 8;imza|yöksis|sorumluluk|belge;easy
449;TÜBÝTAK 1005 - Ulusal Yeni Fikirler ve Ürünler Araþtýrma Destek Programý projesinin puan oraný kaçtýr?;"Yönetmeliðin Tablo 4 (1. Proje) kýsmýna göre; TÜBÝTAK 1005 ve 3001 projeleri için faaliyet oraný r x 70 olarak belirlenmiþtir; burada r, araþtýrmacýnýn roline göre (yürütücü ise 1, araþtýrmacý ise 0,5) deðiþen katsayýyý ifade eder; örneðin yürütücü olan bir araþtýrmacý bu projeden 14 tam puan (70% x 20) elde eder; projenin 2025 yýlýnda baþarýyla sonuçlanmýþ ve sonuç raporunun onaylanmýþ olmasý zorunludur; 1001 projelerinde bu oran r x 80 iken, 1005 programýnda r x 70 olarak uygulanmaktadýr; belgeler FUATS'a yüklenmelidir.";[Yönetmelik];Tablo 4 (1. Proje);tübitak 1005|proje|puanlama|yürütücü;med
450;YÖK Yýlýn Doktora Tezi Ödülü akademik teþvik sisteminde kaç puan kazandýrýr?;"YÖK Yýlýn Doktora Tezi Ödülü, ödül kategorisinde en yüksek puan diliminde yer alan bir faaliyettir; Tablo 4'e göre bu ödül için %100 faaliyet oraný uygulanýr; bu oran ödül kategorisinin temel puaný olan 20 ile çarpýldýðýnda araþtýrmacýya 20 tam puan kazandýrýr; ödülün mutlaka 2025 yýlý içerisinde verilmiþ olmasý ve yetkili mercilerce onaylanmýþ belgesinin sisteme yüklenmesi þarttýr; bu puan teþvik ödeneðine esas nihai puana doðrudan eklenir (kategori üst sýnýrý olan 30 puaný geçemez); doktora tezinin kendisi yayýn olarak puanlanmazken bu ödül puan kazandýrýr.";[Yönetmelik];Tablo 4 (9. Ödül);yök ödülü|doktora tezi|puanlama|ödül;hard
451;Sergi faaliyetlerinde tekrarlayan etkinlikler için uygulanan %50 puan kuralý neyi ifade eder?;"Yönetmeliðin 7. maddesinin 6. fýkrasýna göre; ayný yýl içerisinde tekrar eden sergi, konser, festival veya gösteri gibi etkinliklerde en çok iki etkinlik dikkate alýnýr; ilk etkinlik tam puanla deðerlendirilirken, ikinci tekrar etkinlik için mevcut faaliyet puanýnýn yarýsý (%50'si) verilir; ikiden fazla tekrar eden ayný içerikli faaliyetler için ise hiçbir puanlama yapýlmaz; bu kural araþtýrmacýnýn ayný eserle mükerrer ve haksýz puan toplamasýný engellemek, sanatsal üretimin çeþitliliðini artýrmak amacýyla getirilmiþtir; her bir etkinliðin yeri ve tarihi kanýtlanmalýdýr.";[Yönetmelik];Madde 7(6);sergi|tekrarlayan etkinlik|puanlama|kýsýtlama;hard
452;Akademik teþvik ödeneði baþvurusu sýrasýnda 'Kurum Deðiþikliði Beyan Formu' kimler tarafýndan sunulmalýdýr?;"Öðretim elemaný 2025 yýlý içerisinde baþka bir kurumdan (üniversite veya diðer kamu kurumlarý) naklen gelmiþ ise araþtýrmacýnýn önceki kurumda gerçekleþtirdiði ve mevcut üniversitede gerçekleþtirdiði faaliyetleri belirten Kurum Deðiþikliði Beyan Formunun sunulmasý zorunludur; ayrýca YÖKSÝS çýktýsýnda her bir faaliyetun hangi kurum bünyesinde yapýldýðý açýkça gösterilmelidir; farklý kurumlarda gerçekleþen faaliyetlerin deðerlendirilmesi araþtýrmacýnýn þu an kadrosunun bulunduðu üniversitedeki komisyon tarafýndan yapýlýr; beyanýn doðruluðu araþtýrmacýnýn sorumluluðunda olup yanlýþ beyan yaptýrýma tabidir.";[Yönetmelik] | [Baþvuru Rehberi];Madde 6(2) / Sayfa 8;kurum deðiþikliði|beyan formu|naklen atama|yöksis;hard
453;Akademik teþvik puaný hesaplanýrken her bir faaliyet türü için belirlenen puan üst sýnýrlarý nelerdir?;"Yönetmeliðin Faaliyet Hesaplama Tablosu (Tablo 4) uyarýnca her faaliyet kategorisinin toplam puana katkýsý sýnýrlýdýr; Proje türü için en fazla 20 puan, Araþtýrma için 15 puan, Yayýn için 30 puan, Tasarým için 15 puan, Sergi için 15 puan, Patent için 30 puan, Atýf için 30 puan, Teblið için 20 puan ve Ödül için 20 puan alýnabilir; öðretim elemanýnýn bir türden topladýðý faaliyet puaný o türün üst sýnýrýný, toplam akademik teþvik puaný ise 100 puaný kesinlikle geçemez; bu puanlar faaliyet oranlarýnýn ilgili katsayýlarla çarpýlmasý sonucu elde edilir; ödeme için en az 30 puan þarttýr.";[Yönetmelik];Madde 8(3) / Tablo 4;puan|üst sýnýr|faaliyet türü|toplam puan;hard
454;SCI-Expanded kapsamýndaki dergilerde yayýmlanan 'vaka takdimi' ve 'editöre mektup' gibi kýsa makalelerin puanlanmasý nasýl hesaplanýr?;"SCI, SCI-Expanded, SSCI ve AHCI kapsamýndaki dergilerde müstakil olarak yayýmlanmýþ vaka takdimi, editöre mektup, teknik not ve kitap eleþtirisi gibi kýsa makaleler; ilgili derginin Q (çeyreklik) deðerine göre belirlenen tam makale puanýnýn yarýsý üzerinden deðerlendirilir; hesaplamada 'k x p x 30' (A1 alanlarý için) veya 'k x p x 40' (A2 alanlarý için) formülü uygulanýr; özetler veya tam metni yayýmlanmamýþ bildiriler bu kapsamda deðerlendirilmeyecektir; araþtýrmacýlarýn ilgili yayýn türünü FUATS sisteminde doðru kategorize etmesi þarttýr.";[Yönetmelik];Tablo 4 / Madde 8(6);vaka takdimi|kýsa makale|puanlama|hesaplama;hard
455;Birim akademik teþvik baþvuru ve inceleme komisyonu üyeleri hangi kriterlere göre ve hangi makam tarafýndan seçilir?;"Birim komisyonu üyeleri; ilgili bölüm, anabilim dalý veya anasanat dalý yönetim kurulu tarafýndan seçilir; seçim sürecinde öðretim elemanlarýnýn yüksek akademik teþvik puanýna sahip olmalarý temel kriterdir; komisyon en az üç üyeden oluþur ve baþkanlýðý birim baþkaný yürütür; birimde yeterli öðretim elemaný olmamasý durumunda yakýn alanlardan görevlendirme yapýlabilir; üyelerin görev süresi iki yýl olup süresi dolanlar yeniden seçilme hakkýna sahiptir; seçim sonuçlarý ilgili birimin yönetim kurulu karar tutanaðý ile resmileþtirilir.";[Yönetmelik];Madde 5(1);komisyon|seçim|yönetim kurulu|görev süresi;med
456;Uluslararasý patent faaliyetlerinin akademik teþvik kapsamýnda deðerlendirilebilmesi için tescil raporunda hangi teknik ifadeler aranýr?;"Uluslararasý patentin deðerlendirilebilmesi için Patent Ýþbirliði Antlaþmasý (PCT) kapsamýnda yapýlan baþvurularda, uluslararasý araþtýrma raporunun yazýlý görüþ kýsmýnda veya ön inceleme raporunda en az bir istemin patentlenebilirlik kriterlerini (yenilik, buluþ basamaðý, sanayiye uygulanabilirlik) saðladýðýnýn ifade edilmiþ olmasý þarttýr; bu teknik kriterleri saðlamayan baþvurular puanlanmaz; Avrupa Patent Ofisi (EPO) tarafýndan verilen patentler de bu kapsamdadýr; patentlerin tescil tarihinin 2025 yýlý olmasý esastýr; tescil belgesinin nüshasý FUATS sistemine yüklenmelidir.";[Yönetmelik] | [Baþvuru Rehberi];Madde 3(ö) / Madde 33;patent|tescil|yenilik|buluþ basamaðý;hard
457;Akademik teþvik ödeneði hesaplamasýnda kullanýlan 'k' katsayýsý iki yazarlý bir faaliyet için kaç olarak uygulanýr?;"Yönetmeliðin 8. maddesinde yer alan Tablo 1 uyarýnca, çok isimli yayýn (makale, derleme, kitap), teblið ve patentler için kiþi sayýsýna göre farklý katsayýlar belirlenmiþtir; faaliyette yer alan kiþi sayýsý iki ise (k) katsayýsý 0,8 olarak uygulanýr; bu durumda her bir yazar faaliyetin toplam puanýnýn %80'ini alýr; tek yazarlý eserlerde bu katsayý 1 (tam puan) iken, yazar sayýsý arttýkça (örneðin 3 kiþi için 0,6) katsayý azalmaktadýr; bu puanlama sistemi faaliyetin ortaya konulmasýndaki iþ yükü ve katký payýný adil þekilde daðýtmayý amaçlamaktadýr.";[Yönetmelik];Madde 8(4) / Tablo 1;k katsayýsý|iki isimli|paylaþým|puanlama;easy
458;Dergilerin 'Alan Ýndeksi' kategorisinde puanlanabilmesi için ÜAK tarafýndan belirlenen hangi temel alanlarda olmasý gerekir?;"Alan indeksi puanlamasý sadece; Eðitim Bilimleri, Mimarlýk, Planlama ve Tasarým, Sosyal, Beþeri ve Ýdari Bilimler ile Spor Bilimleri temel alanlarý için geçerlidir; bu temel alanlar dýþýndaki branþlarda alan indeksi üzerinden puanlama yapýlmayacaktýr; bu kapsamda baþvuracak araþtýrmacýlarýn, derginin ilgili alan indeksine girdiðini gösteren ÜAK sayfasýndan alýnmýþ güncel belgeyi sisteme yüklemeleri zorunludur; ÜAK doçentlik kriterlerinde alan indeksi yer almayan branþlarda bu puanlama kesinlikle yapýlmamalýdýr.";[Baþvuru Rehberi] | [Yönetmelik];Madde 26 / Madde 3(b);alan indeksi|üak|temel alanlar|kýsýtlama;hard
459;Akademik teþvik ödeneði baþvurusu sýrasýnda 'YÖKSÝS Çýktýsý' neden her sayfa imzalý olarak talep edilmektedir?;"Öðretim elemanlarý baþvurularýný yaparken YÖKSÝS’ten alýnan faaliyet çýktýsýný sunmakla yükümlüdürler; bu dökümanýn her sayfasýnýn araþtýrmacý tarafýndan imzalanmasý, girilen tüm verilerin doðruluðunun resmi beyaný ve taahhüdü sayýlýr; imzalý dökümanlar birim komisyonlarý tarafýndan incelenir ve asýl nüsha dekanlýk/müdürlük onayýyla üst komisyona iletilir; imzasýz belgelerle yapýlan baþvurular hukuki geçerliliði olmadýðý için iþleme alýnmaz; her sayfanýn imzalanmasý zorunluluðu FUATS sistem çýktýlarý için de aynen geçerlidir; bu süreç araþtýrmacýnýn beyan sorumluluðunu pekiþtirmek amacýyla uygulanýr.";[Takvim] | [Baþvuru Rehberi];Madde 8 / Sayfa 8;imza|yöksis|sorumluluk|belge;easy
460;Akademik teþvik ödeneði hangi vergiden muaftýr ve bu ödeme diðer tazminat hesaplamalarýnda kullanýlýr mý?;"Yönetmeliðin 10. maddesinin 2. fýkrasýnýn (c) bendi uyarýnca, teþvik ödeneði mali yönden avantajlý bir ödemedir; ödeneðin damga vergisi hariç herhangi bir vergiye tabi tutulmayacaðý açýkça belirtilmiþtir; yani gelir vergisi kesintisi yapýlmaz; ayrýca bu ödenek ilgili mevzuatý uyarýnca ödenmekte olan zam, tazminat, ödenek, döner sermaye ek ödemesi, ikramiye, ücret ve benzeri ödemelerin hesabýnda dikkate alýnmaz; yani baþka ödemelerin matrahýna dahil edilmez; sadece brüt tutar üzerinden damga vergisi kesilerek net ödeme yapýlýr; 2914 sayýlý kanun hükümleri bu ödemede de saklýdýr.";[Yönetmelik];Madde 10(2c);vergi muafiyeti|damga vergisi|tazminat|mali hükümler;"med"""
461;Fýrat Üniversitesi öðretim elemanlarýnýn 2025 yýlý faaliyetleri için akademik teþvik baþvurularýný hangi tarihler arasýnda yapmalarý gerekmektedir?;"Öðretim elemanlarý akademik teþvik baþvurularýný 02-11 Ocak 2026 tarihleri arasýnda gerçekleþtirmelidir; baþvurular kadrolarýnýn bulunduðu yükseköðretim kurumunun ilgili birim akademik teþvik baþvuru ve inceleme komisyonuna yapýlmalýdýr; bu süreçte YÖKSÝS’ten alýnan çýktý ile birlikte FU Akademik Teþvik Sistemi (FUATS) üzerinden iþlem yapýlmasý zorunludur; öðretim elemanlarý sadece YÖKSÝS ve FUATS sistem çýktýlarýný imzalayarak birimlerine teslim ederler; tüm kanýtlar ise elektronik ortamda sunulmalýdýr.";[Takvim];02-11 Ocak 2026;baþvuru|tarih|fuats|yöksis;easy
462;Birim akademik teþvik baþvuru ve inceleme komisyonu tarafýndan baþvurularýn incelenmesi ve sisteme girilmesi hangi tarihlerde tamamlanmalýdýr?;"Öðretim elemanlarýnca yapýlan baþvurularýn birim akademik teþvik baþvuru ve inceleme komisyonu tarafýndan FUATS sistemi üzerinden incelenmesi 12-15 Ocak 2026 tarihleri arasýnda yapýlýr; inceleme sonucunda teþvik almaya hak kazananlarýn sisteme girilmesi ve evraklarýn gönderilmesi ise 15 Ocak 2026 tarihinde tamamlanýr; bu tarihte YÖKSÝS ve FUATS sistem çýktýlarý Dekanlýk veya Müdürlüklere iletilir; komisyonun deðerlendirmeleri mevzuat hükümlerine uygunluk açýsýndan titizlikle yürütülmelidir.";[Takvim];12-15 Ocak 2026;inceleme|birim komisyonu|sistem giriþi|takvim;med
463;Akademik teþvik üst komisyonu tarafýndan baþvurularýn deðerlendirilmesi ve ilk sonuçlarýn ilan edilmesi ne zaman gerçekleþtirilecektir?;"Akademik Teþvik Düzenleme, Denetleme ve Ýtiraz Komisyonu baþvurularý 17-24 Ocak 2026 tarihleri arasýnda deðerlendirir; deðerlendirme süreci tamamlandýktan sonra teþvik almaya hak kazanan öðretim elemanlarý 25 Ocak 2026 tarihinde ilan edilir; bu ilan FU Akademik Teþvik Sistemi (FUATS) üzerinden gerçekleþtirilir; sonuçlarýn ilanýyla birlikte araþtýrmacýlar kazandýklarý puanlarý ve deðerlendirme detaylarýný görme imkaný bulurlar; ilan edilen bu sonuçlar itiraz sürecinin baþlangýcýna temel teþkil eder.";[Takvim];25 Ocak 2026;ilan|üst komisyon|deðerlendirme|sonuç;easy
464;Ýlan edilen teþvik sonuçlarýna karþý itirazlarýn alýnmasý ve bu itiraz dilekçelerinin teslim edilme yöntemi nasýl belirlenmiþtir?;"Komisyon tarafýndan ilan edilen sonuçlara karþý itirazlar 26-30 Ocak 2026 tarihleri arasýnda kabul edilmektedir; itiraz dilekçelerinin mutlaka Rektör Yardýmcýlýðý Makamýna þahsen ve elden teslim edilmesi zorunludur; takvim ve rehberde belirtilen süreler dýþýnda veya posta ve e-posta gibi farklý yöntemlerle yapýlan itirazlar kesinlikle iþleme alýnmaz; elden teslim edilen dilekçeler üst komisyon tarafýndan deðerlendirmeye alýnarak nihai karar sürecine dahil edilir.";[Takvim];26-30 Ocak 2026;itiraz|dilekçe|elden teslim|rektör yardýmcýsý;med
465;Fýrat Üniversitesi akademik teþvik sürecinde kesin listelerin oluþturulmasý ve ödeme birimlerine bildirilmesi hangi tarihte sonuçlandýrýlacaktýr?;"Ýtirazlarýn deðerlendirilip nihai kararlarýn verilmesinin ardýndan 06 Þubat 2026 tarihinde kesin listeler oluþturulur; bu listeler teþvik almaya hak kazanan öðretim elemanlarýna ödeme yapýlabilmesi amacýyla ilgili harcama birimlerine ayný gün bildirilir; bu aþama akademik teþvik sürecinin idari ve teknik olarak tamamlandýðý son basamaðý temsil eder; kesinleþen listeler üzerinden tahakkuk iþlemleri baþlatýlýr ve ödemeler Þubat ayýnýn on beþinden itibaren hak sahiplerine ulaþtýrýlýr.";[Takvim];06 Þubat 2026;kesin liste|ödeme|harcama birimi|takvim;easy
466;Birim akademik teþvik komisyonlarý tarafýndan onaylanan ilgili evraklarýn dekanlýk veya müdürlüklerce üst komisyona gönderilme tarihi nedir?;"Dekanlýk veya Müdürlükler tarafýndan ilgili tüm akademik teþvik evraklarýnýn Akademik Teþvik Düzenleme, Denetleme ve Ýtiraz Komisyonuna gönderilmesi 16 Ocak 2026 tarihinde gerçekleþtirilmelidir; bu evraklar birim komisyonlarýnýn incelemesinden geçen YÖKSÝS ve FUATS çýktýlarýný ile deðerlendirme raporlarýný kapsar; takvimdeki bu tarihsel sýralama baþvurularýn üniversite düzeyindeki üst komisyon tarafýndan zamanýnda incelenebilmesi için kritik önem taþýr; belgelerin eksiksiz ve onaylý olmasý sürecin aksamamasý adýna zorunludur.";[Takvim];16 Ocak 2026;evrak gönderimi|dekanlýk|üst komisyon|onay;med
467;Akademik teþvik itirazlarýnýn üst komisyon tarafýndan deðerlendirilerek nihai karara baðlanmasý için öngörülen tarih aralýðý hangisidir?;"Elden teslim edilen itiraz dilekçeleri Akademik Teþvik Düzenleme, Denetleme ve Ýtiraz Komisyonu tarafýndan 01-05 Þubat 2026 tarihleri arasýnda deðerlendirilir; komisyon bu beþ günlük süre içerisinde tüm itirazlarý inceleyerek nihai kararýný verir; bu aþamadan sonra verilen kararlar üzerinde herhangi bir deðiþiklik yapýlamaz ve liste kesinleþmiþ kabul edilir; komisyonun nihai deðerlendirmeleri sonucunda hazýrlanan raporlar kesin listelerin oluþturulmasý için temel veri kaynaðýdýr.";[Takvim];01-05 Þubat 2026;nihai karar|itiraz deðerlendirme|üst komisyon|takvim;med
468;Öðretim elemanlarý akademik teþvik baþvurusu sýrasýnda kanýtlayýcý belgelerini birimlerine teslim ederken hangi yöntemi kullanmalýdýr?;"Akademik teþvik baþvurusu sürecinde öðretim elemanlarý sadece YÖKSÝS ve FUATS sistem çýktýlarýný imzalý olarak fiziksel ortamda birimlerine teslim ederler; ancak faaliyetlerine iliþkin tüm örnekler, kanýtlar ve destekleyici belgeler sadece elektronik ortamda sunulmalýdýr; bu dijital belgeler FUATS sistemi (https://akademiktesvik.firat.edu.tr) üzerinden yüklenerek inceleme komisyonlarýnýn eriþimine açýlýr; fiziksel dosya veya kaðýt evrak þeklinde kanýt teslimi yapýlmayacaðý takvim ve rehberde açýkça belirtilmiþtir.";[Takvim];02-11 Ocak 2026;kanýt|elektronik sunum|belge teslimi|fuats;easy
469;Akademik teþvik baþvurusu için araþtýrmacýlarýn hangi sistem üzerinden veri giriþi yapmalarý ve baþvuru tamamlamalarý gerekmektedir?;"Baþvurular için öncelikle YÖKSÝS (Yükseköðretim Kurulu Ortak Veri Tabaný) sistemine akademik faaliyet verilerinin girilmesi gerekmektedir; ardýndan bu verilerle birlikte FU Akademik Teþvik Sistemi (FUATS) üzerinden baþvuru yapýlýr; sistem adresi https://akademiktesvik.firat.edu.tr olarak belirlenmiþtir; her iki sistemden alýnan çýktýlarýn araþtýrmacý tarafýndan her sayfasýnýn imzalanmasý ve ilgili birim akademik teþvik baþvuru ve inceleme komisyonuna teslim edilmesiyle baþvuru süreci resmiyet kazanýr.";[Takvim] | [Baþvuru Rehberi];Madde 8 / 02-11 Ocak 2026;sistem|veri giriþi|yöksis|fuats;easy
470;Üst komisyonun baþvurularý deðerlendirme ve sonuçlarý ilan etme aþamalarý takvimde toplam kaç günlük bir süreyi kapsamaktadýr?;"Akademik Teþvik Düzenleme, Denetleme ve Ýtiraz Komisyonu'nun deðerlendirme süreci 17 Ocak ile 24 Ocak 2026 tarihleri arasýnda toplam sekiz günü kapsar; bu inceleme aþamasýnýn hemen ardýndan 25 Ocak 2026 tarihinde sonuçlar araþtýrmacýlara duyurulur; komisyon bu süreçte birimlerden gelen puan tablolarýný ve raporlarý inceleyerek doðruluðunu denetler; sonuçlarýn ilanýyla birlikte araþtýrmacýlarýn bireysel puanlarý kesinlik kazanýr ve ardýndan gelen beþ günlük yasal itiraz süreci baþlar.";[Takvim];17-25 Ocak 2026;deðerlendirme süresi|ilan tarihi|üst komisyon|takvim;med
471;Devlet üniversitelerinden vakýf üniversitelerine görevlendirilen öðretim elemanlarýnýn bu süreçteki akademik faaliyetleri teþvik puanlamasýnda dikkate alýnýr mý?;"Hayýr, Baþvuru Rehberi'ne göre devlet üniversitelerinden vakýf üniversitelerine görevlendirilen öðretim elemanlarý, vakýf üniversitelerindeki görevlendirmeleri devam ettiði sürece gerçekleþtirdikleri faaliyetlerden dolayý teþvik baþvurusunda bulunamazlar; bu süreçte üretilen hiçbir akademik çalýþma puanlamaya dahil edilmez; ancak vakýf üniversitesinden devlet üniversitesine geçen bir araþtýrmacý sadece devlet üniversitesindeki görev süresinde yaptýðý çalýþmalar için baþvurabilir; teþvik sistemi sadece devlet yükseköðretim kurumlarý bünyesindeki üretimleri desteklemeyi hedefler.";[Baþvuru Rehberi];Baþvuru Dokümanlarý Genel Bilgilendirme;vakýf üniversitesi|görevlendirme|baþvuru kýsýtlamasý|kurum;med
472;Akademik teþvik baþvurusu sýrasýnda öðretim elemanlarýnýn imzalamasý gereken dökümanlarla ilgili uygulanan kesin kural nedir?;"Akademik teþvik ödeneði baþvurusunda bulunacak araþtýrmacýlarýn sunduklarý YÖKSÝS çýktýsý ve FUATS sistem çýktýsýnýn her sayfasýný imzalý olarak teslim etmeleri zorunludur; sadece son sayfanýn imzalanmasý yeterli kabul edilmez; her sayfanýn imzalanmasý, araþtýrmacýnýn beyan ettiði verilerin doðruluðunu tüm detaylarýyla onayladýðý anlamýna gelir; imzalý bu dökümanlar birimlere teslim edilmeden baþvurunun geçerli sayýlmasý mümkün deðildir; kanýtlayýcý belgeler ise sistem üzerinden elektronik olarak sunulmaya devam eder.";[Baþvuru Rehberi];Madde 8;imza zorunluluðu|yöksis|fuats|baþvuru;easy
473;Baþka bir kurumdan naklen gelen öðretim elemanlarýnýn teþvik baþvurusu yaparken sunmasý gereken ek belgeler nelerdir?;"Öðretim elemaný baþka bir kurumdan gelmiþ ise araþtýrmacýnýn önceki kurumda ve üniversitemizde gerçekleþtirdiði faaliyetleri ayrýntýlý belirten Kurum Deðiþikliði Beyan Formunun sunulmasý zorunludur; ayrýca YÖKSÝS çýktýsýnda her bir faaliyetin hangi kurumda (üniversite, enstitü vb.) gerçekleþtirildiði açýkça gösterilmelidir; bu belgeler faaliyetlerin akademik teþvik yönetmeliðine uygun ortamlarda üretilip üretilmediðinin denetlenebilmesi için esastýr; beyan formu bulunmayan baþvurular kurum deðiþikliði durumunda incelemeye uygun görülmeyebilir.";[Baþvuru Rehberi];Madde 8;kurum deðiþikliði|beyan formu|yöksis|naklen atama;med
474;Akademik teþvik puaný hesaplanýrken araþtýrmacýnýn unvaný hangi tarih itibarýyla esas alýnarak ödeme tutarý belirlenir?;"Puanlarýn ve ödemelerin hesaplanmasýnda öðretim elemanýnýn teþvik baþvurusu yaptýðý tarihteki kadro unvaný esas alýnacaktýr; baþvuru döneminden sonra gerçekleþen unvan deðiþiklikleri o yýlýn teþvik puanlamasýna veya ödeme oranýna yansýtýlmaz; unvanlara göre belirlenen oranlar (Profesör %100, Doçent %90, Dr. Öðr. Üyesi %80, Arþ. Gör./Öðr. Gör. %70) bu tarihsel kadro durumu üzerinden uygulanýr; dolayýsýyla araþtýrmacýnýn 02-11 Ocak 2026 tarihlerindeki resmi kadro unvaný ödemeye temel teþkil eder.";[Baþvuru Rehberi] | [Yönetmelik];Madde 9 / Madde 8(8);kadro unvaný|baþvuru tarihi|ödeme oraný|unvan;hard
475;Döner sermaye üzerinden yürütülen dýþ kaynaklý projelerin akademik teþvik kapsamýnda puanlanabilmesi için gereken asgari þartlar nelerdir?;"Döner sermaye üzerinden yapýlan projelerin deðerlendirilebilmesi için üç temel þart aranýr: projenin Ar-Ge niteliði taþýmasý; toplam proje süresinin dokuz aydan az olmamasý; projenin maddi desteðinin üniversiteye aktarýlmýþ olmasý; bu þartlarý saðlayan yurt içi veya yurt dýþý dýþ kaynaklý projeler puanlamaya dahil edilir; süresi 9 aydan az olan veya Ar-Ge niteliði taþýmayan döner sermaye iþleri kapsam dýþýdýr; ayrýca projenin baþarýyla sonuçlanmýþ ve sonuç raporunun onaylanmýþ olmasý belgelendirilmelidir.";[Baþvuru Rehberi] | [Yönetmelik];Madde 11 / Madde 7(2);döner sermaye|proje|Ar-Ge|bütçe;hard
476;Yükseköðretim kurumlarý tarafýndan desteklenen Bilimsel Araþtýrma Projeleri (BAP) akademik teþvik puanlamasýna dahil edilebilir mi?;"Hayýr, Baþvuru Rehberi'nin kapsam dýþý projeleri düzenleyen 12. maddesi uyarýnca yükseköðretim kurumlarý tarafýndan desteklenen bilimsel araþtýrma projeleri (BAP) deðerlendirmeye alýnmaz; benzer þekilde TÜBÝTAK-1002 projeleri, araþtýrma altyapýsý oluþturma projeleri, giriþimcilik ve öðrenci projeleri de puanlama dýþýdýr; araþtýrmacýlarýn bu tür projeleri FUATS sistemine girmemeleri gerekmektedir; sadece yönetmelikte kapsam dahilinde belirtilen (TÜBÝTAK 1001, 1003, 1005, Ufuk Avrupa vb.) ve Ar-Ge niteliði taþýyan projeler için teþvik puaný talep edilebilir.";[Baþvuru Rehberi];Madde 12;BAP|proje|kapsam dýþý|tübitak 1002;easy
477;TÜBÝTAK projeleri için akademik teþvik baþvurusu sýrasýnda FUATS sistemine bilimsel kurul deðerlendirme raporu yüklenmeli midir?;"Baþvuru Rehberi'nin 13. maddesine göre bilimsel kurul deðerlendirme raporlarý TÜBÝTAK projeleri için geçerli deðildir ve sisteme yüklenmesi zorunlu deðildir; TÜBÝTAK projeleri için destekleyen kuruluþ (TÜBÝTAK) tarafýndan projenin sonuçlandýðýný veya kapatýldýðýný gösteren onaylý belgenin sunulmasý yeterlidir; ancak TÜBÝTAK dýþýndaki diðer ulusal veya uluslararasý özel/resmi kurum ve kuruluþlar tarafýndan desteklenen projeler için bu tür deðerlendirme raporlarýnýn sunulmasý gerekebilir; araþtýrmacýlar proje türüne göre istenen belgeleri dikkatle kontrol etmelidir.";[Baþvuru Rehberi];Madde 13;tübitak|proje belgeleri|deðerlendirme raporu|fuats;med
478;Araþtýrma faaliyetinin puanlanabilmesi için aranan 'üniversite yönetim kurulu resmi görevlendirmesi' þartý nedir?;"Araþtýrma faaliyetlerinin (Proje maddesi dýþýndaki sistematik çalýþmalar) deðerlendirilebilmesi için araþtýrmacýnýn kurum dýþýnda bir üniversite veya araþtýrma merkezinde en az 4 ay süreyle tam zamanlý görevlendirilmiþ olmasý þarttýr; bu görevlendirmenin mutlaka üniversite yönetim kurulu tarafýndan resmi bir izin kararý ile onaylanmýþ olmasý gerekir; resmi görevlendirme belgesi bulunmayan, sadece kiþisel imkanlarla yürütülen araþtýrmalar puanlanmaz; ayrýca araþtýrmanýn baþarýyla sonuçlandýðýna dair ilgili kurumun onaylý sonuç raporu da baþvuruya eklenmelidir.";[Baþvuru Rehberi] | [Yönetmelik];Madde 15 / Madde 7(3);araþtýrma|görevlendirme|yönetim kurulu|izin;hard
479;Dergilerde yayýmlanan makalelerin akademik teþvik kapsamýnda deðerlendirilebilmesi için hangi künye bilgilerinin sunulmasý zorunludur?;"Dergilerde yayýmlanan makalelerin puanlanabilmesi için ilgili derginin basýlmýþ olmasý veya elektronik ortamda yayýmlanmasý esastýr; deðerlendirme için makalenin cilt, sayfa ve yýl bilgileri ile dergi künyesinin açýk bir þekilde sunulmasý zorunludur; kabul edilmiþ olsa dahi henüz yayýmlanmamýþ veya künye bilgileri oluþmamýþ yayýnlar teþvik kapsamý dýþýndadýr; yayýnlarýn mutlaka 2025 takvim yýlý içerisinde yayýmlanmýþ olmasý þarttýr; ISSN numarasý bulunmayan dergilerde yayýmlanan çalýþmalar deðerlendirmeye alýnmaz; çevrimiçi yayýnlarda dergi web sitesi ve makale linki beyan edilmelidir.";[Baþvuru Rehberi] | [Yönetmelik];Madde 21 / Madde 7(4);dergi|künye|makale|yayýn;easy
480;Akademik teþvik kapsamýnda 'editör kurulu üyeliði' faaliyeti için puanlama yapýlmakta mýdýr?;"Baþvuru Rehberi'nin 25. maddesinde yer alan güncel düzenlemeye göre editör kurulu üyelikleri akademik teþvik kapsamýndan tamamen çýkartýlmýþtýr; bu tür faaliyetler için puan verilmez; dergi faaliyetlerinde sadece hakemli dergilerde 'editör' veya 'baþ editör' olduðunu kanýtlayan araþtýrmacýlar puan alabilir; çok editörlü dergilerde ise sadece baþ editör teþvik kapsamýnda deðerlendirilir; araþtýrmacýlarýn editör olduklarýný gösteren web sitesi ekran görüntülerini ve derginin taranan indekslerini kanýt olarak sunmalarý þarttýr; alan editörlüðü veya danýþma kurulu üyeliði kapsam dýþýdýr.";[Baþvuru Rehberi];Madde 25;editörlük|editör kurulu|kapsam dýþý|dergi;med
481;Kitaplarýn akademik teþvik puanlamasýna dahil edilebilmesi için sahip olmasý gereken zorunlu numara nedir?;"Kitaplarýn (yazarlýk, bölüm yazarlýðý veya editörlük) deðerlendirilebilmesi için ISBN (Uluslararasý Standart Kitap Numarasý) numarasýnýn olmasý esastýr; ISBN numarasý bulunmayan eserler kitap kategorisinde puanlanamaz; ayrýca kitabýn 2025 yýlý içerisinde ilk kez yayýmlanmýþ olmasý þarttýr; daha önce deðerlendirilen bir kitabýn yeni baskýsý puanlamaya dahil edilmez; sýnavlar için hazýrlanan soru kitaplarý ve sergiler kapsamýnda hazýrlanan küratörlük kitaplarý deðerlendirme dýþý tutulmuþtur; araþtýrmacýlar yayýneviyle yapýlan sözleþme veya davet mektubu gibi evraklarý da belgelendirme sürecinde sunmalýdýr.";[Baþvuru Rehberi] | [Yönetmelik];Madde 19 / Madde 7(4);kitap|ISBN|yayýn|kapsam dýþý;easy
482;Bir yayýnevinin 'tanýnmýþ uluslararasý yayýnevi' sayýlabilmesi için hangi dilde yayýn yapma ve süre þartý aranýr?;"Yönetmeliðin 3. maddesinin (l) bendi uyarýnca tanýnmýþ uluslararasý yayýnevi; en az beþ yýldýr uluslararasý düzeyde düzenli faaliyet yürüten; Türkçe dýþýndaki dillerde ayný alanda farklý yazarlara ait en az yirmi kitap yayýmlamýþ olan yayýnevidir; bu kriterleri saðlayan yayýnevlerinden çýkan özgün bilimsel kitaplar uluslararasý kategoride puanlanýr; araþtýrmacýlarýn yayýnevinin bu özellikleri taþýdýðýný gösteren belge veya internet sayfasý adreslerini kanýt olarak sunmalarý istenir; sadece Türkçe yayýn yapan yayýnevleri bu kapsamda deðerlendirilemez.";[Yönetmelik] | [Baþvuru Rehberi];Madde 3(l) / Madde 24;uluslararasý yayýnevi|dil þartý|yayýn|kitap;hard
483;Müzik ve Konservatuvar bölümleri için ses veya görüntü kayýtlarýnýn puanlanmasýnda sunulmasý gereken zorunlu belge nedir?;"Müzik ve Konservatuvar bölümlerindeki öðretim elemanlarýnýn performansa dayalý ses veya görüntü kayýtlarýnýn deðerlendirilebilmesi için CD, DVD veya benzeri ortamdaki kayýtlara yönelik bandrol verildiðini gösterir belgenin sunulmasý zorunludur; bandrol, çalýþmanýn yayýmlandýðýný ve telif haklarýnýn resmiyetini kanýtlar; ayrýca etkinliðin ulusal veya uluslararasý niteliðini gösteren dökümanlar ile 2025 yýlýnda yayýmlandýðýna dair kanýtlar sisteme yüklenmelidir; yayýmlanmamýþ veya bandrolü bulunmayan þahsi kayýtlar teþvik kapsamý dýþýnda kalýr.";[Baþvuru Rehberi];Madde 28;bandrol|müzik|ses kaydý|konservatuvar;med
484;Tasarým faaliyetlerinin teþvik kapsamýnda puanlanabilmesi için ticarileþme veya tescil ile ilgili þartlar nelerdir?;"Tasarýmýn deðerlendirilebilmesi için baþvuru sahibinin kendi alaný ile ilgili olmasý ve bilim, teknoloji, sanata katký saðlayýcý nitelikte olmasý þarttýr; tasarýmýn kamu kurumlarý veya özel hukuk tüzel kiþileriyle yapýlan bir sözleþme uyarýnca uygulanmýþ veya ticarileþtirilmiþ olmasý ya da resmi mercilerce tescil edilmiþ olmasý zorunludur; tasarýmlarýn deðerlendirilmesinde tasarýmýn sonuçlandýðý veya tescil edildiði yýlýn 2025 olmasý esas alýnýr; tescilsiz ve ticarileþmemiþ taslak aþamasýndaki çizimler puanlanmaz; baþvuru sýrasýnda tasarým dosyasý ve uygulama belgesi sunulmalýdýr.";[Baþvuru Rehberi] | [Yönetmelik];Madde 29 / Madde 7(5);tasarým|ticarileþme|tescil|uygulama;hard
485;Sergi faaliyetlerinin uluslararasý nitelikte sayýlabilmesi için hangi üniversite birimlerinden onay alýnmasý gerekmektedir?;"Bir serginin, bienalin veya konserin uluslararasý olarak deðerlendirilebilmesi için serginin uluslararasý nitelikte olduðunun ilgili bölüm, anabilim dalý veya anasanat dalý kurullarýnca onaylanmýþ olmasý þarttýr; araþtýrmacýlarýn bu birim kurullarýndan alýnan resmi onay kararýný veya tutanaðýný FUATS sistemine yüklemeleri zorunludur; ayrýca serginin akademik faaliyet alanýnda gerçekleþtirilmiþ sanatsal veya bilimsel niteliði haiz olmasý esastýr; eðitim-öðretim faaliyetleri veya öðrenci kulüpleri kapsamýnda düzenlenen sergiler, yurt dýþýnda olsa dahi akademik teþvik kapsamýnda deðerlendirilmez.";[Baþvuru Rehberi] | [Yönetmelik];Madde 31 / Madde 6(6);sergi|uluslararasý onay|kurul kararý|sanatsal etkinlik;med
486;Sergi ve konser gibi sanatsal etkinliklerde ayný yýl içerisinde tekrarlayan faaliyetler için puanlama kýsýtlamasý nedir?;"Ayný yýl içerisinde tekrar eden sergi, konser, festival ve gösterilerin puanlanmasýnda en çok iki tekrar dikkate alýnýr; ilk etkinlik tam puanla deðerlendirilirken, ikinci tekrar etkinlik için mevcut faaliyet puanýnýn %50'si (yarýsý) uygulanýr; ikiden fazla tekrar eden ayný içerikli faaliyetler için hiçbir puanlama yapýlmaz; bu kural araþtýrmacýlarýn ayný eserle birden fazla kurumda yaptýklarý etkinliklerin mükerrer puan getirmesini sýnýrlandýrmak amacýyla getirilmiþtir; her bir etkinliðin tarihini ve yerini kanýtlayýcý belgeler (afiþ, program, davetiye vb.) sisteme ayrý ayrý yüklenmelidir.";[Baþvuru Rehberi] | [Yönetmelik];Madde 32 / Madde 7(6);sergi|tekrarlayan etkinlik|puan kýsýtlamasý|konser;med
487;Atýf faaliyetlerinin puanlanmasýnda araþtýrmacýnýn kendi yayýnlarýna yaptýðý atýflar (self-citation) teþvik kapsamýna dahil edilir mi?;"Hayýr, Yönetmeliðin 7. maddesinin 8. fýkrasý ve Baþvuru Rehberi uyarýnca baþvuru sahibinin kendi yayýnlarýna veya eserlerine yaptýðý atýflar kesinlikle kapsam dýþýdýr; atýf puaný alabilmek için atýf yapan eserin mutlaka 'baþka araþtýrmacýlar' tarafýndan yayýmlanmýþ olmasý þarttýr; ayrýca baþvuru sahibinin sadece devlet yükseköðretim kurumlarýnda görev yaptýðý sýrada ürettiði yayýnlarýna yapýlan atýflar geçerli kabul edilir; vakýf üniversitesinde veya yurt dýþýndaki kurumlarda üretilen eserlere yapýlan atýflar puanlanmaz; atýflarýn 2025 yýlýndaki yayýnlarda yer almasý zorunludur.";[Baþvuru Rehberi] | [Yönetmelik];Madde 37 / Madde 7(8);atýf|self-citation|kapsam dýþý|baþka araþtýrmacý;med
488;Atýf puanlamasýnda ayný esere bir makalenin farklý bölümlerinde yapýlan çoklu atýflar nasýl deðerlendirilmektedir?;"Ayný yayýn veya esere bir kitabýn ya da makalenin farklý bölümlerinde veya kýsýmlarýnda yapýlan atýflar, kaç kez tekrarlanýrsa tekrarlansýn yalnýzca bir atýf olarak deðerlendirilir; ancak bu kuralýn bir istisnasý mevcuttur: Bölüm yazarlarý farklý olan kitaplarda, farklý bölümlerde ayný esere yapýlan her bir atýf için ayrý puan deðerlendirmesi yapýlýr; araþtýrmacýlar bu durumu kanýtlamak için ilgili kitabýn farklý bölümlerindeki kaynakçalarý ve bölüm yazarý bilgilerini içeren belgeleri sunmalýdýr; aksi takdirde mükerrer atýflar tek puan üzerinden iþlem görür.";[Baþvuru Rehberi] | [Yönetmelik];Madde 37 / Madde 7(8);atýf|mükerrer atýf|kitap bölümü|puanlama;hard
489;Tebliðlerin uluslararasý sayýlabilmesi için katýlýmcý ülkeler ve konuþmacý oranlarý ile ilgili aranan þartlar nelerdir?;"Tebliðin sunulduðu etkinliðin uluslararasý sayýlabilmesi için Türkiye dýþýnda en az beþ farklý ülkeden sözlü teblið sunan konuþmacýnýn katýlým saðlamasý þarttýr; ayrýca etkinlikte sunulan toplam tebliðlerin yarýdan fazlasýnýn (%51 ve üzeri) Türkiye dýþýndan katýlýmcýlar tarafýndan sunulmuþ olmasý esastýr; sadece yabancý katýlýmcý sayýsýnýn çok olmasý yeterli olmayýp ülke çeþitliliði kriteri aranýr; ek olarak etkinliðin uluslararasý nitelik taþýdýðýna dair üniversite yönetim kurulu kararý bulunmalýdýr; bu þartlarý saðlamayan etkinliklerde sunulan bildiriler puanlanmaz.";[Baþvuru Rehberi] | [Yönetmelik];Madde 40 / Madde 7(9);teblið|uluslararasý|ülke sayýsý|konuþmacý;hard
490;Hangi tür ödüller akademik teþvik puanlamasý kapsamýnda kesinlikle 'kapsam dýþý' olarak kabul edilmektedir?;"Tebliðler için verilen ödüller; dergi hakemlikleri için yayýnevleri tarafýndan verilen ödüller; yayýn teþvik ödülleri; araþtýrmacýnýn kadrosunun bulunduðu kurum (üniversite) tarafýndan verilen ödüller; mansiyon ödülleri; teþekkür ve baþarý belgeleri; plaketler, burslar ve onur belgeleri kesinlikle puanlama dýþýdýr; ödülün puanlanabilmesi için bilimsel nitelik taþýmasý, sürekli verilmesi (en az 5 kez), akademik bir jüri tarafýndan deðerlendirilmiþ olmasý ve araþtýrmacýnýn uzmanlýk alaný ile ilgili olmasý þarttýr; ödülün 2025 yýlýnda alýnmýþ olmasý belgelenmelidir.";[Baþvuru Rehberi] | [Yönetmelik];Madde 45 / Madde 7(10);ödül|kapsam dýþý|mansiyon|üniversite ödülü;med
491;Akademik Teþvik Ödeneði Yönetmeliði uyarýnca en yüksek Devlet memuru brüt aylýðý tutarý nasýl hesaplanmaktadýr?;"En yüksek Devlet memuru brüt aylýðý; 1.500 aylýk gösterge rakamý ile 8.000 ek gösterge rakamýnýn toplamý olan 9.500 gösterge rakamýnýn, memur aylýk katsayýsý ile çarpýmý sonucu bulunan tutardýr; bu brüt tutar akademik teþvik ödemesi formülünde temel çarpan olarak kullanýlýr; ödeme miktarý bu brüt tutarýn, araþtýrmacýnýn kadro unvanýna göre belirlenen oran (%70-100 arasý) ve hesaplanan akademik teþvik puanýnýn yüze bölünmesiyle elde edilen katsayý ile çarpýlmasýyla bulunur; memur maaþ katsayýlarýndaki deðiþiklikler ödemelere doðrudan yansýr.";[Yönetmelik];Madde 3(ç) / Madde 8(1);brüt aylýk|gösterge|maaþ katsayýsý|hesaplama;hard
492;Akademik Teþvik Düzenleme, Denetleme ve Ýtiraz Komisyonu üyeleri hangi kriterlere göre ve kim tarafýndan seçilir?;"Üst komisyon üyeleri, yüksek akademik teþvik puanýna sahip öðretim üyeleri arasýndan; her doçentlik temel alanýndan en az bir kiþi olmak üzere; rektörün her bir üyelik için önereceði üç aday arasýndan üniversite senatosu tarafýndan seçilir; komisyon baþkanlýðýný rektörün görevlendirdiði bir rektör yardýmcýsý yürütür; komisyon, baþkan hariç en az dört üyeden oluþur ve iki yýl süreyle görev yapmak üzere belirlenir; süresi biten üyelerin yeniden seçilmesi mümkündür; üyeliðin boþalmasý halinde ayný usulle yeni üye atamasý yapýlýr.";[Yönetmelik];Madde 4(1);üst komisyon|seçim|senato|rektör yardýmcýsý;med
493;Akademik teþvik komisyonlarýnda kararlarýn alýnmasý ve oylama usulü ile ilgili uygulanan temel yasaklar nelerdir?;"Hem üst komisyon hem de birim komisyonlarý, baþkan dahil üye tam sayýsýnýn salt çoðunluðu ile toplanýr ve katýlanlarýn salt çoðunluðu ile karar alýr; oylarýn eþitliði durumunda komisyon baþkanýnýn oyu yönünde karar verilmiþ sayýlýr; en kritik kural ise komisyon üyelerinin oylama sýrasýnda çekimser oy kullanamayacak olmalarýdýr; her üye kabul veya ret yönünde görüþ bildirmek zorundadýr; bu kural kararlarýn netleþmesini ve sürecin aksamamasýný saðlar; tüm komisyon kararlarý tutanak altýna alýnarak imza ile onaylanýr.";[Yönetmelik];Madde 4(2) / Madde 5(2);oylama|çekimser oy|karar yeter sayýsý|komisyon;med
494;Birim akademik teþvik baþvuru ve inceleme komisyonu üyeleri hangi makam tarafýndan ve ne kadar süreyle seçilir?;"Birim komisyonu üyeleri, ilgili bölüm, anabilim dalý veya anasanat dalý baþkanlýklarý bünyesinde; ilgili birimin Yönetim Kurulu tarafýndan seçilir; seçimlerde yüksek akademik teþvik puanýna sahip olan öðretim elemanlarý tercih edilir; komisyon en az üç üyeden oluþur ve baþkanlýðýný birim baþkaný yürütür; birimde yeterli öðretim elemaný bulunmamasý halinde üyeler yakýn alanlardaki personelle tamamlanabilir; üyelerin görev süresi iki yýldýr ve süresi bitenler yeniden seçilebilir; birim komisyonu faaliyetlerin yönetmeliðe uygun deðerlendirilmesinden doðrudan sorumludur.";[Yönetmelik];Madde 5(1);birim komisyonu|seçim|yönetim kurulu|görev süresi;med
495;Akademik teþvik ödemeleri her yýl hangi tarihte baþlar, ne kadar sürer ve hangi vergilere tabidir?;"Akademik teþvik ödeneði, faaliyet yýlýný takip eden yýlýn Þubat ayýnýn on beþinden itibaren baþlatýlýr ve on iki ay süreyle her ayýn on beþinde ödenir; örneðin 2025 faaliyetleri için ödemeler 15 Þubat 2026'da baþlar; mali hükümler uyarýnca bu ödenek damga vergisi hariç herhangi bir vergiye tabi tutulmaz; ayrýca bu ödeme tazminat, döner sermaye ek ödemesi veya diðer ücretlerin hesabýnda matrah olarak dikkate alýnmaz; ödeme yapýlabilmesi için araþtýrmacýnýn teþvik puanýnýn en az 30 olmasý ve aylýk alýyor olmasý þarttýr.";[Yönetmelik];Madde 10(2) / Madde 10(3);ödeme tarihi|vergi muafiyeti|on iki ay|þubat;easy
496;Akademik teþvik puaný hesaplanýrken her bir akademik faaliyet türünün toplam puan içindeki aðýrlýðý nasýl sýnýrlandýrýlmýþtýr?;"Yönetmeliðin 1. maddesi uyarýnca akademik teþvik puaný hesaplanýrken her bir faaliyet türünün (örneðin sadece yayýn veya sadece proje) aðýrlýðý toplam puanýn %30’unu geçemez; bu kural araþtýrmacýlarýn tüm puanlarýný tek bir kategoriden toplamasýný engellemek ve akademik faaliyetlerini farklý alanlara yaymalarýný saðlamak amacýyla getirilmiþtir; toplam akademik teþvik puaný ise hiçbir durumda 100 puaný aþamaz; nihai puan hesaplanýrken Tablo 4'te belirlenen üst sýnýrlar ve oranlar dikkate alýnýr; sistem otomatik olarak bu %30'luk tavaný uygular.";[Yönetmelik];Madde 1(1) / Madde 8(3);aðýrlýk sýnýrý|puanlama|üst sýnýr|yüzde otuz;hard
497;Çok isimli bir yayýn veya patent faaliyeti için araþtýrmacýlarýn puaný hesaplanýrken hangi (k) katsayýsý tablosu esas alýnýr?;"Çok isimli faaliyetlerde kiþi sayýsýna göre deðiþen (k) katsayýsý uygulanýr: Tek isimli faaliyetler için k=1; iki isimli faaliyetler için k=0,8; üç isimli faaliyetler için k=0,6; dört isimli faaliyetler için k=0,45; beþ kiþi için k=0,2; altý kiþi için k=0,16; yedi veya daha fazla kiþi için k=1/kiþi sayýsý formülü uygulanýr; bu katsayý faaliyetin temel puaný ile çarpýlarak her bir araþtýrmacýnýn bireysel puanýna ulaþýlýr; bu paylaþým usulü makale, kitap, teblið ve patent gibi üretimlerin tamamý için geçerlidir.";[Yönetmelik];Madde 8(4) / Tablo 1;k katsayýsý|kiþi sayýsý|paylaþým|puanlama;med
498;Akademik teþvik kapsamýnda deðerlendirilecek projelerde yürütücü ve araþtýrmacý rolleri için hangi (r) katsayýlarý uygulanmaktadýr?;"Projelerdeki rollere göre (r) katsayýsý Tablo 2'de belirlenmiþtir: Projenin 'Yürütücüsü' olan öðretim elemaný için r=1 katsayýsý uygulanýrken; projede 'Araþtýrmacý' veya 'Bursiyer' olarak görev yapanlar için r=0,5 katsayýsý uygulanýr; bu katsayý projenin türüne göre belirlenen (örneðin TÜBÝTAK 1001 için 80) faaliyet oraný ile çarpýlarak araþtýrmacýnýn o projeden elde edeceði puan oranýna ulaþýlmasýný saðlar; sonuç puaný projenin tür puaný (20) ile oranlanarak toplama eklenir; sadece baþarýyla tamamlanmýþ projeler bu hesaplamaya dahil edilir.";[Yönetmelik];Madde 8(5) / Tablo 2;r katsayýsý|proje rolü|yürütücü|araþtýrmacý;easy
499;SCI, SCI-Expanded, SSCI ve AHCI kapsamýndaki dergilerde yayýmlanan makaleler için kullanýlan (p) katsayýsý nasýl belirlenir?;"p katsayýsý, makalenin yayýmlandýðý yýl için derginin ISI Web of Science Çeyreklik (Quartile/Q) sýnýflandýrmasýna göre belirlenir: Q1 grubu dergiler için p=1; Q2 için p=0,8; Q3 için p=0,5; Q4 için p=0,25 uygulanýr; eðer bir derginin Q deðeri henüz belirlenmemiþse en alt katsayý olan 0,25 deðeri esas alýnýr; AHCI kapsamýndaki dergiler için ise katsayý sabit 0,5 olarak uygulanýr; araþtýrmacýlarýn WOS üzerinden aldýklarý ve makalenin yayýmlandýðý yýla ait Q deðerini gösteren belgeyi sisteme yüklemeleri bu katsayýnýn tespiti için zorunludur.";[Yönetmelik];Madde 8(6) / Tablo 3;p katsayýsý|quartile|Q deðeri|dergi;hard
500;Özel bir paylaþým oraný bulunmayan karma sanatsal etkinliklerde puanlama kiþi sayýsýna bölünür mü?;"Normalde faaliyetlerde oran/kiþi sayýsý dikkate alýnýrken; sergi faaliyet türündeki karma etkinlikler ile uluslararasý boyutta performansa dayalý yayýmlanmýþ karma ses veya görüntü kayýtlarý bu kuraldan muaftýr; bu tür faaliyetlerde katýlýmcý sayýsýna bakýlmaksýzýn her bir öðretim elemanýna tam puan verilir; bu istisna dýþýnda kalan tüm faaliyetlerde (yayýn, teblið, patent vb.) yazar sayýsýna göre belirlenen (k) katsayýsý üzerinden puan paylaþýmý yapýlmasý zorunludur; bu düzenleme sanatsal ortak üretimleri desteklemeyi hedefler.";[Yönetmelik];Madde 8(7);karma etkinlik|istisna|kiþi sayýsý|ses kaydý;hard
501;Teþvik ödemesi yapýldýktan sonra sunulan faaliyetlerin gerçeðe aykýrý olduðu tespit edilirse hangi yasal yaptýrýmlar uygulanýr?;"Ödeme yapýldýktan sonra faaliyetlerin gerçeðe aykýrý olduðu veya yönetmelik kapsamýna girmediði anlaþýlan durumlarda, yapýlan ödemeler kanuni faiziyle birlikte geri alýnýr; ayrýca gerçeðe aykýrý, yanlýþ veya yanýltýcý bildirimde bulunanlar hakkýnda komisyonun tespiti ile idari inceleme baþlatýlýr; inceleme sonucuna göre cezai müeyyidelerin uygulanmasý gerekirse genel hükümler çerçevesinde iþlem tesis edilir; araþtýrmacýlar beyan ettikleri her türlü verinin ve sunduklarý belgelerin doðruluðundan þahsen sorumludurlar; bu durum akademik dürüstlüðün korunmasý amacýyla yönetmelikte sýký bir þekilde düzenlenmiþtir.";[Yönetmelik];Madde 10(5);yanlýþ beyan|yaptýrým|geri alma|kanuni faiz;med
502;Akademik teþvik ödeneðinden yararlanma hakký olmayan öðretim elemaný grubu yönetmelikte nasýl belirtilmiþtir?;"Yönetmeliðin 6. maddesinin 9. fýkrasý uyarýnca yabancý uyruklu öðretim elemanlarý akademik teþvik ödeneðinden yararlanamaz; bu düzenleme sadece devlet yükseköðretim kurumlarý kadrolarýnda bulunan Türk vatandaþý öðretim elemanlarýný ve Milli Savunma Üniversitesi gibi ilgili madde kapsamýnda sayýlan özel kurumlardaki personeli kapsamaktadýr; yabancý uyruklu personel sistem üzerinden faaliyet beyanýnda bulunsa dahi puan hesaplamasý yapýlmaz ve ödeme listelerine dahil edilmezler; bu kuralýn herhangi bir istisnasý yönetmelikte yer almamaktadýr; personelin uyrukluk bilgisi ilgili birimlerce denetlenir.";[Yönetmelik];Madde 6(9);yabancý uyruklu|kapsam dýþý|öðretim elemaný|ödeme;easy
503;Birim komisyonu tarafýndan hazýrlanan deðerlendirme raporlarýnda puan deðiþikliði yapýlan faaliyetler için hangi açýklama zorunluluðu vardýr?;"Birim akademik teþvik baþvuru ve inceleme komisyonu tarafýndan hazýrlanan deðerlendirme raporunda reddedilen veya beyan edilen puan deðerinde deðiþiklik yapýlan (artýrýlan veya azaltýlan) her bir akademik faaliyetle ilgili olarak mutlaka açýklama bulunmasý zorunludur; bu açýklamalar yönetmelik maddelerine ve kanýt eksikliðine dayandýrýlmalýdýr; raporlar ilgili dekan veya müdür tarafýndan onaylanarak ilan edilen takvime uygun þekilde üst komisyona iletilir; gerekçesiz yapýlan puan düþürmeleri itiraz sürecinde araþtýrmacý lehine deðerlendirilebilir; her bir faaliyet satýrý için ayrý not düþülmesi esastýr.";[Yönetmelik];Madde 6(4);deðerlendirme raporu|gerekçe|puan deðiþikliði|komisyon;med
504;Yurt dýþý araþtýrma faaliyetlerinde puan hesaplamasý hangi katsayý ve zaman birimi üzerinden yapýlmaktadýr?;"Yönetmeliðin Faaliyet Hesaplama Tablosu (Tablo 4) uyarýnca araþtýrma faaliyetleri ay üzerinden deðerlendirilir; yurt dýþý araþtýrma faaliyetlerinde her bir tam ay için katsayý 15 olarak belirlenmiþtir; araþtýrmacýnýn puaný '15 x ay (süre)' formülüyle hesaplanýr; ancak bu kategorinin toplam puaný 15 puaný geçemez; araþtýrmanýn puan alabilmesi için en az dört ay sürmesi ve üniversite yönetim kurulu izniyle yürütülmüþ olmasý þarttýr; süre hesabý resmi görevlendirme ve sonuç raporundaki tarihler üzerinden yapýlýr; dört aydan kýsa araþtýrmalar puanlanmaz.";[Yönetmelik];Tablo 4 / Madde 7(3);araþtýrma|yurt dýþý|ay katsayýsý|puanlama;hard
505;Akademik teþvik itiraz süreci tamamlandýktan sonra üst komisyonun vereceði kararlarýn hukuki niteliði nedir?;"Komisyon kararlarýna karþý duyuru tarihinden itibaren beþ iþ günü içinde yazýlý olarak itiraz edilebilir; komisyon bu itirazlarý, itiraz süresinin bittiði tarihten itibaren en geç beþ iþ günü içerisinde karara baðlar; Yönetmeliðin 6. maddesinin 6. fýkrasýna göre komisyonun itirazlar sonucunda vereceði bu kararlar kesindir; bu aþamadan sonra üniversite bünyesinde baþka bir itiraz merci bulunmamaktadýr; kesinleþen kararlar doðrultusunda nihai listeler oluþturularak ödeme birimlerine gönderilir; idari süreç bu noktada tamamlanmýþ kabul edilir.";[Yönetmelik];Madde 6(6);itiraz kararý|kesin karar|üst komisyon|hukuki nitelik;med
506;Uluslararasý patent faaliyetlerinin akademik teþvik kapsamýnda deðerlendirilebilmesi için tescil belgesinde hangi teknik kriterler aranýr?;"Patent Ýþbirliði Antlaþmasý (PCT) kapsamýnda yapýlan baþvurularda; uluslararasý araþtýrma raporunun yazýlý görüþ kýsmýnda veya ön inceleme raporunda en az bir istemin patentlenebilirlik kriterlerini (yenilik, buluþ basamaðý, sanayiye uygulanabilirlik) saðladýðýnýn ifade edilmiþ olmasý þarttýr; bu teknik kriterleri saðlamayan baþvurular puanlanamaz; Avrupa Patent Ofisi (EPO) tarafýndan verilen patentler de bu kapsamdadýr; patentlerin tescil tarihinin 2025 yýlý olmasý esastýr; tescil belgesinin nüshasý veya yetkili mercilerce düzenlenen onay raporu FUATS sistemine yüklenmelidir.";[Yönetmelik];Madde 3(ö) / Madde 7(7);patent|tescil|yenilik|buluþ basamaðý;hard
507;Hangi dergi türleri akademik teþvik kapsamýnda hiçbir þekilde deðerlendirmeye alýnmaz ve kapsam dýþý tutulmuþtur?;"Yönetmeliðin 7. maddesinin 4. fýkrasý ve Baþvuru Rehberi uyarýnca; Alan Ýndeksi ve ULAKBÝM TR DÝZÝN’de taranmayan ulusal dergiler kesinlikle kapsam dýþýdýr; ayrýca ISSN numarasý bulunmayan dergilerde yayýmlanan çalýþmalar puanlanmaz; popüler dergiler, gazete makaleleri veya akademik niteliði belgelenemeyen yayýn organlarý teþvik dýþý býrakýlmýþtýr; araþtýrmacýlarýn sadece SSCI, SCI, SCI-Exp, AHCI veya ÜAK alan endeksleri kapsamýndaki dergilerdeki çalýþmalarýný beyan etmeleri gerekmektedir; yayýn hayatý beþ yýldan az olan yeni dergiler de uluslararasý kategoride kabul edilmez.";[Yönetmelik] | [Baþvuru Rehberi];Madde 7(4) / Madde 22;dergi|kapsam dýþý|ulakbim|indeks;med
508;Tebliðlerin sunulduðu etkinliðe tebliðde ismi yer alan araþtýrmacýlarýn katýlým saðladýðýný gösteren hangi belgeler sunulmalýdýr?;"Tebliðlerin deðerlendirilmesinde; tebliðin ilgili etkinlikte sunulmuþ olduðunun belgelendirilmesi esastýr; bu kapsamda etkinlik programý ve etkinliðe tebliðde ismi yer alan en az bir araþtýrmacýnýn katýlým saðladýðýný gösterir 'katýlým belgesi' veya resmi yazý sunulmalýdýr; ayrýca tebliðin elektronik veya basýlý olarak etkinlik teblið kitapçýðýnda yer almasý ve yayýmlanmýþ tam metninin sunulmasý zorunludur; tam metni bulunmayan veya katýlýmý kanýtlanamayan bildiriler, programda yer alsa dahi puanlamaya esas alýnmaz; çevrimiçi sunumlarda da benzer katýlým kanýtlarý aranýr.";[Yönetmelik] | [Baþvuru Rehberi];Madde 7(9) / Madde 43;teblið|katýlým belgesi|tam metin|sunum;easy
509;Akademik teþvik ödeneði hangi unvanlardaki öðretim elemanlarýna en yüksek Devlet memuru brüt aylýðýnýn hangi oranlarýnda ödenir?;"Akademik teþvik ödemesi; profesör kadrosundakiler için %100, doçent kadrosundakiler için %90, doktor öðretim üyeleri için %80, araþtýrma görevlisi ve öðretim görevlisi kadrosundakiler için ise %70 oraný üzerinden hesaplanýr; bu oranlar en yüksek Devlet memuru brüt aylýðý tutarý ile çarpýlýr ve bulunan rakam akademik teþvik puanýnýn yüze bölünmesiyle elde edilen oranla tekrar çarpýlarak nihai ödeme miktarýna ulaþýlýr; hesaplamada baþvuru tarihindeki kadro unvaný esas alýnýr; unvan deðiþikliði durumunda bir sonraki yýlýn baþvurusu güncel unvan üzerinden deðerlendirilir.";[Yönetmelik];Madde 8(1) / Madde 8(8);ödeme oraný|unvan|kadro|hesaplama;easy
510;YÖK Yýlýn Doktora Tezi Ödülü akademik teþvik puanlamasýnda kaç puanlýk bir faaliyet oranýna sahiptir?;"Faaliyet Hesaplama Tablosu'na (Tablo 4) göre YÖK Yýlýn Doktora Tezi Ödülü %100 faaliyet oranýna sahiptir; bu oran ödül kategorisinin temel puaný olan 20 ile çarpýlarak doðrudan 20 puan kazandýrýr; benzer þekilde TÜBÝTAK Bilim Ödülü ve TÜBA Akademi Ödülü de %100 oran ile deðerlendirilir; ödülün mutlaka 2025 yýlý içerisinde verilmiþ olmasý þarttýr; mansiyonlar, teþekkür belgeleri veya kurum içi verilen baþarý belgeleri bu kapsamda deðerlendirilmez; araþtýrmacýlarýn yetkili mercilerce onaylanmýþ ödül belgesinin nüshasýný FUATS sistemine kanýt olarak yüklemeleri zorunludur.";[Yönetmelik];Tablo 4 (Ödül);yök ödülü|doktora tezi|puanlama|bilim ödülü;"hard"""
511;Fýrat Üniversitesi öðretim elemanlarýnýn 2025 yýlý faaliyetleri için akademik teþvik baþvurularýný hangi tarihlerde yapmalarý gerekmektedir?;"Öðretim elemanlarý akademik teþvik baþvurularýný 02-11 Ocak 2026 tarihleri arasýnda gerçekleþtirmelidir. Baþvurular, kadrolarýnýn bulunduðu yükseköðretim kurumunun ilgili birim akademik teþvik baþvuru ve inceleme komisyonuna yapýlmalýdýr. Bu süreçte YÖKSÝS’ten alýnan çýktý ile birlikte FU Akademik Teþvik Sistemi (FUATS) üzerinden online baþvuru tamamlanmalý; sadece YÖKSÝS ve FUATS çýktýlarý imzalanarak birimlere fiziksel olarak teslim edilmelidir.";[Takvim]|[Baþvuru Rehberi];02-11 Ocak 2026;baþvuru|tarih|fuats|yöksis;easy
512;Birim akademik teþvik baþvuru ve inceleme komisyonu baþvurularý hangi tarihler arasýnda inceleyerek sisteme giriþlerini tamamlamalýdýr?;Öðretim elemanlarýnca yapýlan baþvurular, birim akademik teþvik baþvuru ve inceleme komisyonu tarafýndan 12-15 Ocak 2026 tarihleri arasýnda FUATS sistemi üzerinden incelenir. Komisyon, teþvik almaya hak kazananlarýn verilerini 15 Ocak 2026 tarihinde sisteme girmeli ve ilgili YÖKSÝS ve FUATS çýktýlarýný Dekanlýk veya Müdürlüklere iletmelidir. Bu aþama, birim düzeyindeki deðerlendirmenin resmiyet kazandýðý ve belgelerin üst komisyona iletilmek üzere hazýrlandýðý süreçtir.;[Takvim]|[Baþvuru Rehberi];12-15 Ocak 2026;birim komisyonu|inceleme|veri giriþi|takvim;med
513;Üst komisyon tarafýndan ilan edilen akademik teþvik sonuçlarýna karþý itirazlar hangi tarihlerde ve nasýl yapýlmalýdýr?;"Akademik Teþvik Düzenleme, Denetleme ve Ýtiraz Komisyonu tarafýndan ilan edilen sonuçlara karþý itirazlar 26-30 Ocak 2026 tarihleri arasýnda yapýlabilir. Ýtiraz dilekçelerinin mutlaka Rektör Yardýmcýlýðý Makamýna þahsen ve elden teslim edilmesi gerekmektedir. Posta veya e-posta yoluyla yapýlan itirazlar kabul edilmez; elden teslim edilen bu dilekçeler komisyon tarafýndan 01-05 Þubat 2026 tarihleri arasýnda deðerlendirilerek nihai karara baðlanacaktýr.";[Takvim]|[Baþvuru Rehberi];26-30 Ocak 2026;itiraz|dilekçe|rektör yardýmcýsý|takvim;med
514;Akademik teþvik ödeneði almaya hak kazanan öðretim elemanlarýnýn kesin listeleri hangi tarihte ödeme birimlerine bildirilir?;Akademik teþvik süreci itirazlarýn deðerlendirilmesiyle tamamlandýktan sonra, 06 Þubat 2026 tarihinde kesin listeler oluþturulur. Bu listeler, teþvik almaya hak kazanan öðretim elemanlarýna ödeme yapýlabilmesi amacýyla üniversitenin ilgili harcama birimlerine ayný gün bildirilir. Bu bildirimle birlikte idari süreç sona erer ve ödemeler Þubat ayýnýn on beþinden itibaren baþlatýlacak olan 12 aylýk periyoda dahil edilir.;[Takvim]|[Baþvuru Rehberi];06 Þubat 2026;kesin liste|ödeme|harcama birimi|takvim;easy
515;Birim komisyonlarý tarafýndan onaylanan akademik teþvik baþvuru evraklarý rektörlükteki üst komisyona ne zaman gönderilmelidir?;Dekanlýk veya Müdürlükler, birim komisyonlarý tarafýndan incelenen ve onaylanan ilgili akademik teþvik evraklarýný 16 Ocak 2026 tarihinde Akademik Teþvik Düzenleme, Denetleme ve Ýtiraz Komisyonuna göndermekle yükümlüdür. Bu evraklar YÖKSÝS ve FUATS çýktýlarýný ve birim deðerlendirme raporlarýný içerir. Üst komisyon bu belgeleri 17-24 Ocak 2026 tarihleri arasýnda inceleyerek üniversite genelindeki deðerlendirme sürecini yürütür ve ilk sonuçlarý ilan eder.;[Takvim]|[Baþvuru Rehberi];16 Ocak 2026;evrak gönderimi|dekanlýk|üst komisyon|takvim;med
516;Akademik teþvik baþvurusu için araþtýrmacýlarýn hangi sistemlere veri giriþi yapmasý ve hangi dökümanlarý imzalamasý zorunludur?;"Araþtýrmacýlarýn öncelikle akademik faaliyet verilerini YÖKSÝS sistemine girmeleri, ardýndan FUATS sistemi üzerinden baþvuru yaparak gerekli belgeleri yüklemeleri zorunludur. Akademik teþvik ödeneði baþvurusunda bulunacak kiþilerin, hem YÖKSÝS çýktýsýnýn hem de FUATS sistem çýktýsýnýn her sayfasýný ýslak imzalý olarak birimlerine sunmalarý þarttýr. Sadece son sayfanýn imzalanmasý yeterli kabul edilmez; tüm sayfalarýn imzalanmasý beyan edilen verilerin doðruluðunun araþtýrmacý tarafýndan taahhüt edildiði anlamýna gelmektedir.";[Baþvuru Rehberi];Madde 8;imza|yöksis|fuats|baþvuru;easy
517;Vakýf üniversitelerinden devlet üniversitelerine geçen öðretim elemanlarýnýn akademik teþvik baþvurusu yaparken uymasý gereken kýsýtlama nedir?;Vakýf üniversitelerinden devlet üniversitelerine geçen öðretim elemanlarý, sadece devlet üniversitelerinde görev yaptýklarý süre içerisinde gerçekleþtirdikleri akademik faaliyetleri için teþvik baþvurusunda bulunabilirler. Vakýf üniversitesi kadrosundayken yürütülen projeler veya yayýmlanan makaleler devlet kurumuna geçilse dahi puanlamaya dahil edilmez. Bu durumdaki araþtýrmacýlarýn YÖKSÝS çýktýsýnda her bir faaliyetin hangi kurumda yapýldýðýný göstermeleri ve Kurum Deðiþikliði Beyan Formunu sunmalarý zorunluluktur.;[Baþvuru Rehberi]|[Yönetmelik];Sayfa 7 / Madde 6(7);vakýf üniversitesi|kurum deðiþikliði|devlet üniversitesi|kýsýtlama;hard
518;Döner sermaye üzerinden yürütülen projelerin akademik teþvik kapsamýnda deðerlendirilebilmesi için hangi bütçe ve süre þartlarý aranýr?;Döner sermaye üzerinden yapýlan dýþ kaynaklý projelerin puanlanabilmesi için projenin Ar-Ge niteliði taþýmasý ve toplam süresinin dokuz aydan az olmamasý þarttýr. Ayrýca, projenin maddi desteðinin mutlaka üniversiteye aktarýlmýþ olmasý ve projenin 2025 yýlý içerisinde baþarýyla sonuçlandýrýlarak sonuç raporunun onaylanmýþ olmasý gerekmektedir. Süresi dokuz aydan az olan veya üniversite hesaplarýna giriþi yapýlmayan projeler akademik teþvik kapsamý dýþýnda tutulur.;[Baþvuru Rehberi]|[Yönetmelik];Madde 11 / Madde 7(2);döner sermaye|proje|Ar-Ge|bütçe;hard
519;Yükseköðretim kurumlarý tarafýndan desteklenen Bilimsel Araþtýrma Projeleri (BAP) akademik teþvik puanlamasýnda nasýl deðerlendirilmektedir?;Yükseköðretim kurumlarý tarafýndan desteklenen bilimsel araþtýrma projeleri (BAP) akademik teþvik kapsamýnda deðerlendirmeye alýnmaz ve puanlanmaz. Benzer þekilde TÜBÝTAK-1002 projeleri, araþtýrma altyapýsý oluþturma projeleri, giriþimcilik projeleri ve Avrupa Birliði Katýlým Öncesi Mali Yardým (IPA) projeleri de kapsam dýþý býrakýlmýþtýr. Araþtýrmacýlarýn sadece yönetmelikte açýkça belirtilen TÜBÝTAK akademik destekleri ve dokuz aydan uzun süren dýþ kaynaklý Ar-Ge projelerini beyan etmeleri ve belgelemeleri gerekmektedir.;[Baþvuru Rehberi]|[Yönetmelik];Madde 12 / Madde 7(2);BAP|proje|kapsam dýþý|tübitak 1002;easy
520;Araþtýrma faaliyetinin teþvik puaný alabilmesi için gereken asgari süre ve resmi görevlendirme þartý nedir?;Araþtýrma faaliyetlerinin deðerlendirilebilmesi için araþtýrmacýnýn kurum dýþýnda en az dört ay süreyle tam zamanlý görevlendirilmiþ olmasý zorunludur. Bu görevlendirmenin üniversite yönetim kurulu tarafýndan resmi bir izin kararý ile yapýlmýþ olmasý þarttýr. Ýki aydan az süren araþtýrmalar kesinlikle deðerlendirmeye alýnmazken, dört aydan kýsa sürenler de yönetmelikçe kapsam dýþýdýr. Ayrýca çalýþmanýn 2025 yýlýnda tamamlanýp sonuç raporunun ilgili kurumca baþarýlý bulunarak onaylanmasý gerekmektedir.;[Baþvuru Rehberi]|[Yönetmelik];Madde 16 / Madde 7(3);araþtýrma|süre|görevlendirme|yönetim kurulu;med
521;Kitaplarýn akademik teþvik kapsamýnda yayýn olarak puanlanabilmesi için sahip olmasý gereken zorunlu belge ve numaralar nelerdir?;"Yayýn kategorisindeki kitaplarýn deðerlendirilebilmesi için ISBN (Uluslararasý Standart Kitap Numarasý) numarasýna sahip olmasý esastýr. Kitap yazarlýðý, bölüm yazarlýðý veya editörlük faaliyetleri yayýneviyle yapýlan sözleþme, davet mektubu veya yayýnevinden gelen resmi evraklarla belgelenmelidir. Ayrýca kitabýn 2025 yýlý içerisinde ilk kez yayýmlanmýþ olmasý þarttýr; daha önce puanlanan bir kitabýn yeni baskýlarý deðerlendirmeye alýnmaz. Bildirilerden oluþan kitaplar ve sýnav soru kitaplarý ise kapsam dýþýdýr.";[Baþvuru Rehberi]|[Yönetmelik];Madde 19 / Madde 7(4);kitap|ISBN|yayýn|sözleþme;easy
522;Tanýnmýþ uluslararasý yayýnevi sayýlabilmesi için yayýnevinin faaliyet süresi ve yayýn dili ile ilgili hangi kriterler aranýr?;Tanýnmýþ uluslararasý yayýnevi, en az beþ yýldýr uluslararasý düzeyde düzenli faaliyet yürüten ve Türkçe dýþýndaki dillerde ayný alanda farklý yazarlara ait en az yirmi kitap yayýmlamýþ olan yayýnevidir. Bu kriterleri saðlayan yayýnevlerinden çýkan özgün bilimsel kitaplar uluslararasý kategoride puanlanýr. Araþtýrmacýlarýn yayýnevinin bu özellikleri taþýdýðýný gösteren belgeleri veya yayýnevi internet sayfasý dökümanlarýný FUATS sistemine kanýt olarak yüklemeleri zorunludur. Sadece Türkçe yayýn yapan yayýnevleri bu kapsamda deðerlendirilmez.;[Baþvuru Rehberi]|[Yönetmelik];Madde 20 / Madde 3(l);uluslararasý yayýnevi|kitap|dil þartý|yayýn;hard
523;Dergilerde gerçekleþtirilen editörlük faaliyetlerinde puanlama yapýlýrken uygulanan temel kýsýtlamalar ve kurallar nelerdir?;"Dergilerde editörlük faaliyetlerinde, yýllýk yayýnlanan dergi sayýsýna bakýlmaksýzýn sadece bir editörlük görevi dikkate alýnýr. Çok editörlü dergilerde sadece baþ editör teþvik kapsamýndadýr; yardýmcý editörlükler puanlanmaz. Ayrýca editör kurulu üyelikleri yönetmelik deðiþikliði ile tamamen teþvik kapsamýndan çýkartýlmýþtýr. Derginin ISSN numarasýnýn olmasý ve yayýmlanmýþ dergi için editör olduðunu gösteren web sitesi ekran görüntüsü ile indeks bilgisinin sunulmasý puanlama için ön koþuldur.";[Baþvuru Rehberi]|[Yönetmelik];Madde 25 / Madde 7(4);editörlük|baþ editör|kýsýtlama|editör kurulu;med
524;Müzik ve Konservatuvar bölümleri için ses veya görüntü kayýtlarýnýn deðerlendirilmesinde hangi ek belgeler sunulmalýdýr?;Müzik ve Konservatuvar bölümleri için performansa dayalý etkinliklerin ulusal veya uluslararasý niteliðini ve 2025 yýlýnda yayýmlandýðýný gösteren belgeler sunulmalýdýr. Özellikle CD, DVD veya benzeri ortamdaki kayýtlara yönelik bandrol verildiðini gösterir belgenin sunulmasý zorunluluktur. Bestecilik, yorumculuk ve sahne tasarýmý gibi faaliyetlerde de etkinliðin boyutunu ve yayýmlandýðýný kanýtlayan dökümanlar aranýr. Ulusal veya uluslararasý boyutta performansa dayalý kayýtlarýn deðerlendirilmesinde 'yayýmlanmýþ olma' koþulu temel þarttýr.;[Baþvuru Rehberi]|[Yönetmelik];Madde 28 / Madde 7(4);müzik|ses kaydý|bandrol|konservatuvar;med
525;Tasarým faaliyetlerinin akademik teþvik puaný alabilmesi için ticarileþme veya tescil ile ilgili hangi þartlarý saðlamasý gerekir?;Tasarýmýn deðerlendirilebilmesi için bilim, teknoloji ve sanata katký saðlayýcý nitelikte olmasý ve araþtýrmacýnýn kendi alaný ile ilgili olmasý þarttýr. Ayrýca tasarýmýn kamu kurumlarý veya özel hukuk tüzel kiþileriyle yapýlan sözleþme uyarýnca uygulanmýþ veya ticarileþtirilmiþ olmasý ya da 2025 yýlý içerisinde resmi mercilerce tescil edilmiþ olmasý zorunludur. Tescilsiz veya ticarileþmemiþ taslak aþamasýndaki çizimler puanlanmaz. Baþvuru sýrasýnda tasarým dosyasý ve uygulama belgesi FUATS sistemine yüklenmelidir.;[Baþvuru Rehberi]|[Yönetmelik];Madde 30 / Madde 7(5);tasarým|ticarileþme|tescil|uygulama;hard
526;Sergi faaliyetlerinin uluslararasý sayýlabilmesi için hangi üniversite biriminin onayý gereklidir?;Bir serginin uluslararasý olarak deðerlendirilebilmesi için serginin uluslararasý nitelikte olduðunun ilgili bölüm, anabilim dalý veya anasanat dalý kurullarýnca onaylanmýþ olmasý ve buna dair resmi bir karar bulunmasý þarttýr. Bu onay belgesi FUATS sistemine yüklenmelidir. Ayrýca sergi faaliyetlerinde sanata katký saðlayýcý nitelik aranýr ve serginin tamamlandýðý tarih (2025 yýlý) esas alýnýr. Eðitim-öðretim faaliyetleri ve öðrenci kulüp faaliyetleri kapsamýndaki sergiler ise hiçbir þekilde puanlamaya dahil edilmez.;[Baþvuru Rehberi]|[Yönetmelik];Madde 31 / Madde 7(6);sergi|uluslararasý|onay|kurul kararý;med
527;Patent faaliyetlerinde ulusal ve uluslararasý patentlerin puanlanabilmesi için aranan temel tescil þartlarý nelerdir?;"Patentlerin deðerlendirilebilmesi için ulusal veya uluslararasý yetkili kurumlarca tescillenmiþ olmasý ve tescil tarihinin 2025 yýlý olmasý þarttýr. Ulusal patentlerde, inceleme raporu sonucunda Türk Patent ve Marka Kurumu tarafýndan verilen tesciller kabul edilirken; ulusal incelemesiz patentler kapsam dýþýdýr. Uluslararasý patentlerde ise Patent Ýþbirliði Antlaþmasý (PCT) kapsamýnda patentlenebilirlik kriterlerini (yenilik, buluþ basamaðý vb.) saðladýðýnýn belgelenmesi veya Avrupa Patent Ofisi tescili aranýr. Birden fazla ülkede tescillenen ayný patent için tek baþvuru yapýlýr.";[Baþvuru Rehberi]|[Yönetmelik];Madde 33 / Madde 7(7);patent|tescil|ulusal|uluslararasý;hard
528;Atýf faaliyetlerinin puanlanmasýnda 'self-citation' (öz-atýf) yasaðýna dair kurallar nasýl düzenlenmiþtir?;"Akademik teþvik sisteminde araþtýrmacýnýn kendi yayýnlarýna veya eserlerine yaptýðý atýflar kesinlikle kapsam dýþýdýr. Sadece baþvuru sahibinin yazar olarak yer almadýðý, baþka araþtýrmacýlar tarafýndan 2025 yýlýnda yayýmlanmýþ çalýþmalardaki atýflar dikkate alýnýr. Ayrýca araþtýrmacýnýn sadece devlet yükseköðretim kurumlarýnda görev yaptýðý sýrada ürettiði yayýnlarýna yapýlan atýflar geçerli kabul edilir. Atýflarýn deðerlendirilmesinde kiþi sayýsý dikkate alýnmaz; her bir araþtýrmacý için bireysel puanlama yapýlýr.";[Baþvuru Rehberi]|[Yönetmelik];Madde 37 / Madde 7(8);atýf|self-citation|kapsam dýþý|devlet üniversitesi;med
529;Tebliðlerin uluslararasý sayýlabilmesi için katýlýmcý ülkeler ve konuþmacý oranlarý ile ilgili aranan þartlar nelerdir?;Tebliðin sunulduðu etkinliðin uluslararasý sayýlabilmesi için Türkiye dýþýnda en az beþ farklý ülkeden sözlü teblið sunan konuþmacýnýn katýlým saðlamasý þarttýr. Ayrýca tebliðlerin yarýdan fazlasýnýn (%51 ve üzeri) Türkiye dýþýndan katýlýmcýlar tarafýndan sunulmuþ olmasý esastýr. Beþ yabancý konuþmacýnýn olmasý yeterli deðildir, ülke çeþitliliði aranýr. Ek olarak, etkinliðin uluslararasý niteliði için üniversite yönetim kurulu kararýnýn bulunmasý ve tebliðin tam metin olarak yayýmlanmýþ olmasý zorunludur.;[Baþvuru Rehberi]|[Yönetmelik];Madde 40 / Madde 7(9);teblið|uluslararasý|ülke sayýsý|tam metin;hard
530;Akademik teþvik ödülü kategorisinde hangi tür belgeler ve ödüller kesinlikle kapsam dýþý býrakýlmýþtýr?;Tebliðler için verilen ödüller, dergi hakemlikleri dolayýsýyla verilen ödüller, yayýn teþvik ödülleri, mansiyon ödülleri, teþekkür ve baþarý belgeleri, plaketler ve burslar kesinlikle kapsam dýþýdýr. Ayrýca araþtýrmacýnýn kadrosunun bulunduðu kendi üniversitesi tarafýndan verilen ödüller de puanlanmaz. Puanlanacak bilim ödülünün sürekli olmasý (en az 5 kez verilmiþ), akademik bir jüri tarafýndan deðerlendirilmiþ olmasý ve araþtýrmacýnýn uzmanlýk alaný ile ilgili olarak 2025 yýlýnda verilmiþ olmasý þarttýr.;[Baþvuru Rehberi]|[Yönetmelik];Madde 45 / Madde 7(10);ödül|kapsam dýþý|mansiyon|jüri;easy
531;Dergilerin 'Alan Ýndeksi' kategorisinde puanlanabilmesi için hangi kurumun tanýmladýðý listeler esas alýnmaktadýr?;Alan indeksleri, Üniversitelerarasý Kurul (ÜAK) Baþkanlýðý tarafýndan hazýrlanýp Yükseköðretim Kurulunca onaylanan doçentlik baþvurusu kriterlerindeki endeksleri ifade eder. Bu kapsamda puanlama yapýlabilmesi için derginin ilgili alan indeksine girdiðini gösteren ÜAK sayfasýndan alýnmýþ belgenin sunulmasý þarttýr. Alan indeksi puanlamasý sadece Eðitim Bilimleri, Mimarlýk, Fen Bilimleri (bazý alt alanlar), Sosyal, Beþeri ve Ýdari Bilimler ile Spor Bilimleri gibi yönetmelikte tanýmlanan temel alanlar için geçerlidir. Diðer alanlarda alan indeksi puaný talep edilemez.;[Baþvuru Rehberi]|[Yönetmelik];Madde 26 / Madde 3(b);alan indeksi|üak|doçentlik|indeks;hard
532;Akademik teþvik puaný hesaplanýrken her bir faaliyet türünün toplam puan içindeki aðýrlýk sýnýrý nedir?;Akademik teþvik toplam puanýnýn hesaplanmasýnda, her bir akademik faaliyet türünün (proje, yayýn, atýf vb.) aðýrlýðý toplam puanýn %30’unu geçemez. Toplam akademik teþvik puaný ise hiçbir durumda 100 puaný aþamaz. Bu kural, araþtýrmacýlarýn sadece tek bir alanda (örneðin sadece yayýn) yoðunlaþmasý yerine farklý akademik alanlarda üretim yapmasýný teþvik etmek amacýyla uygulanmaktadýr. Her kategori kendi içinde tavan puanlara (Yayýn: 30, Proje: 20 vb.) tabidir.;[Yönetmelik];Madde 1(1) / Madde 8(3);puan|aðýrlýk|üst sýnýr|yüzde otuz;med
533;Akademik teþvik ödeneðinden yararlanabilmek için araþtýrmacýnýn hesaplanan toplam teþvik puaný en az kaç olmalýdýr?;Akademik teþvik ödeneðinin ödenebilmesi için araþtýrmacýnýn hesaplanan akademik teþvik puanýnýn en az otuz (30) olmasý þarttýr. Puaný 30'un altýnda kalan öðretim elemanlarýna herhangi bir teþvik ödemesi yapýlmaz. Bu puan, her faaliyet türünün %30'luk aðýrlýk kýsýtlamasý uygulandýktan sonra elde edilen nihai puaný ifade eder. Ayrýca ödeme yapýlabilmesi için personelin 2914 sayýlý Kanun veya 926 sayýlý TSK Personel Kanunu uyarýnca aylýk alýyor olmasý gerekmektedir.;[Yönetmelik];Madde 10(3) / Madde 10(2);puan barajý|otuz puan|ödeme þartý|aylýk;easy
534;Üst komisyonun (Akademik Teþvik Düzenleme, Denetleme ve Ýtiraz Komisyonu) toplantý ve karar yeter sayýsý nedir?;Komisyon, baþkan dahil üye tam sayýsýnýn salt çoðunluðu ile toplanýr ve toplantýya katýlanlarýn salt çoðunluðu ile karar alýr. Oylarýn eþit olmasý halinde komisyon baþkanýnýn oyu yönünde karar alýnmýþ sayýlýr. En kritik kurallardan biri, komisyon üyelerinin oylama sýrasýnda çekimser oy kullanamayacak olmalarýdýr. Bu kural birim akademik teþvik baþvuru ve inceleme komisyonlarý için de aynen geçerlidir. Komisyonlar, baþvurularýn yönetmelik hükümlerine uygunluðunu denetlemek ve tereddütleri gidermekle yükümlüdür.;[Yönetmelik];Madde 4(2) / Madde 5(2);komisyon|karar yeter sayýsý|oylama|salt çoðunluk;med
535;Akademik teþvik ödeneði hesaplamasýnda kullanýlan 'en yüksek Devlet memuru brüt aylýðý' tutarý nasýl belirlenmektedir?;"En yüksek Devlet memuru brüt aylýðý; 1.500 aylýk gösterge rakamý ile 8.000 ek gösterge rakamýnýn toplamý olan 9.500 gösterge rakamýnýn, memur aylýk katsayýsý ile çarpýmý sonucu bulunan tutardýr. Bu tutar, akademik teþvik ödemesi formülünde temel çarpan olarak kullanýlýr. Ödeme tutarý, bu brüt aylýðýn kadro unvan oranlarý (%70 ile %100 arasý) ve araþtýrmacýnýn teþvik puanýnýn yüze bölünmesiyle elde edilen katsayý ile çarpýlmasýyla hesaplanýr.";[Yönetmelik];Madde 3(ç) / Madde 8(1);brüt aylýk|gösterge|maaþ katsayýsý|hesaplama;hard
536;Çok isimli yayýn, teblið ve patentler için uygulanan (k) katsayýsý kiþi sayýsýna göre nasýl deðiþmektedir?;"Çok isimli faaliyetlerde (k) katsayýsý; 1 kiþi için 1; 2 kiþi için 0,8; 3 kiþi için 0,6; 4 kiþi için 0,45; 5 kiþi için 1/5; 6 kiþi için 1/6; 7 veya daha fazla kiþi için ise 1/kiþi sayýsý olarak uygulanýr. Bu katsayý, faaliyetin temel puaný ile çarpýlarak her bir araþtýrmacýnýn bireysel faaliyet puanýnýn hesaplanmasýnda kullanýlýr. Bu paylaþým usulü, akademik iþ birliðini teþvik ederken bireysel katkýyý da oransal olarak korumayý amaçlamaktadýr.";[Yönetmelik];Madde 8(4) / Tablo 1;k katsayýsý|yazar sayýsý|puanlama|paylaþým;easy
537;Projelerde görev alan öðretim elemanlarýnýn puaný hesaplanýrken kullanýlan (r) katsayýsý rollere göre nasýl belirlenmiþtir?;"Akademik teþvik projelerinde (r) katsayýsý; projenin 'Yürütücüsü' olan öðretim elemaný için 1 olarak uygulanýrken; projede 'Araþtýrmacý' veya 'Bursiyer' olarak görev yapanlar için 0,5 olarak belirlenmiþtir. Bu katsayý, projenin türüne göre belirlenen (örneðin TÜBÝTAK 1001 için 80) faaliyet oraný ile çarpýlarak araþtýrmacýnýn o projeden alacaðý puan oranýna ulaþýlmasýný saðlar. Sadece baþarýyla sonuçlandýrýlmýþ ve sonuç raporu onaylanmýþ projeler bu hesaplamaya dahil edilebilir.";[Yönetmelik];Madde 8(5) / Tablo 2;r katsayýsý|proje rolü|yürütücü|araþtýrmacý;med
538;SCI-Expanded, SSCI ve AHCI kapsamýndaki dergilerde yayýmlanan makaleler için kullanýlan (p) katsayýsý neye göre belirlenir?;"p katsayýsý, makalenin yayýmlandýðý yýl için derginin ISI Web of Science Çeyreklik (Quartile/Q) sýnýflandýrmasýna göre belirlenir: Q1 için 1; Q2 için 0,8; Q3 için 0,5; Q4 için 0,25 uygulanýr. AHCI kapsamýndaki dergiler için katsayý sabit 0,5'tir. Eðer bir derginin Q deðeri henüz belirlenmemiþse en alt katsayý olan 0,25 deðeri uygulanýr. Bu katsayýlar yayýn kategorisindeki temel puanlarýn hesaplanmasýnda kritik bir çarpandýr ve WOS üzerinden alýnan belgelerle kanýtlanmalýdýr.";[Yönetmelik];Madde 8(6) / Tablo 3;p katsayýsý|quartile|Q deðeri|wos;hard
539;Akademik teþvik ödeneði hangi vergilerden muaftýr ve bu ödeme diðer tazminatlarýn hesabýnda dikkate alýnýr mý?;Akademik teþvik ödeneði damga vergisi hariç herhangi bir vergiye tabi tutulmaz. Ayrýca bu ödenek, ilgili mevzuatý uyarýnca ödenmekte olan zam, tazminat, ödenek, döner sermaye ek ödemesi, ikramiye ve ücret gibi benzeri ödemelerin hesabýnda kesinlikle dikkate alýnmaz. Yani diðer yan ödemelerin matrahýna dahil edilmez ve onlardan baðýmsýz bir kalem olarak Þubat ayýndan itibaren 12 ay boyunca ödenir. Ödeme yapýlabilmesi için personelin aktif olarak aylýk alýyor olmasý þarttýr.;[Yönetmelik];Madde 10(2);vergi muafiyeti|damga vergisi|ek ödeme|mali hükümler;med
540;Akademik teþvik baþvurusu sýrasýnda yapýlan yanlýþ veya yanýltýcý beyanlarýn tespit edilmesi durumunda hangi yaptýrýmlar uygulanýr?;Ödeme yapýldýktan sonra dahi, faaliyetlerin gerçeðe aykýrý olduðu veya yönetmelik kapsamýna girmediði tespit edilirse yapýlan tüm ödemeler kanuni faiziyle birlikte geri alýnýr. Ayrýca yanlýþ veya yanýltýcý bildirimde bulunanlar hakkýnda komisyonun tespitiyle inceleme baþlatýlýr ve cezai müeyyidelerin uygulanmasý gerekirse genel hukuk hükümleri iþletilir. Bu süreç, araþtýrmacýlarýn beyan ettikleri her türlü verinin ve sunduklarý dijital kanýtlarýn doðruluðundan þahsen sorumlu olduklarýný vurgulamaktadýr.;[Yönetmelik];Madde 10(5);yanlýþ beyan|yaptýrým|geri alma|kanuni faiz;hard
541;Milli Savunma Üniversitesi ve Polis Akademisi kadrolarýndaki öðretim elemanlarý akademik teþvik yönetmeliði hükümlerine tabi midir?;Evet, Akademik Teþvik Ödeneði Yönetmeliði hükümleri Milli Savunma Üniversitesi, Jandarma ve Sahil Güvenlik Akademisi ile Polis Akademisi kadrolarýnda bulunan öðretim elemanlarý hakkýnda da aynen uygulanýr. Bu kurumlardaki akademik teþvik düzenleme ve denetleme süreçlerine iliþkin hususlar, ilgisine göre rektör veya akademi baþkanlarý tarafýndan yönetmelik çerçevesinde belirlenir. Bu personel de devlet yükseköðretim kurumlarýndaki meslektaþlarý gibi ayný faaliyet türleri ve puanlama esaslarý üzerinden teþvik ödeneðinden yararlanma hakkýna sahiptir.;[Yönetmelik];Madde 1(2) / Madde 9(1);MSÜ|polis akademisi|jandarma|kapsam;med
542;Akademik teþvik puaný hesaplanýrken öðretim elemanýnýn kadro unvaný hangi tarihteki durumu üzerinden esas alýnmaktadýr?;Puanlarýn ve ödemelerin hesaplanmasýnda, öðretim elemanýnýn teþvik baþvurusu yaptýðý tarihteki (02-11 Ocak 2026 arasý) kadro unvaný esas alýnýr. Baþvuru yapýldýktan sonra gerçekleþen unvan deðiþiklikleri o yýlýn teþvik ödemesi oranýna (Profesör %100, Doçent %90 vb.) yansýmaz. Araþtýrmacýlar baþvurularýný mevcut kadrolarýnýn bulunduðu birimlere yapmalý ve YÖKSÝS verilerini bu doðrultuda güncellemelidir. Unvanlara göre uygulanan oranlar, ödemenin net miktarýný belirleyen ana unsurlardan biridir.;[Baþvuru Rehberi]|[Yönetmelik];Madde 9 / Madde 8(8);kadro unvaný|baþvuru tarihi|ödeme oraný|unvan;med
543;Üst komisyon üyeleri hangi kriterlere göre ve hangi süreyle görev yapmak üzere senato tarafýndan seçilirler?;Üst komisyon üyeleri, yüksek akademik teþvik puanýna sahip öðretim üyeleri arasýndan, her doçentlik temel alanýndan en az bir kiþi olmak üzere rektörün önereceði üç aday arasýndan üniversite senatosu tarafýndan seçilir. Komisyon, baþkan hariç en az dört üyeden oluþur ve iki yýl süreyle görev yapmak üzere belirlenir. Süresi biten üyelerin yeniden seçilmesi mümkündür. Komisyonun baþkanlýðýný ise rektör tarafýndan görevlendirilen bir rektör yardýmcýsý yürütür ve tüm süreçten rektörlüðe karþý sorumludur.;[Yönetmelik];Madde 4(1);üst komisyon|seçim|senato|görev süresi;med
544;Birim akademik teþvik baþvuru ve inceleme komisyonu üyeleri hangi makam tarafýndan seçilir ve asgari kaç kiþiden oluþur?;Birim komisyonu, yükseköðretim kurumlarýnýn her bölüm, anabilim dalý veya anasanat dalý baþkanlýklarý bünyesinde en az üç üyeden oluþacak þekilde kurulur. Komisyon üyeleri, ilgili birimin Yönetim Kurulu tarafýndan, yüksek akademik teþvik puanýna sahip olan öðretim elemanlarý arasýndan iki yýl için seçilir. Birimde yeterli öðretim elemaný bulunmamasý halinde üyeler yakýn alanlardaki personelle tamamlanabilir. Birim baþkaný komisyonun doðal baþkanýdýr ve baþvurularýn yönetmeliðe uygun deðerlendirilmesinden birinci derecede sorumludur.;[Yönetmelik];Madde 5(1);birim komisyonu|seçim|yönetim kurulu|görev süresi;med
545;Akademik teþvik ödemeleri her yýl hangi ayda baþlar ve toplamda kaç aylýk bir süreci kapsar?;Akademik teþvik ödeneði, her bir takvim yýlý için bir önceki yýlda gerçekleþtirilen faaliyetler üzerinden hesaplanan puanlarla ödenir. Ödemeler, deðerlendirme yýlýndaki Þubat ayýnýn on beþinden itibaren baþlatýlýr ve on iki ay süreyle her ayýn on beþinde araþtýrmacýlarýn hesabýna yatýrýlýr. Örneðin 2025 yýlý faaliyetleri için ödeme 15 Þubat 2026'da baþlar ve Ocak 2027 sonuna kadar devam eder. Ödeme yapýlabilmesi için personelin aktif olarak 2914 sayýlý Kanun kapsamýnda aylýk alýyor olmasý þarttýr.;[Takvim]|[Yönetmelik];Madde 10(2);ödeme tarihi|on iki ay|þubat|aylýk;easy
546;Dergilerde yayýmlanan 'vaka takdimi' veya 'editöre mektup' gibi kýsa makaleler akademik teþvik puanlamasýnda nasýl hesaplanmaktadýr?;SCI, SCI-Expanded, SSCI ve AHCI kapsamýndaki dergilerde müstakil olarak yayýmlanmýþ vaka takdimi, editöre mektup, teknik not, araþtýrma notu ve kitap eleþtirisi gibi kýsa makaleler puanlamaya dahildir. Bu tür yayýnlar için 'k x p x 30' (A1/A3 alanlarý) veya 'k x p x 40' (A2/A4 alanlarý) formülü uygulanýr. Bu oranlar, tam araþtýrma makalesi puanýnýn tam olarak yarýsýna denk gelmektedir. Puanlama için ilgili yayýnýn dergide basýlmýþ veya elektronik ortamda cilt/sayfa numarasý alarak yayýmlanmýþ olmasý zorunludur.;[Yönetmelik];Madde 8(6) / Tablo 4;kýsa makale|vaka takdimi|puanlama|hesaplama;hard
547;Tebliðlerin sunulduðu etkinliðin uluslararasý niteliðini kanýtlamak için FUATS sistemine hangi belgelerin yüklenmesi zorunludur?;"Teblið baþvurularýnda; beþ farklý ülkeden konuþmacýlarýn katýlýmýný gösteren dökümanlar (üniversite ve çalýþma adresleri), tebliðin tam metninin yayýmlandýðý kitabýn kapak ve basým bilgileri ile bildirinin ilk ve son sayfasý yüklenmelidir. Ayrýca, araþtýrmacýnýn etkinliðe katýlým saðladýðýný gösteren katýlým belgesi veya sunum yaptýðýna dair resmi yazý sunulmasý þarttýr. Etkinliðin web adresi ve eðer varsa bildiriler kitabýnýn internet linki de beyan edilmelidir. Özet metinler veya katýlým belgesi eksik olan tebliðler puanlanmaz.";[Baþvuru Rehberi]|[Yönetmelik];Madde 43 / Madde 7(9);teblið|katýlým belgesi|tam metin|kanýt;med
548;Ayný yayýn veya esere bir kitabýn farklý bölümlerinde yapýlan atýflar akademik teþvik puanlamasýnda nasýl sayýlmaktadýr?;Ayný yayýn veya esere bir kitabýn farklý bölümlerinde veya kýsýmlarýnda yapýlan atýflar normal þartlarda yalnýzca bir atýf olarak deðerlendirilir. Ancak, bu kuralýn bir istisnasý mevcuttur: Eðer kitabýn her bir bölümünün yazarlarý farklý ise, bu farklý bölümlerde ayný esere yapýlan her bir atýf için ayrý ayrý puan deðerlendirmesi yapýlýr. Bu durumun belgelenmesi için kitabýn içindekiler sayfasý, bölüm yazarlarý listesi ve ilgili kaynakça sayfalarýnýn FUATS sistemine yüklenmesi araþtýrmacýnýn sorumluluðundadýr.;[Baþvuru Rehberi]|[Yönetmelik];Madde 37 / Madde 7(8);atýf|mükerrer atýf|kitap bölümü|puanlama;hard
549;Sergi faaliyetlerinde 'tekrarlayan etkinlikler' için uygulanan puanlama kýsýtlamasý tam olarak nedir?;Ayný yýl içerisinde tekrar eden sergi, konser, festival ve gösteri gibi sanatsal etkinliklerin puanlanmasýnda en çok iki (2) tekrar dikkate alýnýr. Ýlk etkinlik için tam puan verilirken, ikinci tekrar etkinlik için mevcut faaliyet puanýnýn yarýsý (%50'si) uygulanýr. Ýkiden fazla tekrar eden ayný içerikli faaliyetler için ise hiçbir puanlama yapýlmaz. Sergilerin deðerlendirilmesinde serginin açýldýðý ve tamamlandýðý tarih (2025 yýlý) esas alýnýr. Eðitim-öðretim faaliyetleri kapsamýndaki sergiler bu kuralýn dýþýndadýr ve puanlanmaz.;[Baþvuru Rehberi]|[Yönetmelik];Madde 32 / Madde 7(6);sergi|tekrar|puanlama|kýsýtlama;med
550;Dergilerin 'Diðer uluslararasý hakemli dergiler' kategorisinde puanlanabilmesi için hangi yayýn süresi þartýný saðlamasý gerekir?;Bir derginin bu kategoride deðerlendirilebilmesi için en az beþ yýldýr yýlda en az bir sayý ile düzenli olarak yayýmlanýyor olmasý þarttýr. Ayrýca derginin editör veya yayýn kurulunun uluslararasý olmasý, bilimsel deðerlendirme sürecinin internet sayfasýnda ilan edilmiþ olmasý ve yayýmlanmýþ makale künyelerine dijital olarak ulaþýlabilmesi gerekir. Yayýn hayatý beþ yýldan az olan dergilerde çýkan makaleler teþvik kapsamýna dahil edilmez. Araþtýrmacýlar derginin arþiv bilgilerine eriþilebilen internet adresini FUATS üzerinden beyan etmelidir.;[Baþvuru Rehberi]|[Yönetmelik];Madde 21 / Madde 7(4);dergi|yayýn süresi|uluslararasý|kriter;med
551;Akademik teþvik kapsamýnda 'yurt içi araþtýrma' faaliyeti için aylýk bazda belirlenen faaliyet oraný nedir?;Yönetmeliðin Faaliyet Hesaplama Tablosu'na göre yurt içi araþtýrma faaliyetleri ay üzerinden deðerlendirilir ve her bir ay için faaliyet oraný 10 olarak belirlenmiþtir. Araþtýrmanýn puan alabilmesi için en az dört ay sürmesi þarttýr. Bu durumda dört aylýk bir yurt içi araþtýrma '10 x 4 = 40' oranýna sahip olur ve bu oran araþtýrma kategorisinin temel puaný olan 15 ile çarpýlarak (40% x 15) 6 puan kazandýrýr. Araþtýrmanýn üniversite yönetim kurulu izniyle ve kurum dýþýnda yürütülmesi zorunludur.;[Yönetmelik];Tablo 4 / Madde 7(3);araþtýrma|yurt içi|ay katsayýsý|puanlama;hard
552;Dergilerde editörlük faaliyeti için puanlama yapýlýrken 'çok editörlü dergiler' durumunda hangi kural iþletilir?;Dergilerde editörlük puanlamasýnda, çok editörlü dergiler olmasý durumunda sadece 'baþ editör' olan öðretim elemaný teþvikten yararlanabilir. Alan editörlüðü, yardýmcý editörlük veya yayýn koordinatörlüðü gibi diðer pozisyonlar puanlanmaz. Ayrýca araþtýrmacý birden fazla dergide baþ editör olsa dahi, yönetmelik gereði farklý dergilerde de olsa sadece bir editörlük görevi dikkate alýnýr ve puanlanýr. Editörlük görevi yayýmlanmýþ dergi için web sitesi çýktýlarý ve ekran görüntüleri ile belgelenmelidir.;[Baþvuru Rehberi]|[Yönetmelik];Madde 25 / Madde 7(4);editörlük|baþ editör|çok editörlü|kýsýtlama;med
553;Güzel Sanatlar temel alanýndaki 'A4' branþlarý için uluslararasý kiþisel ses veya görüntü kaydý kaç puan oranýna sahiptir?;Faaliyet Hesaplama Tablosu'na göre, sadece A4 (Güzel Sanatlar) temel alaný için geçerli olan uluslararasý boyutta performansa dayalý yayýmlanmýþ kiþisel ses ve/veya görüntü kayýtlarý için faaliyet oraný 20 olarak belirlenmiþtir. Karma ses veya görüntü kayýtlarýnda ise bu oran 10'dur. Bu kayýtlarýn puanlanabilmesi için 2025 yýlý içerisinde yayýmlanmýþ olmasý ve Müzik/Konservatuvar bölümleri için bandrol belgesinin sunulmasý þarttýr. Diðer temel alanlarda (A1, A2, A3) ses kaydý için puanlama oraný tanýmlanmamýþtýr.;[Yönetmelik];Tablo 4 / Madde 8(7);ses kaydý|güzel sanatlar|A4 alaný|puanlama;hard
554;TÜBÝTAK 1005 (Ulusal Yeni Fikirler ve Ürünler Araþtýrma Destek Programý) projesinde yürütücü olan birinin puan oraný kaçtýr?;Yönetmeliðin Faaliyet Hesaplama Tablosu'na göre TÜBÝTAK 1005 ve 3001 projeleri için faaliyet oraný 'r x 70' olarak belirlenmiþtir. Proje yürütücüsü için r katsayýsý 1 olduðundan, yürütücü bu projeden doðrudan 70 oranýnda puan alýr. Bu oran proje kategorisinin temel puaný olan 20 ile çarpýlarak (70% x 20) toplam 14 puan olarak teþvik puanýna yansýtýlýr. Projenin 2025 yýlýnda baþarýyla sonuçlanmýþ ve sonuç raporunun onaylanmýþ olmasý belgelendirme için zorunlu ön koþuldur.;[Yönetmelik];Tablo 4 / Madde 8(5);tübitak 1005|proje|puanlama|yürütücü;med
555;Akademik teþvik baþvurusu sýrasýnda öðretim elemanlarýnýn 'Kurum Deðiþikliði Beyan Formu' sunmasý hangi durumda zorunludur?;Öðretim elemaný 2025 yýlý içerisinde baþka bir kurumdan (üniversite veya diðer kamu kurumlarý) naklen üniversitemize gelmiþ ise Kurum Deðiþikliði Beyan Formunun sunulmasý zorunludur. Bu formda araþtýrmacýnýn önceki kurumda gerçekleþtirdiði ve üniversitemizde gerçekleþtirdiði faaliyetler ayrýntýlý olarak belirtilmelidir. Ayrýca YÖKSÝS çýktýsýnda her bir faaliyetin hangi kurum bünyesinde yapýldýðý da açýkça gösterilmelidir. Farklý kurumlarda gerçekleþtirilen faaliyetlerin deðerlendirilmesi, öðretim elemanýnýn þu an kadrosunun bulunduðu üniversitedeki komisyonca yapýlýr.;[Baþvuru Rehberi]|[Yönetmelik];Madde 8 / Madde 6(2);kurum deðiþikliði|beyan formu|naklen atama|yöksis;hard
556;Uluslararasý patentlerin akademik teþvik kapsamýnda deðerlendirilebilmesi için tescil belgesinde hangi teknik kriterler aranmaktadýr?;"Patent Ýþbirliði Antlaþmasý (PCT) kapsamýnda yapýlan baþvurularda; uluslararasý araþtýrma raporunun yazýlý görüþ kýsmýnda veya ön inceleme raporunda en az bir istemin patentlenebilirlik kriterlerini (yenilik, buluþ basamaðý, sanayiye uygulanabilirlik) saðladýðýnýn ifade edilmiþ olmasý þarttýr. Avrupa Patent Ofisi (EPO) tarafýndan verilen patentler de bu kapsamdadýr. Patentlerin tescil tarihinin 2025 yýlý olmasý esas alýnýr. Tescil belgesinin nüshasý veya yetkili mercilerce düzenlenen resmi onay raporu FUATS sistemine yüklenmelidir.";[Baþvuru Rehberi]|[Yönetmelik];Madde 33 / Madde 3(ö);patent|tescil|yenilik|buluþ basamaðý;hard
557;Birim akademik teþvik baþvuru ve inceleme komisyonunun kararlarýnda oylarýn eþitliði durumunda hangi kural iþletilir?;Birim akademik teþvik baþvuru ve inceleme komisyonu, baþkan dahil üye tam sayýsýnýn salt çoðunluðu ile toplanýr ve katýlanlarýn salt çoðunluðu ile karar alýr. Oylarýn eþit daðýlmasý durumunda komisyon baþkanýnýn oyu yönünde karar alýnmýþ sayýlýr. Komisyon üyelerinin oylama sýrasýnda çekimser oy kullanmalarý kesinlikle yasaktýr. Bu kural, üst komisyon olan Akademik Teþvik Düzenleme, Denetleme ve Ýtiraz Komisyonu için de Madde 4(2) uyarýnca aynen geçerlidir ve süreçlerin kesin kararlarla ilerlemesini saðlar.;[Yönetmelik];Madde 5(2) / Madde 4(2);birim komisyonu|karar yeter sayýsý|oy eþitliði|çekimser oy;med
558;Ödül kategorisinde yer alan 'YÖK Yýlýn Doktora Tezi Ödülü' akademik teþvik puanlamasýnda kaç faaliyet oranýna sahiptir?;Yönetmeliðin Faaliyet Hesaplama Tablosu'na göre YÖK Yýlýn Doktora Tezi Ödülü %100 faaliyet oranýna sahiptir. Bu oran ödül kategorisinin temel puaný olan 20 ile çarpýldýðýnda araþtýrmacýya 20 tam puan kazandýrýr. Benzer þekilde TÜBÝTAK Bilim Ödülü ve TÜBA Akademi Ödülü de %100 oran ile deðerlendirilir. Ödülün 2025 yýlýnda verilmiþ olmasý ve yetkili mercilerce onaylanmýþ belgesinin sisteme yüklenmesi þarttýr. Mansiyonlar veya kurum içi baþarý belgeleri bu kapsamda deðerlendirilmez.;[Yönetmelik];Tablo 4 (Ödül);yök ödülü|doktora tezi|puanlama|ödül;easy
559;Akademik teþvik baþvurusu sýrasýnda öðretim elemanlarý kanýtlayýcý belgelerini fiziksel dosya olarak teslim etmeli midir?;Hayýr, akademik teþvik baþvurularýnda öðretim elemanlarý sadece YÖKSÝS ve FUATS sistem çýktýlarýný imzalayarak fiziksel olarak birimlerine teslim edeceklerdir. Faaliyetlere iliþkin tüm örnek, kanýt ve belgeler ise sadece elektronik ortamda FUATS sistemi (https://akademiktesvik.firat.edu.tr) üzerinden sunulmalýdýr. Fiziksel dosya veya kanýt dökümaný teslimi yapýlmayacaðý takvimde açýkça belirtilmiþtir. Ýnceleme komisyonlarý tüm deðerlendirmeleri bu dijital belgeler üzerinden yapacak, gerekli gördüðü hallerde ek bilgi talep edebilecektir.;[Takvim]|[Baþvuru Rehberi];02-11 Ocak 2026;kanýt|elektronik sunum|belge teslimi|fuats;easy
560;Ýlan edilen akademik teþvik sonuçlarýna karþý yapýlacak itirazlarýn deðerlendirilmesi ve nihai karara baðlanmasý ne kadar sürer?;Üst komisyon tarafýndan alýnan itirazlar, itiraz süresinin bittiði tarihten itibaren en geç beþ iþ günü içerisinde deðerlendirilerek nihai karara baðlanýr. Fýrat Üniversitesi 2026 takvimine göre bu süreç 01-05 Þubat 2026 tarihleri arasýndadýr. Komisyonun itirazlar sonucunda vereceði bu kararlar kesindir ve kesinleþen listeler 06 Þubat tarihinde ödeme yapýlabilmesi için harcama birimlerine bildirilir. Bu aþamadan sonra puanlar üzerinde herhangi bir deðiþiklik yapýlmasý hukuken mümkün deðildir.;[Takvim]|[Yönetmelik];Madde 6(6) / 01-05 Þubat 2026;itiraz|nihai karar|üst komisyon|takvim;"med"""
561;Fýrat Üniversitesi öðretim elemanlarý 2025 yýlý akademik faaliyetleri için teþvik baþvurularýný hangi tarihler arasýnda ve hangi sistem üzerinden yapmalýdýr?;Öðretim elemanlarý, akademik teþvik baþvurularýný 02-11 Ocak 2026 tarihleri arasýnda gerçekleþtirmelidir. Baþvurular, kadrolarýnýn bulunduðu birim akademik teþvik baþvuru ve inceleme komisyonuna YÖKSÝS’ten alýnan çýktý ile birlikte FU Akademik Teþvik Sistemi (FUATS) üzerinden yapýlmalýdýr. Araþtýrmacýlar sadece YÖKSÝS ve FUATS sistem çýktýlarýný imzalayarak birimlerine teslim ederken, kanýtlayýcý belgeler elektronik ortamda sunulur.;[Takvim];02-11 Ocak 2026;baþvuru|tarih|fuats|yöksis;easy
562;Birim akademik teþvik baþvuru ve inceleme komisyonlarý kendilerine gelen baþvurularý hangi tarihler arasýnda inceleyerek sisteme giriþ yapmalýdýr?;Öðretim elemanlarýnca yapýlan baþvurularýn birim akademik teþvik baþvuru ve inceleme komisyonu tarafýndan FUATS sistemi üzerinden incelenmesi 12-15 Ocak 2026 tarihleri arasýnda gerçekleþtirilir. Ýnceleme sonucunda teþvik almaya hak kazananlarýn sisteme giriþi ve YÖKSÝS/FUATS çýktýlarýnýn ilgili Dekanlýk veya Müdürlüklere gönderilmesi 15 Ocak 2026 tarihinde tamamlanýr. Bu süreç birim düzeyindeki ön deðerlendirmeyi kapsar.;[Takvim];12-15 Ocak 2026;birim komisyonu|inceleme|fuats|onay;med
563;Akademik Teþvik Düzenleme, Denetleme ve Ýtiraz Komisyonu tarafýndan baþvurularýn deðerlendirilmesi ve sonuçlarýn ilaný hangi tarihlerde yapýlýr?;Akademik Teþvik Düzenleme, Denetleme ve Ýtiraz Komisyonu, birimlerden gelen teþvik baþvurularýný 17-24 Ocak 2026 tarihleri arasýnda kapsamlý bir þekilde deðerlendirir. Deðerlendirme süreci sonunda teþvik almaya hak kazanan öðretim elemanlarýnýn listesi 25 Ocak 2026 tarihinde FUATS sistemi üzerinden araþtýrmacýlara ilan edilir. Bu ilan, nihai puanlarýn ve itiraz sürecinin baþlangýcýný belirleyen resmi bir duyurudur.;[Takvim];17-25 Ocak 2026;üst komisyon|deðerlendirme|ilan|takvim;med
564;Teþvik sonuçlarýna karþý yapýlacak itirazlarýn teslim adresi, yöntemi ve deðerlendirilerek nihai karara baðlanma tarihleri nelerdir?;Ýlan edilen sonuçlara itirazlar 26-30 Ocak 2026 tarihleri arasýnda Rektör Yardýmcýlýðý Makamýna þahsen ve elden dilekçe ile teslim edilmelidir. Akademik Teþvik Düzenleme, Denetleme ve Ýtiraz Komisyonu, bu itirazlarý 01-05 Þubat 2026 tarihleri arasýnda deðerlendirerek nihai karara baðlar. Posta veya kargo yoluyla yapýlan itiraz baþvurularý takvim ve rehber hükümleri gereði kabul edilmez.;[Takvim];26 Ocak - 05 Þubat 2026;itiraz|rektör yardýmcýlýðý|nihai karar|takvim;hard
565;Akademik teþvik almaya hak kazananlarýn kesin listeleri harcama birimlerine hangi tarihte bildirilir ve ödeme süreci nasýl baþlar?;Teþvik almaya hak kazanan öðretim elemanlarýnýn kesin listeleri 06 Þubat 2026 tarihinde oluþturulur ve ödeme yapýlabilmesi amacýyla ilgili harcama birimlerine bildirilir. Ödemeler, her takvim yýlý için bir önceki yýlda gerçekleþtirilen faaliyetler esas alýnarak Þubat ayýnýn on beþinden itibaren on iki ay süreyle her ayýn on beþinde yapýlýr. Ödeme yapýlabilmesi için araþtýrmacýnýn en az otuz puan almasý þarttýr.;[Takvim]|[Yönetmelik];06 Þubat 2026;kesin liste|ödeme|harcama birimi|baraj puan;med
566;Akademik teþvik ödeneði baþvurusu sýrasýnda YÖKSÝS ve FUATS sistem çýktýlarýnýn imzalanmasý ile ilgili uyulmasý gereken zorunlu kural nedir?;Akademik teþvik ödeneði baþvurusunda bulunacak tüm araþtýrmacýlarýn, YÖKSÝS çýktýsýný ve FUATS sistem çýktýsýný her sayfasý imzalý olacak þekilde sunmalarý zorunludur. Sadece son sayfanýn imzalanmasý veya eksik imza içeren belgelerin teslim edilmesi baþvurunun geçersiz sayýlmasýna neden olabilir. Bu uygulama, beyan edilen her faaliyetin doðruluðunun araþtýrmacý tarafýndan her aþamada onaylanmasý amacýný taþýr ve resmi denetim süreci için esastýr.;[Baþvuru Rehberi];Madde 8;imza|yöksis|fuats|baþvuru;easy
567;Vakýf üniversitelerinden devlet üniversitelerine geçen öðretim elemanlarý hangi dönemdeki faaliyetleri için teþvik baþvurusunda bulunma hakkýna sahiptir?;Vakýf üniversitelerinden devlet üniversitelerine geçen öðretim elemanlarý, sadece devlet üniversitelerinde görev yaptýklarý süre içerisinde gerçekleþtirdikleri ve belgelendirdikleri akademik faaliyetleri için teþvik baþvurusunda bulunabilirler. Vakýf üniversitelerindeki görevlendirmeleri veya kadrolarý süresince yürüttükleri projeler, yayýnlar ve diðer çalýþmalar puanlama kapsamýna dahil edilmez. Bu araþtýrmacýlarýn baþvurularýnda Kurum Deðiþikliði Beyan Formunu ve YÖKSÝS kurum bilgilerini sunmalarý zorunludur.;[Baþvuru Rehberi]|[Yönetmelik];Madde 7 / Madde 6(7);vakýf üniversitesi|kurum deðiþikliði|devlet üniversitesi|kýsýtlama;hard
568;Döner sermaye üzerinden yürütülen dýþ kaynaklý projelerin akademik teþvik puanlamasýna dahil edilebilmesi için hangi bütçe ve süre þartlarý aranmaktadýr?;Döner sermaye üzerinden yapýlan dýþ kaynaklý projelerin deðerlendirilebilmesi için projenin mutlaka Ar-Ge niteliði taþýmasý ve toplam proje süresinin dokuz aydan fazla olmasý þarttýr. Ayrýca, projenin maddi desteðinin üniversiteye aktarýlmýþ olmasý ve projenin 2025 yýlý içerisinde baþarýyla sonuçlanarak raporunun onaylanmýþ olmasý gerekmektedir. Süresi 9 aydan az olan veya Ar-Ge niteliði bulunmayan döner sermaye iþleri puanlanmaz.;[Baþvuru Rehberi]|[Yönetmelik];Madde 11 / Madde 7(2);döner sermaye|proje|Ar-Ge|süre;hard
569;Yükseköðretim kurumlarý tarafýndan desteklenen bilimsel araþtýrma projeleri (BAP) ve TÜBÝTAK-1002 projeleri akademik teþvik kapsamýnda deðerlendirilir mi?;Yükseköðretim kurumlarý tarafýndan desteklenen bilimsel araþtýrma projeleri (BAP) ile TÜBÝTAK-1002 projeleri akademik teþvik kapsamýnda deðerlendirmeye alýnmaz ve puanlanmaz. Benzer þekilde, araþtýrma altyapýsý oluþturulmasý, giriþimcilik ve öðrencilerin araþtýrma kültürünü desteklemeye yönelik projeler de kapsam dýþý býrakýlmýþtýr. Araþtýrmacýlarýn sadece yönetmelikte açýkça tanýmlanan TÜBÝTAK akademik destekleri ve dokuz aydan uzun Ar-Ge projelerini beyan etmeleri gerekir.;[Baþvuru Rehberi]|[Yönetmelik];Madde 12 / Madde 7(2);BAP|proje|tübitak 1002|kapsam dýþý;easy
570;Araþtýrma faaliyetinin puanlanabilmesi için kurum dýþý görevlendirme süresi ne kadar olmalý ve hangi kuruldan onay alýnmalýdýr?;Araþtýrma faaliyetinin deðerlendirilebilmesi için araþtýrmacýnýn kurum dýþýnda bir üniversite veya araþtýrma merkezinde en az dört ay süreyle tam zamanlý görevlendirilmiþ olmasý þarttýr. Bu görevlendirmenin mutlaka üniversite yönetim kurulu tarafýndan resmi bir izin kararý ile yapýlmýþ olmasý gerekmektedir. Eylem planý, fizibilite raporu ve envanter çalýþmalarý ile süresi dört aydan az olan araþtýrmalar kesinlikle puanlama kapsamý dýþýnda tutulur.;[Baþvuru Rehberi]|[Yönetmelik];Madde 16 / Madde 7(3);araþtýrma|süre|görevlendirme|yönetim kurulu;med
571;Kitaplarýn akademik teþvik kapsamýnda yayýn olarak puanlanabilmesi için sahip olmasý gereken zorunlu numara ve belgelendirme þartý nedir?;"Kitaplarýn deðerlendirilebilmesi için ISBN numarasýna sahip olmasý temel bir zorunluluktur. Kitap yazarlýðý, bölüm yazarlýðý veya editörlük faaliyetlerinin; yayýneviyle yapýlan sözleþme veya yayýnevi/editörden gelen davet mektubu gibi resmi evraklarla belgelenmesi gerekir. Sergiler kapsamýnda hazýrlanan küratörlük kitaplarý ile sýnavlar için hazýrlanan soru kitaplarý deðerlendirme dýþýdýr. Daha önce deðerlendirilen bir kitabýn yeni baskýlarý için puanlama yapýlmaz.";[Baþvuru Rehberi]|[Yönetmelik];Madde 19 / Madde 7(4);kitap|ISBN|yayýn|sözleþme;easy
572;Tanýnmýþ uluslararasý yayýnevi sayýlabilmesi için yayýnevinin faaliyet süresi ve yayýn dili ile ilgili hangi kriterleri saðlamasý gerekir?;"Tanýnmýþ uluslararasý yayýnevi; en az beþ yýldýr uluslararasý düzeyde düzenli faaliyet yürüten ve Türkçe dýþýndaki dillerde ayný alanda farklý yazarlara ait en az yirmi kitap yayýmlamýþ olan yayýnevidir. Bu kriterleri saðlayan yayýnevlerinden çýkan özgün bilimsel kitaplar uluslararasý kategoride puanlanýr. Araþtýrmacýlarýn yayýnevinin bu özellikleri taþýdýðýný kanýtlayan belgeleri veya yayýnevi internet sayfasýndaki dökümanlarý FUATS sistemine yüklemeleri zorunludur.";[Baþvuru Rehberi]|[Yönetmelik];Madde 20 / Madde 3(l);uluslararasý yayýnevi|dil þartý|kitap sayýsý|yayýn;hard
573;Dergilerde gerçekleþtirilen editörlük faaliyetlerinde puanlama yapýlýrken uygulanan temel kýsýtlamalar ve geçerli sayýlan görevler nelerdir?;"Dergilerde editörlük faaliyetinde, yýllýk yayýnlanan dergi sayýsýna bakýlmaksýzýn sadece bir editörlük görevi dikkate alýnýr. Çok editörlü dergilerde sadece baþ editör teþvik kapsamýndadýr; yardýmcý editörlükler puanlanmaz. Ayrýca, editör kurulu üyelikleri yönetmelik deðiþikliði ile teþvik kapsamýndan tamamen çýkartýlmýþtýr. Araþtýrmacýlarýn yayýmlanmýþ dergi için editör olduklarýný gösteren web sitesi adresi ve ekran görüntüsünü kanýt olarak sunmalarý þarttýr.";[Baþvuru Rehberi]|[Yönetmelik];Madde 25 / Madde 7(4);editörlük|baþ editör|dergi|kýsýtlama;med
574;Müzik ve Konservatuvar bölümleri için ses veya görüntü kayýtlarýnýn deðerlendirilmesinde sunulmasý gereken ek belgeler nelerdir?;Müzik ve Konservatuvar bölümleri için performansa dayalý etkinliklerin ulusal veya uluslararasý niteliðini ve 2025 yýlýnda yayýmlandýðýný gösteren belgeler sunulmalýdýr. Özellikle CD, DVD veya benzeri ortamdaki kayýtlara yönelik bandrol verildiðini gösterir belgenin sunulmasý zorunluluktur. Ulusal ve uluslararasý boyutta performansa dayalý ses veya görüntü kayýtlarýnýn deðerlendirilmesinde 'yayýmlanmýþ olma' koþulu temel þarttýr. Bandrolü bulunmayan þahsi kayýtlar puanlanamaz.;[Baþvuru Rehberi]|[Yönetmelik];Madde 28 / Madde 7(4);müzik|ses kaydý|bandrol|yayýn;med
575;Tasarým faaliyetlerinin akademik teþvik puaný alabilmesi için ticarileþme veya tescil ile ilgili hangi þartlarý saðlamasý gerekir?;Tasarýmýn deðerlendirilebilmesi için bilim, teknoloji ve sanata katký saðlayýcý nitelikte olmasý ve araþtýrmacýnýn kendi alaný ile ilgili olmasý zorunludur. Tasarýmýn kamu kurumlarý veya özel hukuk tüzel kiþileriyle yapýlan sözleþme uyarýnca uygulanmýþ veya ticarileþtirilmiþ olmasý ya da 2025 yýlý içerisinde resmi mercilerce tescil edilmiþ olmasý þarttýr. Tescilsiz veya ticarileþmemiþ taslak aþamasýndaki çizimler puanlanmaz. Baþvuru sýrasýnda tasarým dosyasý ve uygulama belgesi sunulmalýdýr.;[Baþvuru Rehberi]|[Yönetmelik];Madde 29-30 / Madde 7(5);tasarým|ticarileþme|tescil|sözleþme;hard
576;Sergi faaliyetlerinin uluslararasý sayýlabilmesi için hangi üniversite biriminin onay belgesi veya kurul kararý gereklidir?;Bir serginin uluslararasý olarak deðerlendirilebilmesi için serginin uluslararasý nitelikte olduðunun ilgili bölüm, anabilim dalý veya anasanat dalý kurullarýnca onaylanmýþ olmasý ve buna dair resmi kurul kararýnýn bulunmasý þarttýr. Bu onay belgesi FUATS sistemine yüklenmelidir. Ayrýca sergi faaliyetlerinde sanata katký saðlayýcý nitelik aranýr ve serginin tamamlandýðý tarih (2025 yýlý) esas alýnýr. Eðitim-öðretim ve öðrenci kulüp faaliyetleri kapsamýndaki sergiler deðerlendirme dýþýdýr.;[Baþvuru Rehberi]|[Yönetmelik];Madde 31-33 / Madde 7(6);sergi|uluslararasý|onay|kurul kararý;med
577;Patent faaliyetlerinde ulusal ve uluslararasý patentlerin puanlanabilmesi için aranan temel tescil þartý nedir?;"Patentlerin deðerlendirilebilmesi için ulusal veya uluslararasý yetkili kurumlarca tescillenmiþ olmasý ve tescil tarihinin 2025 yýlý olmasý þarttýr. Ulusal patentlerde inceleme raporu sonucunda Türk Patent ve Marka Kurumu tarafýndan verilen tesciller kabul edilir; ulusal incelemesiz patentler kapsam dýþýdýr. Uluslararasý patentlerde ise PCT kapsamýnda patentlenebilirlik kriterlerini (yenilik, buluþ basamaðý, sanayiye uygulanabilirlik) saðladýðýnýn belgelenmesi veya Avrupa Patent Ofisi tescili aranýr.";[Baþvuru Rehberi]|[Yönetmelik];Madde 33-34 / Madde 7(7);patent|tescil|ulusal|uluslararasý;hard
578;Atýf faaliyetlerinin puanlanmasýnda 'self-citation' (öz-atýf) yasaðýna dair kurallar yönetmelikte nasýl düzenlenmiþtir?;"Akademik teþvik sisteminde araþtýrmacýnýn kendi yayýnlarýna veya eserlerine yaptýðý atýflar kesinlikle kapsam dýþýdýr. Sadece baþvuru sahibinin yazar olarak yer almadýðý, baþka araþtýrmacýlar tarafýndan 2025 yýlýnda yayýmlanmýþ çalýþmalardaki atýflar dikkate alýnýr. Ayrýca araþtýrmacýnýn sadece devlet yükseköðretim kurumlarýnda görev yaptýðý sýrada ürettiði yayýnlarýna yapýlan atýflar geçerli kabul edilir. Atýflarýn deðerlendirilmesinde kiþi sayýsý dikkate alýnmaz; her bir araþtýrmacý için ayrý puanlama yapýlýr.";[Baþvuru Rehberi]|[Yönetmelik];Madde 36-37 / Madde 7(8);atýf|self-citation|kapsam dýþý|kýsýtlama;med
579;Tebliðlerin uluslararasý sayýlabilmesi için katýlýmcý ülkeler ve konuþmacý oranlarý ile ilgili aranan þartlar nelerdir?;Tebliðin sunulduðu etkinliðin uluslararasý sayýlabilmesi için Türkiye dýþýnda en az beþ farklý ülkeden sözlü teblið sunan konuþmacýnýn katýlým saðlamasý þarttýr. Ayrýca tebliðlerin yarýdan fazlasýnýn (%51 ve üzeri) Türkiye dýþýndan katýlýmcýlar tarafýndan sunulmuþ olmasý esastýr. Sadece beþ yabancý konuþmacýnýn olmasý yeterli deðildir, ülke çeþitliliði aranýr. Ek olarak etkinliðin uluslararasý niteliði için üniversite yönetim kurulu kararýnýn bulunmasý ve tebliðin tam metin olarak yayýmlanmasý zorunludur.;[Baþvuru Rehberi]|[Yönetmelik];Madde 40-42 / Madde 7(9);teblið|uluslararasý|ülke sayýsý|tam metin;hard
580;Akademik teþvik ödülü kategorisinde hangi tür belgeler ve ödüller kesinlikle kapsam dýþý býrakýlmýþtýr?;Tebliðler için verilen ödüller, dergi hakemlikleri için verilen ödüller, yayýn teþvik ödülleri, mansiyon ödülleri, teþekkür ve baþarý belgeleri, plaketler ve burslar kesinlikle kapsam dýþýdýr. Ayrýca araþtýrmacýnýn kadrosunun bulunduðu kendi üniversitesi tarafýndan verilen ödüller de puanlanmaz. Puanlanacak bilim ödülünün sürekli olmasý (en az 5 kez verilmiþ), akademik bir jüri tarafýndan deðerlendirilmiþ olmasý ve araþtýrmacýnýn uzmanlýk alaný ile ilgili olarak 2025 yýlýnda verilmiþ olmasý þarttýr.;[Baþvuru Rehberi]|[Yönetmelik];Madde 45 / Madde 7(10);ödül|kapsam dýþý|mansiyon|üniversite ödülü;easy
581;Akademik Teþvik Ödeneði Yönetmeliði uyarýnca en yüksek Devlet memuru brüt aylýðý tutarý nasýl tanýmlanmýþtýr?;"En yüksek Devlet memuru brüt aylýðý; 1.500 aylýk gösterge rakamý ile 8.000 ek gösterge rakamýnýn toplamý olan 9.500 gösterge rakamýnýn, memur aylýk katsayýsý ile çarpýmý sonucu bulunan tutardýr. Bu tutar akademik teþvik ödemesi formülünde temel bir çarpan olarak yer alýr. Ödeme miktarý bu brüt tutarýn kadro unvan oranlarý (%70-100 arasý) ve hesaplanan akademik teþvik puanýnýn yüze bölünmesiyle elde edilen katsayý ile çarpýlmasýyla hesaplanýr.";[Yönetmelik];Madde 3(ç) / Madde 8(1);brüt aylýk|gösterge|maaþ katsayýsý|hesaplama;hard
582;Akademik teþvik puaný hesaplanýrken her bir faaliyet türünün toplam teþvik puaný içindeki aðýrlýðý nasýl sýnýrlandýrýlmýþtýr?;Akademik teþvik puaný hesaplanýrken her bir akademik faaliyet türünün (proje, yayýn, atýf vb.) toplam puanýn hesaplanmasýndaki aðýrlýðý, akademik teþvik toplam puanýnýn %30’unu geçemez. Toplam akademik teþvik puaný ise hiçbir durumda 100 puaný aþamaz. Bu kural, araþtýrmacýlarýn sadece tek bir alanda üretim yapmak yerine farklý akademik faaliyet alanlarýnda dengeli bir þekilde yer almasýný teþvik etmek amacýyla uygulanmaktadýr. Her kategori için Tablo 4'teki üst sýnýrlar geçerlidir.;[Yönetmelik];Madde 1(1) / Madde 8(3);üst sýnýr|aðýrlýk|puanlama|toplam puan;med
583;Üst komisyon üyeleri hangi kriterlere göre ve hangi süreyle görev yapmak üzere üniversite senatosu tarafýndan seçilir?;"Akademik Teþvik Düzenleme, Denetleme ve Ýtiraz Komisyonu üyeleri; yüksek akademik teþvik puanýna sahip öðretim üyeleri arasýndan, her doçentlik temel alanýndan en az bir kiþi olmak üzere rektörün önereceði üç aday arasýndan senato tarafýndan seçilir. Komisyon, baþkan hariç en az dört üyeden oluþmak koþuluyla iki yýl süreyle seçilir. Süresi biten üyeler yeniden seçilebilir; komisyonun baþkanlýðýný ise rektör tarafýndan görevlendirilen bir rektör yardýmcýsý yürütür.";[Yönetmelik];Madde 4(1);üst komisyon|seçim|senato|görev süresi;med
584;Birim akademik teþvik baþvuru ve inceleme komisyonu üyeleri hangi makam tarafýndan seçilir ve asgari kaç kiþiden oluþur?;Birim komisyonu, yükseköðretim kurumlarýnýn her bölüm, anabilim dalý veya anasanat dalý baþkanlýklarý bünyesinde en az üç üyeden oluþacak þekilde kurulur. Komisyon üyeleri ilgili birimin Yönetim Kurulu tarafýndan, yüksek akademik teþvik puanýna sahip olan öðretim elemanlarý arasýndan iki yýl için seçilir. Bölümde yeterli öðretim elemaný bulunmamasý halinde üyeler yakýn alanlardaki öðretim elemanlarý ile tamamlanabilir. Birim baþkaný komisyonun doðal baþkanýdýr ve faaliyetlerin yönetmeliðe uygun deðerlendirilmesinden sorumludur.;[Yönetmelik];Madde 5(1);birim komisyonu|seçim|yönetim kurulu|görev süresi;med
585;Akademik teþvik komisyonlarýnda kararlarýn alýnmasý ve oylama usulü ile ilgili uygulanan temel yasak ve kurallar nelerdir?;Hem üst komisyon hem de birim komisyonlarý, baþkan dahil üye tam sayýsýnýn salt çoðunluðu ile toplanýr ve katýlanlarýn salt çoðunluðu ile karar alýr. Oylarýn eþit olmasý halinde komisyon baþkanýnýn oyu yönünde karar verilmiþ sayýlýr. En kritik kurallardan biri, komisyon üyelerinin oylama sýrasýnda hiçbir þekilde çekimser oy kullanamayacak olmalarýdýr. Kararlar tutanak altýna alýnmalý ve deðerlendirme raporlarýnda yapýlan puan deðiþiklikleri gerekçeleriyle birlikte açýklanmalýdýr.;[Yönetmelik];Madde 4(2) / Madde 5(2);oylama|çekimser oy|karar yeter sayýsý|komisyon;hard
586;Çok isimli yayýn, teblið ve patentler için uygulanan (k) katsayýsý kiþi sayýsýna göre nasýl deðiþmektedir?;"Çok isimli faaliyetlerde (k) katsayýsý Tablo 1'e göre belirlenir: 1 kiþi için 1; 2 kiþi için 0,8; 3 kiþi için 0,6; 4 kiþi için 0,45; 5 kiþi için 1/5; 6 kiþi için 1/6; 7 veya daha fazla kiþi için ise 1/kiþi sayýsý olarak uygulanýr. Bu katsayý, faaliyetin toplam puaný ile çarpýlarak her bir araþtýrmacýnýn bireysel puanýna ulaþýlmasýný saðlar. Bu paylaþým usulü, ortak yürütülen akademik çalýþmalarýn adil puanlanmasý amacýyla yönetmelikte standartlaþtýrýlmýþtýr.";[Yönetmelik];Madde 8(4) / Tablo 1;k katsayýsý|yazar sayýsý|puanlama|paylaþým;easy
587;Projelerde görev alan öðretim elemanlarýnýn puaný hesaplanýrken kullanýlan (r) katsayýsý rollere göre nasýl belirlenmiþtir?;"Akademik teþvik projelerinde (r) katsayýsý Tablo 2'de belirlenmiþtir: Projenin 'Yürütücüsü' olan öðretim elemaný için r=1 katsayýsý uygulanýrken; projede 'Araþtýrmacý' veya 'Bursiyer' olarak görev yapanlar için r=0,5 katsayýsý uygulanýr. Bu katsayý projenin türüne göre belirlenen faaliyet oraný ile çarpýlarak araþtýrmacýnýn o projeden alacaðý puanýn hesaplanmasýnda kullanýlýr. Sadece baþarýyla sonuçlanmýþ ve sonuç raporu onaylanmýþ projeler için bu katsayýlar üzerinden puanlama yapýlýr.";[Yönetmelik];Madde 8(5) / Tablo 2;r katsayýsý|proje rolü|yürütücü|araþtýrmacý;easy
588;SCI-Expanded, SSCI ve AHCI kapsamýndaki dergilerde yayýmlanan makaleler için kullanýlan (p) katsayýsý neye göre belirlenir?;"p katsayýsý, makalenin yayýmlandýðý yýl için derginin ISI Web of Science Çeyreklik (Quartile/Q) sýnýflandýrmasýna göre belirlenir: Q1 için 1; Q2 için 0,8; Q3 için 0,5; Q4 için 0,25 uygulanýr. AHCI kapsamýndaki dergiler için katsayý sabit 0,5 olarak uygulanýr. Eðer bir derginin Q deðeri henüz belirlenmemiþse en alt katsayý olan 0,25 deðeri esas alýnýr. Araþtýrmacýlarýn WOS üzerinden aldýklarý güncel Q deðerini gösteren belgeleri FUATS sistemine yüklemeleri zorunludur.";[Yönetmelik];Madde 8(6) / Tablo 3;p katsayýsý|quartile|Q deðeri|wos;hard
589;Akademik teþvik ödeneði hangi vergiden muaftýr ve diðer tazminatlarýn hesabýnda bir matrah olarak dikkate alýnýr mý?;Akademik teþvik ödeneði, damga vergisi hariç herhangi bir vergiye tabi tutulmaz. Ayrýca bu ödenek ilgili mevzuatý uyarýnca ödenmekte olan zam, tazminat, ödenek, döner sermaye ek ödemesi, ikramiye ve ücret gibi benzeri ödemelerin hesabýnda kesinlikle dikkate alýnmaz. Yani diðer yan ödemelerin matrahýna dahil edilmez ve onlardan baðýmsýz bir kalem olarak Þubat ayýndan itibaren 12 ay boyunca ödenir. Ödeme yapýlabilmesi için personelin aktif olarak aylýk alýyor olmasý þarttýr.;[Yönetmelik];Madde 10(2);vergi muafiyeti|damga vergisi|ek ödeme|mali hükümler;med
590;Akademik teþvik baþvurusu sýrasýnda yapýlan yanlýþ veya yanýltýcý beyanlarýn tespit edilmesi durumunda hangi yaptýrýmlar uygulanýr?;Ödeme yapýldýktan sonra dahi, faaliyetlerin gerçeðe aykýrý olduðu veya yönetmelik kapsamýna girmediði tespit edilirse yapýlan tüm ödemeler kanuni faiziyle birlikte geri alýnýr. Ayrýca yanlýþ veya yanýltýcý bildirimde bulunanlar hakkýnda komisyonun tespitiyle idari inceleme baþlatýlýr ve cezai müeyyidelerin uygulanmasý gerekirse genel hukuk hükümleri uygulanýr. Bu süreç, araþtýrmacýlarýn beyan ettikleri her türlü verinin ve sunduklarý dijital kanýtlarýn doðruluðundan þahsen sorumlu olduklarýný vurgulamaktadýr.;[Yönetmelik];Madde 10(5);yanlýþ beyan|yaptýrým|geri alma|kanuni faiz;hard
591;Milli Savunma Üniversitesi ve Polis Akademisi kadrolarýndaki öðretim elemanlarý akademik teþvik yönetmeliði hükümlerine tabi midir?;"Evet, Akademik Teþvik Ödeneði Yönetmeliði hükümleri Milli Savunma Üniversitesi, Jandarma ve Sahil Güvenlik Akademisi ile Polis Akademisi kadrolarýnda bulunan öðretim elemanlarý hakkýnda da aynen uygulanýr. Bu kurumlardaki akademik teþvik düzenleme, denetleme ve itiraz süreçlerine iliþkin hususlar; ilgisine göre rektör veya akademi baþkanlarý tarafýndan yönetmelik çerçevesinde belirlenir. Bu personel de devlet üniversitelerindeki meslektaþlarý gibi ayný faaliyet türleri ve puanlama esaslarý üzerinden teþvikten yararlanma hakkýna sahiptir.";[Yönetmelik];Madde 1(2) / Madde 9(1);MSÜ|polis akademisi|jandarma|kapsam;med
592;Dergilerin 'Alan Ýndeksi' kategorisinde puanlanabilmesi için hangi kurumlarýn tanýmladýðý ve onayladýðý listeler esas alýnmaktadýr?;Alan indeksleri, Üniversitelerarasý Kurul (ÜAK) Baþkanlýðý tarafýndan hazýrlanýp Yükseköðretim Kurulunca onaylanan doçentlik baþvurusu kriterlerindeki endeksleri ifade eder. Bu kapsamda puanlama yapýlabilmesi için derginin ilgili alan indeksine girdiðini gösteren ÜAK sayfasýndan alýnmýþ belgenin FUATS sistemine yüklenmesi þarttýr. Alan indeksi puanlamasý sadece Eðitim Bilimleri, Mimarlýk, Sosyal, Beþeri ve Ýdari Bilimler ile Spor Bilimleri gibi yönetmelikte tanýmlanan belirli temel alanlar için geçerlidir.;[Baþvuru Rehberi]|[Yönetmelik];Madde 3(b) / Madde 26;alan indeksi|üak|doçentlik|indeks;hard
593;Akademik teþvik kapsamýnda 'yurt dýþý araþtýrma' faaliyeti için aylýk bazda belirlenen faaliyet oraný nedir?;Yönetmeliðin Faaliyet Hesaplama Tablosu'na göre yurt dýþý araþtýrma faaliyetleri ay üzerinden deðerlendirilir ve her bir tam ay için faaliyet oraný 15 olarak belirlenmiþtir. Araþtýrmanýn puan alabilmesi için en az dört ay sürmesi þarttýr. Bu durumda dört aylýk bir yurt dýþý araþtýrma '15 x 4 = 60' oranýna sahip olur ve bu oran araþtýrma kategorisinin temel puaný olan 15 ile çarpýlarak (60% x 15) 9 puan kazandýrýr.;[Yönetmelik];Tablo 4 / Madde 7(3);araþtýrma|yurt dýþý|ay katsayýsý|puanlama;hard
594;TÜBÝTAK 1005 (Ulusal Yeni Fikirler ve Ürünler Araþtýrma Destek Programý) projesinde yürütücü olan birinin puan oraný kaçtýr?;Yönetmeliðin Faaliyet Hesaplama Tablosu'na göre TÜBÝTAK 1005 ve 3001 projeleri için faaliyet oraný 'r x 70' olarak belirlenmiþtir. Proje yürütücüsü için r katsayýsý 1 olduðundan, yürütücü bu projeden doðrudan 70 oranýnda puan alýr. Bu oran proje kategorisinin temel puaný olan 20 ile çarpýlarak (70% x 20) toplam 14 puan olarak teþvik puanýna yansýtýlýr. Projenin 2025 yýlýnda baþarýyla sonuçlanmýþ olmasý belgelenmelidir.;[Yönetmelik];Tablo 4 / Madde 8(5);tübitak 1005|proje|puanlama|yürütücü;med
595;Akademik teþvik baþvurusu sýrasýnda öðretim elemanlarýnýn 'Kurum Deðiþikliði Beyan Formu' sunmasý hangi durumda zorunludur?;Öðretim elemaný 2025 yýlý içerisinde baþka bir kurumdan (üniversite veya diðer kamu kurumlarý) naklen gelmiþ ise Kurum Deðiþikliði Beyan Formunun sunulmasý zorunludur. Bu formda araþtýrmacýnýn önceki kurumda ve üniversitemizde gerçekleþtirdiði faaliyetler ayrýntýlý olarak belirtilmelidir. Ayrýca YÖKSÝS çýktýsýnda her bir faaliyetin hangi kurum bünyesinde yapýldýðý da açýkça gösterilmelidir. Farklý kurumlarda gerçekleþtirilen faaliyetlerin deðerlendirilmesi, araþtýrmacýnýn þu an kadrosunun bulunduðu üniversitedeki komisyonca yapýlýr.;[Baþvuru Rehberi]|[Yönetmelik];Madde 8 / Madde 6(2);kurum deðiþikliði|beyan formu|naklen atama|yöksis;hard
596;Uluslararasý patentlerin akademik teþvik kapsamýnda deðerlendirilebilmesi için tescil belgesinde hangi teknik kriterler aranmaktadýr?;"Patent Ýþbirliði Antlaþmasý (PCT) kapsamýnda yapýlan baþvurularda; uluslararasý araþtýrma raporunun yazýlý görüþ kýsmýnda veya ön inceleme raporunda en az bir istemin patentlenebilirlik kriterlerini (yenilik, buluþ basamaðý, sanayiye uygulanabilirlik) saðladýðýnýn ifade edilmiþ olmasý þarttýr. Avrupa Patent Ofisi (EPO) tarafýndan verilen patentler de bu kapsamdadýr. Patentlerin tescil tarihinin 2025 yýlý olmasý esas alýnýr. Tescil belgesinin nüshasý veya yetkili mercilerce düzenlenen resmi onay raporu sisteme yüklenmelidir.";[Baþvuru Rehberi]|[Yönetmelik];Madde 33 / Madde 3(ö);patent|tescil|yenilik|buluþ basamaðý;hard
597;Birim akademik teþvik baþvuru ve inceleme komisyonunun kararlarýnda oylarýn eþitliði durumunda hangi kural iþletilir?;Birim akademik teþvik baþvuru ve inceleme komisyonu, baþkan dahil üye tam sayýsýnýn salt çoðunluðu ile toplanýr ve katýlanlarýn salt çoðunluðu ile karar alýr. Oylarýn eþit daðýlmasý durumunda komisyon baþkanýnýn oyu yönünde karar alýnmýþ sayýlýr. Komisyon üyelerinin oylama sýrasýnda çekimser oy kullanmalarý kesinlikle yasaktýr. Bu kural, üst komisyon olan Akademik Teþvik Düzenleme, Denetleme ve Ýtiraz Komisyonu için de Madde 4(2) uyarýnca aynen geçerlidir.;[Yönetmelik];Madde 5(2) / Madde 4(2);birim komisyonu|karar yeter sayýsý|oy eþitliði|çekimser oy;med
598;Ödül kategorisinde yer alan 'YÖK Yýlýn Doktora Tezi Ödülü' akademik teþvik puanlamasýnda kaç faaliyet oranýna sahiptir?;Yönetmeliðin Faaliyet Hesaplama Tablosu'na göre YÖK Yýlýn Doktora Tezi Ödülü %100 faaliyet oranýna sahiptir. Bu oran ödül kategorisinin temel puaný olan 20 ile çarpýldýðýnda araþtýrmacýya 20 tam puan kazandýrýr. Benzer þekilde TÜBÝTAK Bilim Ödülü ve TÜBA Akademi Ödülü de %100 oran ile deðerlendirilir. Ödülün 2025 yýlýnda verilmiþ olmasý ve yetkili mercilerce onaylanmýþ belgesinin sisteme yüklenmesi þarttýr.;[Yönetmelik];Tablo 4 (Ödül);yök ödülü|doktora tezi|puanlama|ödül;easy
599;Akademik teþvik baþvurusu sýrasýnda öðretim elemanlarý kanýtlayýcý belgelerini fiziksel dosya olarak teslim etmeli midir?;Hayýr, akademik teþvik baþvurularýnda öðretim elemanlarý sadece YÖKSÝS ve FUATS sistem çýktýlarýný imzalayarak fiziksel olarak birimlerine teslim edeceklerdir. Faaliyetlere iliþkin tüm örnek, kanýt ve belgeler ise sadece elektronik ortamda FUATS sistemi (https://akademiktesvik.firat.edu.tr) üzerinden sunulmalýdýr. Fiziksel dosya veya kanýt dökümaný teslimi yapýlmayacaðý takvimde açýkça belirtilmiþtir. Ýnceleme komisyonlarý tüm deðerlendirmeleri bu dijital belgeler üzerinden yapacaktýr.;[Takvim]|[Baþvuru Rehberi];02-11 Ocak 2026;kanýt|elektronik sunum|belge teslimi|fuats;easy
600;Ýlan edilen akademik teþvik sonuçlarýna karþý yapýlacak itirazlarýn deðerlendirilmesi ve nihai karara baðlanmasý ne kadar sürer?;Üst komisyon tarafýndan alýnan itirazlar, itiraz süresinin bittiði tarihten itibaren en geç beþ iþ günü içerisinde deðerlendirilerek nihai karara baðlanýr. Fýrat Üniversitesi 2026 takvimine göre bu süreç 01-05 Þubat 2026 tarihleri arasýndadýr. Komisyonun itirazlar sonucunda vereceði bu kararlar kesindir ve üniversite bünyesinde baþka bir itiraz merci bulunmamaktadýr. Kesinleþen listeler 06 Þubat tarihinde ödeme birimlerine bildirilir.;[Takvim]|[Yönetmelik];Madde 6(6) / 01-05 Þubat 2026;itiraz|nihai karar|üst komisyon|takvim;med
601;Hangi tür ses veya görüntü kayýtlarý akademik teþvik kapsamýnda 'yayýn' kategorisinde puanlanabilmektedir?;Dergilerdeki yayýnlarýn yaný sýra ses ve görüntü kayýtlarý da teþvik kapsamýndadýr. Ulusal ve uluslararasý boyutta performansa dayalý ses ve görüntü kayýtlarýnýn deðerlendirilmesinde mutlaka yayýmlanmýþ olma koþulu aranýr. Uluslararasý boyutta kiþisel veya karma kayýtlar ile ulusal boyutta kiþisel kayýtlar puanlamaya dahildir. Müzik ve Konservatuvar bölümleri için CD, DVD veya benzeri ortamdaki kayýtlara yönelik bandrol belgesinin sunulmasý zorunludur.;[Yönetmelik]|[Baþvuru Rehberi];Madde 7(4) / Madde 28;ses kaydý|görüntü kaydý|bandrol|yayýn;med
602;Dergilerde yayýmlanan 'vaka takdimi' veya 'editöre mektup' gibi kýsa makaleler akademik teþvik puanlamasýnda nasýl hesaplanmaktadýr?;SCI, SCI-Expanded, SSCI ve AHCI kapsamýndaki dergilerde müstakil yayýmlanmýþ vaka takdimi, editöre mektup, teknik not, araþtýrma notu ve kitap eleþtirisi gibi kýsa makaleler puanlamaya dahildir. Bu tür yayýnlar için 'k x p x 30' (A1/A3 alanlarý) veya 'k x p x 40' (A2/A4 alanlarý) formülü uygulanýr. Bu oranlar, tam araþtýrma makalesi puanýnýn yarýsýna denk gelmektedir. Puanlama için yayýnýn cilt/sayfa numarasý alarak yayýmlanmýþ olmasý zorunludur.;[Yönetmelik];Madde 8(6) / Tablo 4;kýsa makale|vaka takdimi|puanlama|hesaplama;hard
603;Ayný yayýn veya esere bir kitabýn farklý bölümlerinde yapýlan atýflar akademik teþvik puanlamasýnda nasýl sayýlmaktadýr?;Ayný yayýn veya esere bir kitabýn farklý bölümlerinde veya kýsýmlarýnda yapýlan atýflar normal þartlarda yalnýzca bir atýf olarak deðerlendirilir. Ancak, bu kuralýn bir istisnasý mevcuttur: Eðer kitabýn her bir bölümünün yazarlarý farklý ise, bu farklý bölümlerde ayný esere yapýlan her bir atýf için ayrý ayrý puan deðerlendirmesi yapýlýr. Bu durumun belgelenmesi için kitabýn içindekiler sayfasý ve ilgili kaynakça sayfalarýnýn FUATS sistemine yüklenmesi araþtýrmacýnýn sorumluluðundadýr.;[Baþvuru Rehberi]|[Yönetmelik];Madde 37 / Madde 7(8);atýf|mükerrer atýf|kitap bölümü|puanlama;hard
604;Sergi faaliyetlerinde 'tekrarlayan etkinlikler' için uygulanan puanlama kýsýtlamasý tam olarak nedir?;Ayný yýl içerisinde tekrar eden sergi, konser, festival ve gösteri gibi sanatsal etkinliklerin puanlanmasýnda en çok iki tekrar dikkate alýnýr. Ýlk etkinlik için tam puan verilirken, ikinci tekrar etkinlik için mevcut faaliyet puanýnýn yarýsý (%50'si) uygulanýr. Ýkiden fazla tekrar eden ayný içerikli faaliyetler için ise hiçbir puanlama yapýlmaz. Sergilerin deðerlendirilmesinde serginin açýldýðý ve tamamlandýðý tarih (2025 yýlý) esas alýnýr. Eðitim-öðretim ve öðrenci kulüpleri kapsamýndaki sergiler puanlanmaz.;[Baþvuru Rehberi]|[Yönetmelik];Madde 32 / Madde 7(6);sergi|tekrar|puanlama|kýsýtlama;med
605;Dergilerin 'Diðer uluslararasý hakemli dergiler' kategorisinde puanlanabilmesi için hangi yayýn süresi þartýný saðlamasý gerekir?;Bir derginin bu kategoride deðerlendirilebilmesi için en az beþ yýldýr yýlda en az bir sayý ile düzenli olarak yayýmlanýyor olmasý þarttýr. Ayrýca derginin editör veya yayýn kurulunun uluslararasý olmasý, bilimsel deðerlendirme sürecinin internet sayfasýnda ilan edilmiþ olmasý ve yayýmlanmýþ makale künyelerine dijital olarak ulaþýlabilmesi gerekir. Yayýn hayatý beþ yýldan az olan dergilerde çýkan makaleler teþvik kapsamýna dahil edilmez. Araþtýrmacýlar derginin arþiv bilgilerini FUATS üzerinden beyan etmelidir.;[Baþvuru Rehberi]|[Yönetmelik];Madde 21 / Madde 7(4);dergi|yayýn süresi|uluslararasý|kriter;med
606;Tebliðlerin sunulduðu etkinliðin uluslararasý niteliðini teyit etmek amacýyla ödemeye esas hangi resmi belge gereklidir?;Bir tebliðin sunulduðu etkinliðin uluslararasý sayýlabilmesi için beþ farklý ülkeden konuþmacý katýlýmý gibi teknik kriterlerin yaný sýra resmi bir onay þartý vardýr. Etkinliðin uluslararasý niteliði haiz olup olmadýðý hususunda, ödemeye esas teþkil etmek üzere mutlaka 'üniversite yönetim kurulu kararý' bulunmalýdýr. Bu karar bulunmayan etkinliklerde sunulan tebliðler, diðer þartlarý saðlasa dahi uluslararasý kategoride puanlanmaz. Araþtýrmacýlarýn bu kararý veya teyit belgesini kanýt olarak sisteme yüklemeleri zorunludur.;[Baþvuru Rehberi]|[Yönetmelik];Madde 40 / Madde 7(9);teblið|yönetim kurulu|onay|uluslararasý;hard
607;Güzel Sanatlar temel alanýndaki 'A4' branþlarý için uluslararasý kiþisel ses veya görüntü kaydý kaç puan oranýna sahiptir?;Faaliyet Hesaplama Tablosu'na göre, sadece A4 (Güzel Sanatlar) temel alaný için geçerli olan uluslararasý boyutta performansa dayalý yayýmlanmýþ kiþisel ses ve/veya görüntü kayýtlarý için faaliyet oraný 20 olarak belirlenmiþtir. Karma ses veya görüntü kayýtlarýnda ise bu oran 10'dur. Bu kayýtlarýn puanlanabilmesi için 2025 yýlý içerisinde yayýmlanmýþ olmasý ve Müzik/Konservatuvar bölümleri için bandrol belgesinin sunulmasý þarttýr. Diðer temel alanlarda ses kaydý için oran tanýmlanmamýþtýr.;[Yönetmelik];Tablo 4 / Madde 8(7);ses kaydý|güzel sanatlar|A4 alaný|puanlama;hard
608;TÜBÝTAK projeleri için akademik teþvik baþvurusu sýrasýnda FUATS sistemine bilimsel kurul deðerlendirme raporu yüklenmeli midir?;Baþvuru Rehberi'nin 13. maddesine göre bilimsel kurul deðerlendirme raporlarý TÜBÝTAK projeleri için geçerli deðildir ve sisteme yüklenmesi zorunlu tutulmamýþtýr. TÜBÝTAK projeleri için sadece destekleyen kuruluþ (TÜBÝTAK) tarafýndan projenin sonuçlandýðýný veya kapatýldýðýný gösteren onaylý resmi belgenin sunulmasý yeterlidir. Ancak TÜBÝTAK dýþýndaki diðer ulusal veya uluslararasý özel/resmi kurum ve kuruluþlar tarafýndan desteklenen Ar-Ge projeleri için bu tür deðerlendirme raporlarýnýn sunulmasý gerekebilir.;[Baþvuru Rehberi];Madde 13;tübitak|proje belgeleri|deðerlendirme raporu|fuats;med
609;Akademik teþvik puaný hesaplanýrken iki yazarlý bir makale veya patent için 'k' katsayýsý deðeri kaçtýr?;Yönetmelikte yer alan Tablo 1'e göre, çok isimli yayýnlarda (makale, derleme, kitap) ve patentlerde yazar sayýsý iki olduðunda uygulanacak 'k' katsayýsý 0,8 olarak belirlenmiþtir. Bu katsayý faaliyet türü için belirlenen temel oran ile çarpýlarak bireysel puanýn hesaplanmasýnda kullanýlýr. Tek yazarlý bir eserde katsayý tam deðer olan 1 iken, yazar sayýsý arttýkça katsayý düþmektedir. Üç kiþi için 0,6, dört kiþi için 0,45 katsayýsý uygulanýr.;[Yönetmelik];Madde 8(4) / Tablo 1;k katsayýsý|iki isimli|paylaþým|hesaplama;easy
610;Özel bir paylaþým oraný bulunmayan karma sanatsal etkinliklerde puanlama kiþi sayýsýna bölünür mü?;"Normalde çok katýlýmcý faaliyetlerde oran/kiþi sayýsý dikkate alýnýrken; sergi faaliyet türündeki karma etkinlikler ile uluslararasý boyutta performansa dayalý yayýmlanmýþ karma ses veya görüntü kayýtlarý bu kuraldan muaftýr. Bu tür faaliyetlerde katýlýmcý sayýsýna bakýlmaksýzýn her bir öðretim elemanýna tam puan verilir. Bu istisna dýþýnda kalan tüm akademik faaliyetlerde (yayýn, teblið, patent vb.) yazar sayýsýna göre belirlenen (k) katsayýsý üzerinden puan paylaþýmý yapýlmasý zorunludur.";[Yönetmelik];Madde 8(7);karma etkinlik|istisna|kiþi sayýsý|ses kaydý;"hard"""
611;Fýrat Üniversitesi öðretim elemanlarýnýn 2025 yýlý faaliyetleri için akademik teþvik baþvurularýný hangi tarihler arasýnda yapmalarý gerekmektedir?;Öðretim elemanlarý akademik teþvik baþvurularýný 02-11 Ocak 2026 tarihleri arasýnda kadrolarýnýn bulunduðu yükseköðretim kurumunun ilgili birim komisyonuna yapmalýdýr,. Baþvurular YÖKSÝS çýktýsý ile birlikte FU Akademik Teþvik Sistemi (FUATS) üzerinden gerçekleþtirilir. Araþtýrmacýlarýn sadece imzalý YÖKSÝS ve FUATS çýktýlarýný birimlerine teslim etmeleri yeterlidir,. Tüm kanýtlayýcý belgeler ise fiziksel dosya yerine elektronik ortamda sistem üzerinden sunulur. Süresi dýþýnda yapýlan baþvurular deðerlendirmeye alýnmaz.;[Takvim]|[Baþvuru Rehberi];02-11 Ocak 2026;baþvuru|tarih|fuats|yöksis;easy
612;Birim akademik teþvik baþvuru ve inceleme komisyonlarý kendilerine iletilen baþvurularý hangi tarihler arasýnda inceleyerek sisteme giriþlerini tamamlamalýdýr?;Öðretim elemanlarýnca yapýlan baþvurularýn birim akademik teþvik baþvuru ve inceleme komisyonu tarafýndan incelenmesi 12-15 Ocak 2026 tarihleri arasýnda FUATS sistemi üzerinden yapýlýr,. Teþvik almaya hak kazananlarýn verileri 15 Ocak 2026 tarihinde sisteme girilmelidir. Ayný gün YÖKSÝS ve FUATS sistem çýktýlarý ilgili Dekanlýk veya Müdürlüklere gönderilir,. Bu aþama baþvurularýn üniversite düzeyindeki üst komisyona iletilmesinden önceki resmi kontrol sürecini ifade eder. Komisyon faaliyetleri yönetmelik hükümlerine uygun deðerlendirmekle yükümlüdür.;[Takvim]|[Baþvuru Rehberi]|[Yönetmelik];12-15 Ocak 2026;birim komisyonu|inceleme|veri giriþi|onay;med
613;Akademik Teþvik Düzenleme Denetleme ve Ýtiraz Komisyonu tarafýndan baþvurularýn deðerlendirilmesi ve ilk sonuçlarýn ilan edilmesi ne zaman gerçekleþecektir?;Akademik Teþvik Düzenleme, Denetleme ve Ýtiraz Komisyonu baþvurularý 17-24 Ocak 2026 tarihleri arasýnda deðerlendirir,. Deðerlendirme süreci tamamlandýktan sonra teþvik almaya hak kazanan öðretim elemanlarý 25 Ocak 2026 tarihinde ilan edilir. Ýlan iþlemi FU Akademik Teþvik Sistemi (FUATS) üzerinden gerçekleþtirilir,. Bu ilan araþtýrmacýlarýn kazandýklarý puanlarý ve deðerlendirme detaylarýný görmelerini saðlar. Ýlan edilen sonuçlar araþtýrmacýlar için yasal itiraz süresinin baþlangýcýdýr.;[Takvim]|[Baþvuru Rehberi];17-25 Ocak 2026;ilan|üst komisyon|deðerlendirme|sonuç;easy
614;Ýlan edilen akademik teþvik sonuçlarýna karþý yapýlacak itirazlar hangi tarihlerde ve hangi yöntemle ilgili makama teslim edilmelidir?;Üst komisyon tarafýndan ilan edilen sonuçlara karþý yapýlacak itirazlar 26-30 Ocak 2026 tarihleri arasýnda kabul edilir,. Ýtiraz dilekçelerinin mutlaka Rektör Yardýmcýlýðý Makamýna þahsen ve elden teslim edilmesi zorunludur. Yönetmelik ve takvim hükümleri uyarýnca posta, kargo veya e-posta yoluyla yapýlan itirazlar kesinlikle iþleme alýnmaz,. Sunulan itirazlar üst komisyon tarafýndan 01-05 Þubat 2026 tarihleri arasýnda incelenerek nihai karara baðlanýr. Kararlar verildikten sonra sonuçlar kesinleþmiþ kabul edilir.;[Takvim]|[Baþvuru Rehberi]|[Yönetmelik];26-30 Ocak 2026;itiraz|dilekçe|rektör yardýmcýsý|elden teslim;med
615;Akademik teþvik ödeneði almaya hak kazanan araþtýrmacýlarýn kesin listeleri hangi tarihte oluþturularak ödeme birimlerine bildirilmektedir?;Akademik teþvik süreci itirazlarýn deðerlendirilmesiyle tamamlandýktan sonra 06 Þubat 2026 tarihinde kesin listeler oluþturulur,. Bu listeler teþvik almaya hak kazanan öðretim elemanlarýna ödeme yapýlabilmesi amacýyla harcama birimlerine bildirilir. Ödemeler ilgili yýlýn Þubat ayýnýn on beþinden itibaren baþlatýlýr ve on iki ay boyunca devam eder. Ödeme yapýlabilmesi için araþtýrmacýnýn hesaplanan puanýnýn en az otuz olmasý þarttýr. Bu tarihten sonra listeler üzerinde herhangi bir deðiþiklik yapýlamaz.;[Takvim]|[Baþvuru Rehberi]|[Yönetmelik];06 Þubat 2026;kesin liste|ödeme|harcama birimi|takvim;easy
616;Akademik teþvik baþvurusu sýrasýnda sunulacak YÖKSÝS ve FUATS sistem çýktýlarýnýn imzalanmasý ile ilgili uymasý gereken zorunlu kural nedir?;Akademik teþvik ödeneði baþvurusunda bulunacak araþtýrmacýlarýn YÖKSÝS çýktýsýný ve FUATS sistem çýktýsýný sunmalarý zorunludur. Bu dökümanlarýn her sayfasýnýn araþtýrmacý tarafýndan ýslak imzalý olarak sunulmasý þarttýr. Sadece son sayfanýn imzalanmasý veya imzasýz belge teslimi baþvurunun geçersiz sayýlmasýna neden olur. Ýmzalý dökümanlar birim komisyonlarýna teslim edilirken, faaliyetlere iliþkin kanýtlayýcý belgeler ise fiziksel dosya yerine elektronik ortamda sistem üzerinden sunulur,. Ýmza sorumluluðu tamamen araþtýrmacýya aittir.;[Baþvuru Rehberi];Madde 8;imza|yöksis|fuats|baþvuru;easy
617;Vakýf üniversitelerinden devlet üniversitelerine geçen öðretim elemanlarýnýn akademik teþvik baþvurusu yaparken tabi olduklarý temel kýsýtlama nedir?;Vakýf yükseköðretim kurumlarýndan devlet yükseköðretim kurumlarý kadrolarýna geçen öðretim elemanlarý için sadece devlet kurumlarýnda gerçekleþtirilen faaliyetler esas alýnýr. Vakýf üniversitesinde görevli olunan dönemde üretilen yayýnlar veya projeler teþvik puanlamasýna dahil edilmez. Bu araþtýrmacýlarýn YÖKSÝS çýktýlarýnda her faaliyetin hangi kurum bünyesinde yapýldýðýný göstermeleri zorunludur. Ayrýca araþtýrmacýnýn Kurum Deðiþikliði Beyan Formunu baþvuru dosyasýna eklemesi gerekmektedir. Teþvik sistemi sadece devlet kaynaklý bilimsel üretimi desteklemektedir.;[Baþvuru Rehberi]|[Yönetmelik];Sayfa 7 / Madde 6(7);vakýf üniversitesi|kurum deðiþikliði|devlet üniversitesi|kýsýtlama;hard
618;Döner sermaye üzerinden yürütülen dýþ kaynaklý projelerin akademik teþvik kapsamýnda puanlanabilmesi için gereken asgari þartlar nelerdir?;Döner sermaye üzerinden yapýlan projelerin deðerlendirilebilmesi için projenin mutlaka Ar-Ge niteliði taþýmasý þarttýr. Ayrýca toplam proje süresinin dokuz aydan az olmamasý gerekmektedir. Projenin maddi desteðinin mutlaka üniversiteye aktarýlmýþ olmasý ve 2025 yýlý içerisinde baþarý ile sonuçlandýrýlmýþ olmasý zorunluluktur,. Sonuç raporu yetkili mercilerce onaylanmamýþ projeler puanlanamaz. Süresi dokuz aydan az olan veya Ar-Ge niteliði olmayan döner sermaye iþleri kapsam dýþýdýr.;[Baþvuru Rehberi]|[Yönetmelik];Madde 11 / Madde 7(2);döner sermaye|proje|Ar-Ge|süre;hard
619;Yükseköðretim kurumlarý tarafýndan desteklenen Bilimsel Araþtýrma Projeleri (BAP) akademik teþvik puanlamasý kapsamýnda nasýl deðerlendirilmektedir?;Yükseköðretim kurumlarý tarafýndan desteklenen bilimsel araþtýrma projeleri (BAP) akademik teþvik kapsamýnda deðerlendirmeye alýnmaz,. Benzer þekilde TÜBÝTAK-1002 projeleri, araþtýrma altyapýsý oluþturma projeleri ve öðrenci projeleri de kapsam dýþý býrakýlmýþtýr. Araþtýrmacýlarýn bu projeleri FUATS sistemine puan almak amacýyla girmemeleri gerekir. Sadece yönetmelikte açýkça belirtilen TÜBÝTAK akademik destekleri ve dokuz aydan uzun süren dýþ kaynaklý Ar-Ge projeleri puanlanabilir.;[Baþvuru Rehberi]|[Yönetmelik];Madde 12 / Madde 7(2);BAP|proje|kapsam dýþý|tübitak 1002;easy
620;Araþtýrma faaliyetinin akademik teþvik puaný alabilmesi için gereken asgari süre ve resmi görevlendirme þartý nedir?;Araþtýrma faaliyetinin deðerlendirilebilmesi için araþtýrmacýnýn kurum dýþýnda en az dört ay süreyle tam zamanlý görevlendirilmiþ olmasý þarttýr,. Bu görevlendirme için mutlaka Üniversite Yönetim Kurulu tarafýndan resmi bir izin kararý alýnmýþ olmalýdýr,. Dört aydan az süren araþtýrmalar kesinlikle deðerlendirmeye alýnmaz,. Ayrýca araþtýrmanýn 2025 yýlý içerisinde tamamlanmýþ ve sonuç raporunun ilgili kurumca baþarýlý bulunarak onaylanmýþ olmasý zorunluluktur,.;[Baþvuru Rehberi]|[Yönetmelik];Madde 16 / Madde 7(3);araþtýrma|süre|görevlendirme|yönetim kurulu;med
621;Kitaplarýn akademik teþvik kapsamýnda yayýn olarak puanlanabilmesi için sahip olmasý gereken zorunlu numara ve belgeler nelerdir?;Kitaplarýn deðerlendirilebilmesi için ISBN (Uluslararasý Standart Kitap Numarasý) numarasýna sahip olmasý esastýr,. Kitap yazarlýðý, bölüm yazarlýðý veya editörlük faaliyetleri yayýneviyle yapýlan sözleþme veya davet mektubu ile belgelenmelidir,. Kitabýn mutlaka 2025 takvim yýlý içerisinde yayýmlanmýþ olmasý gerekmektedir,. Daha önce deðerlendirilen bir kitabýn yeni baskýsý puanlamaya dahil edilmez. Soru kitaplarý ve küratörlük kitaplarý ise kapsam dýþý tutulmuþtur,.;[Baþvuru Rehberi]|[Yönetmelik];Madde 19 / Madde 7(4);kitap|ISBN|yayýn|sözleþme;easy
622;Tanýnmýþ uluslararasý yayýnevi sayýlabilmesi için bir yayýnevinin faaliyet süresi ve yayýn dili ile ilgili kriterleri nelerdir?;Tanýnmýþ uluslararasý yayýnevi, en az beþ yýldýr uluslararasý düzeyde düzenli faaliyet yürüten yayýnevidir. Ayrýca Türkçe dýþýndaki dillerde ayný alanda farklý yazarlara ait en az yirmi kitap yayýmlamýþ olmasý þarttýr,. Bu kriterleri saðlamayan yayýnevlerinden çýkan eserler uluslararasý kategoride puanlanamaz. Araþtýrmacýlarýn yayýnevinin bu özellikleri taþýdýðýný gösteren belgeleri veya internet sayfasý dökümanlarýný FUATS sistemine yüklemeleri zorunludur. Sadece Türkçe yayýn yapanlar bu kapsamda deðerlendirilmez.;[Baþvuru Rehberi]|[Yönetmelik];Madde 20 / Madde 3(l);uluslararasý yayýnevi|dil þartý|kitap sayýsý|yayýn;hard
623;Dergilerde gerçekleþtirilen editörlük faaliyetlerinde puanlama yapýlýrken uygulanan temel kýsýtlamalar ve kurallar nelerdir?;Dergilerde editörlük faaliyetinde, yýllýk yayýnlanan dergi sayýsýna bakýlmaksýzýn sadece bir editörlük görevi dikkate alýnýr,. Çok editörlü dergilerde sadece baþ editör teþvikten yararlanabilir,. Yardýmcý editörlükler veya alan editörlükleri puanlanmaz. Ayrýca editör kurulu üyelikleri yönetmelik deðiþikliði ile tamamen teþvik kapsamýndan çýkartýlmýþtýr. Araþtýrmacýlarýn editör olduklarýný gösteren web sitesi ekran görüntüsünü ve dergi indeks bilgisini sisteme yüklemeleri þarttýr.;[Baþvuru Rehberi]|[Yönetmelik];Madde 25 / Madde 7(4);editörlük|baþ editör|kýsýtlama|dergi;med
624;Müzik ve Konservatuvar bölümleri için ses veya görüntü kayýtlarýnýn deðerlendirilmesinde sunulmasý gereken zorunlu belge nedir?;Müzik ve Konservatuvar bölümleri için performansa dayalý etkinliklerin ulusal veya uluslararasý niteliðini gösteren belgeler sunulmalýdýr. Özellikle CD, DVD veya benzeri ortamdaki kayýtlara yönelik bandrol verildiðini gösterir belgenin sunulmasý zorunluluktur. Ulusal veya uluslararasý boyutta performansa dayalý kayýtlarýn deðerlendirilmesinde yayýmlanmýþ olma koþulu aranýr,. Bestecilik veya yorumculuk gibi faaliyetlerde de etkinliðin 2025 yýlýnda yayýmlandýðý kanýtlanmalýdýr. Bandrolü bulunmayan kayýtlar kapsam dýþýdýr.;[Baþvuru Rehberi]|[Yönetmelik];Madde 28 / Madde 7(4);ses kaydý|bandrol|müzik|konservatuvar;med
625;Tasarým faaliyetlerinin akademik teþvik puaný alabilmesi için ticarileþme veya tescil ile ilgili þartlar nelerdir?;Tasarýmýn deðerlendirilebilmesi için bilim, teknoloji ve sanata katký saðlayýcý nitelikte ve araþtýrmacýnýn kendi alaný ile ilgili olmasý þarttýr,. Tasarýmýn kamu kurumlarý veya özel hukuk tüzel kiþileriyle yapýlan sözleþme uyarýnca uygulanmýþ veya ticarileþtirilmiþ olmasý zorunludur,. Ayrýca tasarýmýn 2025 yýlý içerisinde uygulamaya konulmuþ veya tescil edilmiþ olmasý gerekmektedir,. Tescilsiz veya ticarileþmemiþ taslak aþamasýndaki çizimler puanlanmaz. Baþvuru sýrasýnda tasarým dosyasý ve uygulama belgesi sunulmalýdýr.;[Baþvuru Rehberi]|[Yönetmelik];Madde 30 / Madde 7(5);tasarým|ticarileþme|tescil|sözleþme;hard
626;Sergi faaliyetlerinin uluslararasý sayýlabilmesi için hangi üniversite biriminin onay belgesi veya kararý gereklidir?;Bir serginin uluslararasý olarak deðerlendirilebilmesi için serginin uluslararasý nitelikte olduðunun ilgili bölüm, anabilim dalý veya anasanat dalý kurullarýnca onaylanmýþ olmasý þarttýr,. Araþtýrmacýlarýn bu birim kurullarýndan alýnan resmi onay kararýný veya tutanaðýný FUATS sistemine yüklemeleri zorunludur. Ayrýca sergi faaliyetlerinde sanata katký saðlayýcý nitelik aranýr ve serginin tamamlandýðý tarih esas alýnýr,. Eðitim-öðretim ve öðrenci kulüp faaliyetleri kapsamýndaki sergiler deðerlendirme dýþýdýr,.;[Baþvuru Rehberi]|[Yönetmelik];Madde 31 / Madde 7(6);sergi|uluslararasý|onay|kurul kararý;med
627;Patent faaliyetlerinde ulusal ve uluslararasý patentlerin puanlanabilmesi için aranan temel tescil þartý nedir?;Patentlerin deðerlendirilebilmesi için ulusal veya uluslararasý yetkili kurumlarca tescillenmiþ olmasý þarttýr. Patent tescil tarihinin mutlaka 2025 yýlý olmasý esas alýnýr,. Ulusal patentlerde inceleme raporu sonucunda Türk Patent ve Marka Kurumu tarafýndan verilen tesciller kabul edilir,. Ulusal incelemesiz patentler ise deðerlendirme kapsamý dýþýndadýr,. Birden fazla ülkede tescillenen ayný içerikli patentler için sadece bir kez baþvuru yapýlabilir.;[Baþvuru Rehberi]|[Yönetmelik];Madde 34 / Madde 7(7);patent|tescil|ulusal|uluslararasý;hard
628;Atýf faaliyetlerinin puanlanmasýnda 'self-citation' (öz-atýf) yasaðýna dair kurallar yönetmelikte nasýl düzenlenmiþtir?;"Akademik teþvik sisteminde araþtýrmacýnýn kendi yayýnlarýna veya eserlerine yaptýðý atýflar kesinlikle kapsam dýþýdýr,. Sadece baþvuru sahibinin yazar olarak yer almadýðý, baþka araþtýrmacýlar tarafýndan 2025 yýlýnda yayýmlanmýþ çalýþmalardaki atýflar dikkate alýnýr. Ayrýca araþtýrmacýnýn sadece devlet yükseköðretim kurumlarýnda görev yaptýðý sýrada ürettiði yayýnlarýna yapýlan atýflar geçerli kabul edilir,. Atýflarýn deðerlendirilmesinde kiþi sayýsý dikkate alýnmaz; her bir baþvuru sahibi için ayrý puanlama yapýlýr,.";[Baþvuru Rehberi]|[Yönetmelik];Madde 37 / Madde 7(8);atýf|self-citation|kapsam dýþý|kýsýtlama;med
629;Tebliðlerin uluslararasý sayýlabilmesi için katýlýmcý ülkeler ve konuþmacý oranlarý ile ilgili aranan þartlar nelerdir?;Tebliðin sunulduðu etkinliðin uluslararasý sayýlabilmesi için Türkiye dýþýnda en az beþ farklý ülkeden sözlü teblið sunan konuþmacýnýn katýlým saðlamasý þarttýr,. Ayrýca tebliðlerin yarýdan fazlasýnýn (%51 ve üzeri) Türkiye dýþýndan katýlýmcýlar tarafýndan sunulmuþ olmasý esastýr,. Sadece beþ yabancý konuþmacýnýn olmasý yeterli deðildir, ülke çeþitliliði aranýr. Ek olarak etkinliðin uluslararasý niteliði için üniversite yönetim kurulu kararýnýn bulunmasý ve tebliðin tam metin olarak yayýmlanmasý zorunludur,.;[Baþvuru Rehberi]|[Yönetmelik];Madde 40 / Madde 7(9);teblið|uluslararasý|ülke sayýsý|tam metin;hard
630;Akademik teþvik ödülü kategorisinde hangi tür belgeler ve ödüller kesinlikle kapsam dýþý býrakýlmýþtýr?;Tebliðler için verilen ödüller, dergi hakemlikleri için verilen ödüller, yayýn teþvik ödülleri, mansiyon ödülleri, teþekkür ve baþarý belgeleri, plaketler ve burslar kesinlikle puanlama dýþýdýr,. Ayrýca araþtýrmacýnýn kadrosunun bulunduðu kendi üniversitesi tarafýndan verilen ödüller de deðerlendirmeye alýnmaz,. Puanlanacak bilim ödülünün sürekli olmasý (en az 5 kez verilmiþ), akademik bir jüri tarafýndan deðerlendirilmiþ olmasý ve araþtýrmacýnýn uzmanlýk alaný ile ilgili olarak 2025 yýlýnda verilmiþ olmasý þarttýr,.;[Baþvuru Rehberi]|[Yönetmelik];Madde 45 / Madde 7(10);ödül|kapsam dýþý|mansiyon|üniversite ödülü;easy
631;Akademik Teþvik Ödeneði Yönetmeliði uyarýnca en yüksek Devlet memuru brüt aylýðý tutarý nasýl tanýmlanmýþtýr?;"En yüksek Devlet memuru brüt aylýðý; 1.500 aylýk gösterge rakamý ile 8.000 ek gösterge rakamýnýn toplamý olan 9.500 gösterge rakamýnýn, memur aylýk katsayýsý ile çarpýmý sonucu bulunan tutardýr. Bu tutar akademik teþvik ödemesi formülünde temel bir çarpan olarak yer alýr. Ödeme miktarý bu brüt tutarýn araþtýrmacýnýn kadro unvan oranlarý (%70-100 arasý) ve hesaplanan akademik teþvik puanýnýn yüze bölünmesiyle elde edilen katsayý ile çarpýlmasýyla hesaplanýr. Katsayýlar memur maaþ katsayýsýna baðlý olarak deðiþebilir.";[Yönetmelik];Madde 3(ç) / Madde 8(1);brüt aylýk|gösterge|maaþ katsayýsý|hesaplama;hard
632;Akademik teþvik puaný hesaplanýrken her bir faaliyet türünün toplam teþvik puaný içindeki aðýrlýðý nasýl sýnýrlandýrýlmýþtýr?;Akademik teþvik puaný hesaplanýrken her bir akademik faaliyet türünün (proje, yayýn, atýf vb.) toplam puanýn hesaplanmasýndaki aðýrlýðý, akademik teþvik toplam puanýnýn %30’unu geçemez. Toplam akademik teþvik puaný ise hiçbir durumda 100 puaný aþamaz. Bu kural araþtýrmacýlarýn sadece tek bir alanda üretim yapmak yerine farklý akademik faaliyet alanlarýnda dengeli bir þekilde yer almasýný teþvik etmek amacýyla uygulanmaktadýr. Her kategori için Tablo 4'teki üst sýnýrlar geçerlidir.;[Yönetmelik];Madde 1(1) / Madde 8(3);üst sýnýr|aðýrlýk|puanlama|toplam puan;med
633;Üst komisyon üyeleri hangi kriterlere göre ve hangi süreyle görev yapmak üzere üniversite senatosu tarafýndan seçilir?;"Akademik Teþvik Düzenleme, Denetleme ve Ýtiraz Komisyonu üyeleri; yüksek akademik teþvik puanýna sahip öðretim üyeleri arasýndan, her doçentlik temel alanýndan en az bir kiþi olmak üzere rektörün önereceði üç aday arasýndan senato tarafýndan seçilir. Komisyon baþkan hariç en az dört üyeden oluþmak koþuluyla iki yýl süreyle seçilir. Süresi biten üyeler yeniden seçilebilir; komisyonun baþkanlýðýný ise rektör tarafýndan görevlendirilen bir rektör yardýmcýsý yürütür.";[Yönetmelik];Madde 4(1);üst komisyon|seçim|senato|görev süresi;med
634;Birim akademik teþvik baþvuru ve inceleme komisyonu üyeleri hangi makam tarafýndan seçilir ve asgari kaç kiþiden oluþur?;Birim komisyonu, yükseköðretim kurumlarýnýn her bölüm, anabilim dalý veya anasanat dalý baþkanlýklarý bünyesinde en az üç üyeden oluþacak þekilde kurulur. Komisyon üyeleri ilgili birimin Yönetim Kurulu tarafýndan, yüksek akademik teþvik puanýna sahip olan öðretim elemanlarý arasýndan seçilir. Bölümde yeterli öðretim elemaný bulunmamasý halinde üyeler yakýn alanlardaki öðretim elemanlarý ile tamamlanabilir. Birim baþkaný komisyonun doðal baþkanýdýr ve faaliyetlerin yönetmeliðe uygun deðerlendirilmesinden sorumludur,.;[Yönetmelik];Madde 5(1);birim komisyonu|seçim|yönetim kurulu|görev süresi;med
635;Akademik teþvik komisyonlarýnda kararlarýn alýnmasý ve oylama usulü ile ilgili uygulanan temel yasak ve kurallar nelerdir?;Hem üst komisyon hem de birim komisyonlarý, baþkan dahil üye tam sayýsýnýn salt çoðunluðu ile toplanýr ve katýlanlarýn salt çoðunluðu ile karar alýr,. Oylarýn eþit olmasý halinde komisyon baþkanýnýn oyu yönünde karar verilmiþ sayýlýr,. En kritik kurallardan biri, komisyon üyelerinin oylama sýrasýnda hiçbir þekilde çekimser oy kullanamayacak olmalarýdýr,. Kararlar tutanak altýna alýnmalý ve deðerlendirme raporlarýnda yapýlan puan deðiþiklikleri gerekçeleriyle birlikte açýklanmalýdýr,.;[Yönetmelik];Madde 4(2) / Madde 5(2);oylama|çekimser oy|karar yeter sayýsý|komisyon;hard
636;Çok isimli yayýn, teblið ve patentler için uygulanan (k) katsayýsý kiþi sayýsýna göre nasýl deðiþmektedir?;"Çok isimli faaliyetlerde (k) katsayýsý Tablo 1'e göre belirlenir: 1 kiþi için 1; 2 kiþi için 0,8; 3 kiþi için 0,6; 4 kiþi için 0,45; 5 kiþi için 1/5; 6 kiþi için 1/6; 7 veya daha fazla kiþi için ise 1/kiþi sayýsý olarak uygulanýr. Bu katsayý faaliyetin toplam puaný ile çarpýlarak her bir araþtýrmacýnýn bireysel puanýna ulaþýlmasýný saðlar. Bu paylaþým usulü ortak yürütülen akademik çalýþmalarýn adil puanlanmasý amacýyla yönetmelikte standartlaþtýrýlmýþtýr.";[Yönetmelik];Madde 8(4) / Tablo 1;k katsayýsý|yazar sayýsý|puanlama|paylaþým;easy
637;Projelerde görev alan öðretim elemanlarýnýn puaný hesaplanýrken kullanýlan (r) katsayýsý rollere göre nasýl belirlenmiþtir?;"Akademik teþvik projelerinde (r) katsayýsý Tablo 2'de belirlenmiþtir: Projenin 'Yürütücüsü' olan öðretim elemaný için r=1 katsayýsý uygulanýrken; projede 'Araþtýrmacý' veya 'Bursiyer' olarak görev yapanlar için r=0,5 katsayýsý uygulanýr. Bu katsayý projenin türüne göre belirlenen faaliyet oraný ile çarpýlarak araþtýrmacýnýn o projeden alacaðý puanýn hesaplanmasýnda kullanýlýr. Sadece baþarýyla sonuçlanmýþ ve sonuç raporu onaylanmýþ projeler için bu katsayýlar üzerinden puanlama yapýlýr.";[Yönetmelik];Madde 8(5) / Tablo 2;r katsayýsý|proje rolü|yürütücü|araþtýrmacý;easy
638;SCI-Expanded, SSCI ve AHCI kapsamýndaki dergilerde yayýmlanan makaleler için kullanýlan (p) katsayýsý neye göre belirlenir?;"p katsayýsý, makalenin yayýmlandýðý yýl için derginin ISI Web of Science Çeyreklik (Quartile/Q) sýnýflandýrmasýna göre belirlenir: Q1 için 1; Q2 için 0,8; Q3 için 0,5; Q4 için 0,25 uygulanýr. AHCI kapsamýndaki dergiler için katsayý sabit 0,5 olarak uygulanýr. Eðer bir derginin Q deðeri henüz belirlenmemiþse en alt katsayý olan 0,25 deðeri esas alýnýr. Araþtýrmacýlarýn WOS üzerinden aldýklarý güncel Q deðerini gösteren belgeleri FUATS sistemine yüklemeleri zorunludur.";[Yönetmelik];Madde 8(6) / Tablo 3;p katsayýsý|quartile|Q deðeri|wos;hard
639;Akademik teþvik ödeneði hangi vergiden muaftýr ve diðer tazminatlarýn hesabýnda bir matrah olarak dikkate alýnýr mý?;Akademik teþvik ödeneði, damga vergisi hariç herhangi bir vergiye tabi tutulmaz. Ayrýca bu ödenek ilgili mevzuatý uyarýnca ödenmekte olan zam, tazminat, ödenek, döner sermaye ek ödemesi, ikramiye ve ücret gibi benzeri ödemelerin hesabýnda kesinlikle dikkate alýnmaz. Yani diðer yan ödemelerin matrahýna dahil edilmez ve onlardan baðýmsýz bir kalem olarak Þubat ayýndan itibaren 12 ay boyunca ödenir. Ödeme yapýlabilmesi için personelin aktif olarak aylýk alýyor olmasý þarttýr.;[Yönetmelik];Madde 10(2);vergi muafiyeti|damga vergisi|ek ödeme|mali hükümler;med
640;Akademik teþvik baþvurusu sýrasýnda yapýlan yanlýþ veya yanýltýcý beyanlarýn tespit edilmesi durumunda hangi yaptýrýmlar uygulanýr?;Ödeme yapýldýktan sonra dahi faaliyetlerin gerçeðe aykýrý olduðu veya yönetmelik kapsamýna girmediði tespit edilirse yapýlan tüm ödemeler kanuni faiziyle birlikte geri alýnýr. Ayrýca yanlýþ veya yanýltýcý bildirimde bulunanlar hakkýnda komisyonun tespitiyle idari inceleme baþlatýlýr ve cezai müeyyidelerin uygulanmasý gerekirse genel hukuk hükümleri uygulanýr. Bu süreç araþtýrmacýlarýn beyan ettikleri her türlü verinin ve sunduklarý dijital kanýtlarýn doðruluðundan þahsen sorumlu olduklarýný vurgulamaktadýr.;[Yönetmelik];Madde 10(5);yanlýþ beyan|yaptýrým|geri alma|kanuni faiz;hard
641;Milli Savunma Üniversitesi ve Polis Akademisi kadrolarýndaki öðretim elemanlarý akademik teþvik yönetmeliði hükümlerine tabi midir?;"Evet, Akademik Teþvik Ödeneði Yönetmeliði hükümleri Milli Savunma Üniversitesi, Jandarma ve Sahil Güvenlik Akademisi ile Polis Akademisi kadrolarýnda bulunan öðretim elemanlarý hakkýnda da aynen uygulanýr. Bu kurumlardaki akademik teþvik düzenleme, denetleme ve itiraz süreçlerine iliþkin hususlar; ilgisine göre rektör veya akademi baþkanlarý tarafýndan yönetmelik çerçevesinde belirlenir. Bu personel de devlet üniversitelerindeki meslektaþlarý gibi ayný faaliyet türleri ve puanlama esaslarý üzerinden teþvikten yararlanma hakkýna sahiptir.";[Yönetmelik];Madde 1(2) / Madde 9(1);MSÜ|polis akademisi|jandarma|kapsam;med
642;Dergilerin 'Alan Ýndeksi' kategorisinde puanlanabilmesi için hangi kurumlarýn tanýmladýðý ve onayladýðý listeler esas alýnmaktadýr?;Alan indeksleri, Üniversitelerarasý Kurul (ÜAK) Baþkanlýðý tarafýndan hazýrlanýp Yükseköðretim Kurulunca onaylanan doçentlik baþvurusu kriterlerindeki endeksleri ifade eder. Bu kapsamda puanlama yapýlabilmesi için derginin ilgili alan indeksine girdiðini gösteren ÜAK sayfasýndan alýnmýþ belgenin FUATS sistemine yüklenmesi þarttýr. Alan indeksi puanlamasý sadece Eðitim Bilimleri, Mimarlýk, Sosyal, Beþeri ve Ýdari Bilimler ile Spor Bilimleri gibi yönetmelikte tanýmlanan belirli temel alanlar için geçerlidir,.;[Baþvuru Rehberi]|[Yönetmelik];Madde 3(b) / Madde 26;alan indeksi|üak|doçentlik|indeks;hard
643;Akademik teþvik kapsamýnda 'yurt dýþý araþtýrma' faaliyeti için aylýk bazda belirlenen faaliyet oraný nedir?;Yönetmeliðin Faaliyet Hesaplama Tablosu'na göre yurt dýþý araþtýrma faaliyetleri ay üzerinden deðerlendirilir ve her bir tam ay için faaliyet oraný 15 olarak belirlenmiþtir. Araþtýrmanýn puan alabilmesi için en az dört ay sürmesi þarttýr,. Bu durumda dört aylýk bir yurt dýþý araþtýrma '15 x 4 = 60' oranýna sahip olur ve bu oran araþtýrma kategorisinin temel puaný olan 15 ile çarpýlarak (60% x 15) 9 puan kazandýrýr,.;[Yönetmelik];Tablo 4 / Madde 7(3);araþtýrma|yurt dýþý|ay katsayýsý|puanlama;hard
644;TÜBÝTAK 1005 (Ulusal Yeni Fikirler ve Ürünler Araþtýrma Destek Programý) projesinde yürütücü olan birinin puan oraný kaçtýr?;Yönetmeliðin Faaliyet Hesaplama Tablosu'na göre TÜBÝTAK 1005 ve 3001 projeleri için faaliyet oraný 'r x 70' olarak belirlenmiþtir. Proje yürütücüsü için r katsayýsý 1 olduðundan, yürütücü bu projeden doðrudan 70 oranýnda puan alýr. Bu oran proje kategorisinin temel puaný olan 20 ile çarpýlarak (70% x 20) toplam 14 puan olarak teþvik puanýna yansýtýlýr. Projenin 2025 yýlýnda baþarýyla sonuçlanmýþ olmasý belgelenmelidir,.;[Yönetmelik];Tablo 4 / Madde 8(5);tübitak 1005|proje|puanlama|yürütücü;med
645;Akademik teþvik baþvurusu sýrasýnda öðretim elemanlarýnýn 'Kurum Deðiþikliði Beyan Formu' sunmasý hangi durumda zorunludur?;Öðretim elemaný 2025 yýlý içerisinde baþka bir kurumdan (üniversite veya diðer kamu kurumlarý) naklen gelmiþ ise Kurum Deðiþikliði Beyan Formunun sunulmasý zorunludur. Bu formda araþtýrmacýnýn önceki kurumda ve üniversitemizde gerçekleþtirdiði faaliyetler ayrýntýlý olarak belirtilmelidir. Ayrýca YÖKSÝS çýktýsýnda her bir faaliyetin hangi kurum bünyesinde yapýldýðý da açýkça gösterilmelidir,. Farklý kurumlarda gerçekleþtirilen faaliyetlerin deðerlendirilmesi, araþtýrmacýnýn þu an kadrosunun bulunduðu üniversitedeki komisyonca yapýlýr.;[Baþvuru Rehberi]|[Yönetmelik];Madde 8 / Madde 6(2);kurum deðiþikliði|beyan formu|naklen atama|yöksis;hard
646;Uluslararasý patentlerin akademik teþvik kapsamýnda deðerlendirilebilmesi için tescil belgesinde hangi teknik kriterler aranmaktadýr?;"Patent Ýþbirliði Antlaþmasý (PCT) kapsamýnda yapýlan baþvurularda; uluslararasý araþtýrma raporunun yazýlý görüþ kýsmýnda veya ön inceleme raporunda en az bir istemin patentlenebilirlik kriterlerini (yenilik, buluþ basamaðý, sanayiye uygulanabilirlik) saðladýðýnýn ifade edilmiþ olmasý þarttýr,. Avrupa Patent Ofisi (EPO) tarafýndan verilen patentler de bu kapsamdadýr,. Patentlerin tescil tarihinin 2025 yýlý olmasý esas alýnýr,. Tescil belgesinin nüshasý veya yetkili mercilerce düzenlenen resmi onay raporu sisteme yüklenmelidir.";[Baþvuru Rehberi]|[Yönetmelik];Madde 33 / Madde 3(ö);patent|tescil|yenilik|buluþ basamaðý;hard
647;Birim akademik teþvik baþvuru ve inceleme komisyonunun kararlarýnda oylarýn eþitliði durumunda hangi kural iþletilir?;Birim akademik teþvik baþvuru ve inceleme komisyonu, baþkan dahil üye tam sayýsýnýn salt çoðunluðu ile toplanýr ve katýlanlarýn salt çoðunluðu ile karar alýr. Oylarýn eþit daðýlmasý durumunda komisyon baþkanýnýn oyu yönünde karar alýnmýþ sayýlýr. Komisyon üyelerinin oylama sýrasýnda çekimser oy kullanmalarý kesinlikle yasaktýr. Bu kural, üst komisyon olan Akademik Teþvik Düzenleme, Denetleme ve Ýtiraz Komisyonu için de Madde 4(2) uyarýnca aynen geçerlidir.;[Yönetmelik];Madde 5(2) / Madde 4(2);birim komisyonu|karar yeter sayýsý|oy eþitliði|çekimser oy;med
648;Ödül kategorisinde yer alan 'YÖK Yýlýn Doktora Tezi Ödülü' akademik teþvik puanlamasýnda kaç faaliyet oranýna sahiptir?;Yönetmeliðin Faaliyet Hesaplama Tablosu'na göre YÖK Yýlýn Doktora Tezi Ödülü %100 faaliyet oranýna sahiptir. Bu oran ödül kategorisinin temel puaný olan 20 ile çarpýldýðýnda araþtýrmacýya 20 tam puan kazandýrýr. Benzer þekilde TÜBÝTAK Bilim Ödülü ve TÜBA Akademi Ödülü de %100 oran ile deðerlendirilir. Ödülün 2025 yýlýnda verilmiþ olmasý ve yetkili mercilerce onaylanmýþ belgesinin sisteme yüklenmesi þarttýr,.;[Yönetmelik];Tablo 4 (Ödül);yök ödülü|doktora tezi|puanlama|ödül;easy
649;Akademik teþvik baþvurusu sýrasýnda öðretim elemanlarý kanýtlayýcý belgelerini fiziksel dosya olarak teslim etmeli midir?;Hayýr, akademik teþvik baþvurularýnda öðretim elemanlarý sadece YÖKSÝS ve FUATS sistem çýktýlarýný imzalayarak fiziksel olarak birimlerine teslim edeceklerdir,. Faaliyetlere iliþkin tüm örnek, kanýt ve belgeler ise sadece elektronik ortamda FUATS sistemi (https://akademiktesvik.firat.edu.tr) üzerinden sunulmalýdýr,. Fiziksel dosya veya kanýt dökümaný teslimi yapýlmayacaðý takvimde açýkça belirtilmiþtir. Ýnceleme komisyonlarý tüm deðerlendirmeleri bu dijital belgeler üzerinden yapacaktýr,.;[Takvim]|[Baþvuru Rehberi];02-11 Ocak 2026;kanýt|elektronik sunum|belge teslimi|fuats;easy
650;Ýlan edilen akademik teþvik sonuçlarýna karþý yapýlacak itirazlarýn deðerlendirilmesi ve nihai karara baðlanmasý ne kadar sürer?;Üst komisyon tarafýndan alýnan itirazlar, itiraz süresinin bittiði tarihten itibaren en geç beþ iþ günü içerisinde deðerlendirilerek nihai karara baðlanýr. Fýrat Üniversitesi 2026 takvimine göre bu süreç 01-05 Þubat 2026 tarihleri arasýndadýr,. Komisyonun itirazlar sonucunda vereceði bu kararlar kesindir ve üniversite bünyesinde baþka bir itiraz merci bulunmamaktadýr. Kesinleþen listeler 06 Þubat tarihinde ödeme birimlerine bildirilir,.;[Takvim]|[Yönetmelik];Madde 6(6) / 01-05 Þubat 2026;itiraz|nihai karar|üst komisyon|takvim;med
651;Hangi tür ses veya görüntü kayýtlarý akademik teþvik kapsamýnda 'yayýn' kategorisinde puanlanabilmektedir?;Dergilerdeki yayýnlarýn yaný sýra ses ve görüntü kayýtlarý da teþvik kapsamýndadýr,. Ulusal ve uluslararasý boyutta performansa dayalý ses ve görüntü kayýtlarýnýn deðerlendirilmesinde mutlaka yayýmlanmýþ olma koþulu aranýr,. Uluslararasý boyutta kiþisel veya karma kayýtlar ile ulusal boyutta kiþisel kayýtlar puanlamaya dahildir. Müzik ve Konservatuvar bölümleri için CD, DVD veya benzeri ortamdaki kayýtlara yönelik bandrol belgesinin sunulmasý zorunludur.;[Yönetmelik]|[Baþvuru Rehberi];Madde 7(4) / Madde 28;ses kaydý|görüntü kaydý|bandrol|yayýn;med
652;Dergilerde yayýmlanan 'vaka takdimi' veya 'editöre mektup' gibi kýsa makaleler akademik teþvik puanlamasýnda nasýl hesaplanmaktadýr?;SCI, SCI-Expanded, SSCI ve AHCI kapsamýndaki dergilerde müstakil yayýmlanmýþ vaka takdimi, editöre mektup, teknik not, araþtýrma notu ve kitap eleþtirisi gibi kýsa makaleler puanlamaya dahildir. Bu tür yayýnlar için 'k x p x 30' (A1/A3 alanlarý) veya 'k x p x 40' (A2/A4 alanlarý) formülü uygulanýr. Bu oranlar, tam araþtýrma makalesi puanýnýn yarýsýna denk gelmektedir. Puanlama için yayýnýn cilt/sayfa numarasý alarak yayýmlanmýþ olmasý zorunludur.;[Yönetmelik];Madde 8(6) / Tablo 4;kýsa makale|vaka takdimi|puanlama|hesaplama;hard
653;Ayný yayýn veya esere bir kitabýn farklý bölümlerinde yapýlan atýflar akademik teþvik puanlamasýnda nasýl sayýlmaktadýr?;Ayný yayýn veya esere bir kitabýn farklý bölümlerinde veya kýsýmlarýnda yapýlan atýflar normal þartlarda yalnýzca bir atýf olarak deðerlendirilir,. Ancak, bu kuralýn bir istisnasý mevcuttur: Eðer kitabýn her bir bölümünün yazarlarý farklý ise, bu farklý bölümlerde ayný esere yapýlan her bir atýf için ayrý ayrý puan deðerlendirmesi yapýlýr,. Bu durumun belgelenmesi için kitabýn içindekiler sayfasý ve ilgili kaynakça sayfalarýnýn FUATS sistemine yüklenmesi araþtýrmacýnýn sorumluluðundadýr.;[Baþvuru Rehberi]|[Yönetmelik];Madde 37 / Madde 7(8);atýf|mükerrer atýf|kitap bölümü|puanlama;hard
654;Sergi faaliyetlerinde 'tekrarlayan etkinlikler' için uygulanan puanlama kýsýtlamasý tam olarak nedir?;Ayný yýl içerisinde tekrar eden sergi, konser, festival ve gösteri gibi sanatsal etkinliklerin puanlanmasýnda en çok iki tekrar dikkate alýnýr,. Ýlk etkinlik için tam puan verilirken, ikinci tekrar etkinlik için mevcut faaliyet puanýnýn yarýsý (%50'si) uygulanýr,. Ýkiden fazla tekrar eden ayný içerikli faaliyetler için ise hiçbir puanlama yapýlmaz,. Sergilerin deðerlendirilmesinde serginin açýldýðý ve tamamlandýðý tarih (2025 yýlý) esas alýnýr,. Eðitim-öðretim ve öðrenci kulüpleri kapsamýndaki sergiler puanlanmaz,.;[Baþvuru Rehberi]|[Yönetmelik];Madde 32 / Madde 7(6);sergi|tekrar|puanlama|kýsýtlama;med
655;Dergilerin 'Diðer uluslararasý hakemli dergiler' kategorisinde puanlanabilmesi için hangi yayýn süresi þartýný saðlamasý gerekir?;Bir derginin bu kategoride deðerlendirilebilmesi için en az beþ yýldýr yýlda en az bir sayý ile düzenli olarak yayýmlanýyor olmasý þarttýr,. Ayrýca derginin editör veya yayýn kurulunun uluslararasý olmasý, bilimsel deðerlendirme sürecinin internet sayfasýnda ilan edilmiþ olmasý ve yayýmlanmýþ makale künyelerine dijital olarak ulaþýlabilmesi gerekir,. Yayýn hayatý beþ yýldan az olan dergilerde çýkan makaleler teþvik kapsamýna dahil edilmez,. Araþtýrmacýlar derginin arþiv bilgilerini FUATS üzerinden beyan etmelidir.;[Baþvuru Rehberi]|[Yönetmelik];Madde 21 / Madde 7(4);dergi|yayýn süresi|ulusal|kriter;med
656;Tebliðlerin sunulduðu etkinliðin uluslararasý niteliðini teyit etmek amacýyla ödemeye esas hangi resmi belge gereklidir?;Bir tebliðin sunulduðu etkinliðin uluslararasý sayýlabilmesi için beþ farklý ülkeden konuþmacý katýlýmý gibi teknik kriterlerin yaný sýra resmi bir onay þartý vardýr,. Etkinliðin uluslararasý niteliði haiz olup olmadýðý hususunda, ödemeye esas teþkil etmek üzere mutlaka 'üniversite yönetim kurulu kararý' bulunmalýdýr,. Bu karar bulunmayan etkinliklerde sunulan tebliðler, diðer þartlarý saðlasa dahi uluslararasý kategoride puanlanmaz. Araþtýrmacýlarýn bu kararý veya teyit belgesini kanýt olarak sisteme yüklemeleri zorunludur.;[Baþvuru Rehberi]|[Yönetmelik];Madde 40 / Madde 7(9);teblið|yönetim kurulu|onay|uluslararasý;hard
657;Güzel Sanatlar temel alanýndaki 'A4' branþlarý için uluslararasý kiþisel ses veya görüntü kaydý kaç puan oranýna sahiptir?;Faaliyet Hesaplama Tablosu'na göre, sadece A4 (Güzel Sanatlar) temel alaný için geçerli olan uluslararasý boyutta performansa dayalý yayýmlanmýþ kiþisel ses ve/veya görüntü kayýtlarý için faaliyet oraný 20 olarak belirlenmiþtir. Karma ses veya görüntü kayýtlarýnda ise bu oran 10'dur. Bu kayýtlarýn puanlanabilmesi için 2025 yýlý içerisinde yayýmlanmýþ olmasý ve Müzik/Konservatuvar bölümleri için bandrol belgesinin sunulmasý þarttýr,. Diðer temel alanlarda ses kaydý için oran tanýmlanmamýþtýr.;[Yönetmelik];Tablo 4 / Madde 8(7);ses kaydý|güzel sanatlar|A4 alaný|puanlama;hard
658;TÜBÝTAK projeleri için akademik teþvik baþvurusu sýrasýnda FUATS sistemine bilimsel kurul deðerlendirme raporu yüklenmeli midir?;Baþvuru Rehberi'nin 13. maddesine göre bilimsel kurul deðerlendirme raporlarý TÜBÝTAK projeleri için geçerli deðildir ve sisteme yüklenmesi zorunlu tutulmamýþtýr. TÜBÝTAK projeleri için sadece destekleyen kuruluþ (TÜBÝTAK) tarafýndan projenin sonuçlandýðýný veya kapatýldýðýný gösteren onaylý resmi belgenin sunulmasý yeterlidir. Ancak TÜBÝTAK dýþýndaki diðer ulusal veya uluslararasý özel/resmi kurum ve kuruluþlar tarafýndan desteklenen Ar-Ge projeleri için bu tür deðerlendirme raporlarýnýn sunulmasý gerekebilir.;[Baþvuru Rehberi];Madde 13;tübitak|proje belgeleri|deðerlendirme raporu|fuats;med
659;Akademik teþvik puaný hesaplanýrken iki yazarlý bir makale veya patent için 'k' katsayýsý deðeri kaçtýr?;Yönetmelikte yer alan Tablo 1'e göre, çok isimli yayýnlarda (makale, derleme, kitap) ve patentlerde yazar sayýsý iki olduðunda uygulanacak 'k' katsayýsý 0,8 olarak belirlenmiþtir. Bu katsayý faaliyet türü için belirlenen temel oran ile çarpýlarak bireysel puanýn hesaplanmasýnda kullanýlýr. Tek yazarlý bir eserde katsayý tam deðer olan 1 iken, yazar sayýsý arttýkça katsayý düþmektedir. Üç kiþi için 0,6, dört kiþi için 0,45 katsayýsý uygulanýr.;[Yönetmelik];Madde 8(4) / Tablo 1;k katsayýsý|iki isimli|paylaþým|hesaplama;easy
660;Özel bir paylaþým oraný bulunmayan karma sanatsal etkinliklerde puanlama kiþi sayýsýna bölünür mü?;"Normalde çok katýlýmcý faaliyetlerde oran/kiþi sayýsý dikkate alýnýrken; sergi faaliyet türündeki karma etkinlikler ile uluslararasý boyutta performansa dayalý yayýmlanmýþ karma ses veya görüntü kayýtlarý bu kuraldan muaftýr. Bu tür faaliyetlerde katýlýmcý sayýsýna bakýlmaksýzýn her bir öðretim elemanýna tam puan verilir. Bu istisna dýþýnda kalan tüm akademik faaliyetlerde (yayýn, teblið, patent vb.) yazar sayýsýna göre belirlenen (k) katsayýsý üzerinden puan paylaþýmý yapýlmasý zorunludur,.";[Yönetmelik];Madde 8(7);karma etkinlik|istisna|kiþi sayýsý|ses kaydý;hard
661;Fýrat Üniversitesi öðretim elemanlarýnýn 2025 yýlý faaliyetleri için akademik teþvik baþvurularýný hangi tarihler arasýnda yapmasý gerekmektedir?;"Öðretim elemanlarý akademik teþvik baþvurularýný 02-11 Ocak 2026 tarihleri arasýnda kadrolarýnýn bulunduðu yükseköðretim kurumunun ilgili birim komisyonuna yapmalýdýr. Baþvurular YÖKSÝS çýktýsý ile birlikte FU Akademik Teþvik Sistemi (FUATS) üzerinden gerçekleþtirilir. Araþtýrmacýlarýn sadece imzalý YÖKSÝS ve FUATS çýktýlarýný birimlerine teslim etmeleri yeterlidir; tüm kanýtlar ise elektronik ortamda sunulur.";[Takvim]|[Baþvuru Rehberi];02-11 Ocak 2026;baþvuru|tarih|takvim|fuats;easy
662;Birim akademik teþvik baþvuru ve inceleme komisyonlarý kendilerine gelen baþvurularý hangi tarihler arasýnda inceleyerek sisteme giriþ yapmalýdýr?;Öðretim elemanlarýnca yapýlan baþvurularýn birim akademik teþvik baþvuru ve inceleme komisyonu tarafýndan incelenmesi 12-15 Ocak 2026 tarihleri arasýnda FUATS sistemi üzerinden yapýlýr. Komisyon teþvik almaya hak kazananlarýn verilerini 15 Ocak 2026 tarihinde sisteme girer. Ayný gün YÖKSÝS ve FUATS sistem çýktýlarý ilgili Dekanlýk veya Müdürlüklere gönderilmelidir. Bu aþama birim düzeyindeki deðerlendirmenin tamamlandýðý tarihtir.;[Takvim]|[Baþvuru Rehberi];12-15 Ocak 2026;birim komisyonu|inceleme|veri giriþi|onay;med
663;Üst komisyon tarafýndan ilan edilen akademik teþvik sonuçlarýna karþý itirazlar hangi tarihlerde ve hangi yöntemle teslim edilmelidir?;Ýlan edilen teþvik sonuçlarýna karþý itirazlar 26-30 Ocak 2026 tarihleri arasýnda kabul edilmektedir. Ýtiraz dilekçelerinin mutlaka Rektör Yardýmcýlýðý Makamýna þahsen ve elden teslim edilmesi zorunludur. Posta veya kargo yoluyla yapýlan itiraz baþvurularý rehber hükümleri gereði kabul edilmez. Teslim edilen itirazlar üst komisyon tarafýndan 01-05 Þubat 2026 tarihleri arasýnda deðerlendirilerek nihai karara baðlanacaktýr.;[Takvim]|[Baþvuru Rehberi];26-30 Ocak 2026;itiraz|dilekçe|rektör yardýmcýsý|takvim;med
664;Akademik teþvik ödeneði almaya hak kazanan araþtýrmacýlarýn kesin listeleri hangi tarihte oluþturularak ödeme birimlerine bildirilmektedir?;Teþvik almaya hak kazanan öðretim elemanlarýnýn kesin listeleri 06 Þubat 2026 tarihinde oluþturulur. Bu listeler ödeme yapýlabilmesi amacýyla üniversitenin ilgili harcama birimlerine ayný gün bildirilir. Bu aþama akademik teþvik sürecinin idari olarak tamamlandýðý basamaðý temsil eder. Kesinleþen listeler üzerinden tahakkuk iþlemleri baþlatýlýr ve ödemeler Þubat ayýnýn on beþinden itibaren hak sahiplerine ulaþtýrýlýr.;[Takvim]|[Baþvuru Rehberi]|[Yönetmelik];06 Þubat 2026;kesin liste|ödeme|harcama birimi|takvim;easy
665;Vakýf üniversitelerinden devlet üniversitelerine geçen öðretim elemanlarý hangi dönemdeki faaliyetleri için teþvik baþvurusunda bulunma hakkýna sahiptir?;Vakýf üniversitelerinden devlet üniversitelerine geçen öðretim elemanlarý sadece devlet üniversitelerinde görev yaptýklarý sürede gerçekleþtirdikleri faaliyetler için teþvik baþvurusunda bulunabilirler. Vakýf üniversitesinde görevli olunan dönemde üretilen yayýnlar veya projeler teþvik puanlamasýna dahil edilmez. Bu araþtýrmacýlarýn YÖKSÝS çýktýsýnda her faaliyetin hangi kurum bünyesinde yapýldýðýný göstermeleri zorunludur. Baþvuru dosyasýnda ayrýca Kurum Deðiþikliði Beyan Formunun bulunmasý þarttýr.;[Baþvuru Rehberi]|[Yönetmelik];Madde 7 / Madde 6(7);vakýf üniversitesi|kurum deðiþikliði|kýsýtlama|devlet üniversitesi;hard
666;Akademik teþvik baþvurusu sýrasýnda sunulacak YÖKSÝS ve FUATS sistem çýktýlarýnýn imzalanmasý ile ilgili zorunlu kural nedir?;Akademik teþvik ödeneði baþvurusunda bulunacak araþtýrmacýlarýn YÖKSÝS çýktýsý ve FUATS sistem çýktýsýnýn her sayfasýný imzalý olarak sunmalarý zorunludur. Sadece son sayfanýn imzalanmasý veya imzasýz belge teslimi baþvurunun geçersiz sayýlmasýna neden olur. Her sayfanýn imzalanmasý beyan edilen verilerin doðruluðunun araþtýrmacý tarafýndan resmen taahhüt edildiði anlamýna gelir. Ýmzalý dökümanlar birim komisyonlarýna teslim edilirken kanýtlayýcý belgeler ise elektronik ortamda sunulmaya devam edilir.;[Baþvuru Rehberi];Madde 8;imza|yöksis|fuats|baþvuru;easy
667;Döner sermaye üzerinden yürütülen dýþ kaynaklý projelerin akademik teþvik kapsamýnda puanlanabilmesi için gereken asgari þartlar nelerdir?;Döner sermaye üzerinden yapýlan projelerin deðerlendirilebilmesi için projenin mutlaka Ar-Ge niteliði taþýmasý ve toplam proje süresinin dokuz aydan az olmamasý þarttýr. Projenin maddi desteðinin üniversiteye aktarýlmýþ olmasý ve 2025 yýlý içerisinde baþarýyla sonuçlanarak raporunun onaylanmýþ olmasý gerekmektedir. Süresi dokuz aydan az olan veya Ar-Ge niteliði olmayan döner sermaye iþleri puanlanmaz. Bilirkiþilik ve danýþmanlýk faaliyetleri bu kapsamda deðerlendirme dýþýdýr.;[Baþvuru Rehberi]|[Yönetmelik];Madde 11 / Madde 7(2);döner sermaye|proje|Ar-Ge|süre;hard
668;Yükseköðretim kurumlarý tarafýndan desteklenen Bilimsel Araþtýrma Projeleri (BAP) akademik teþvik puanlamasý kapsamýnda deðerlendirilebilir mi?;Hayýr, yükseköðretim kurumlarý tarafýndan desteklenen bilimsel araþtýrma projeleri (BAP) akademik teþvik kapsamýnda deðerlendirmeye alýnmaz ve puanlanmaz. Benzer þekilde TÜBÝTAK-1002 projeleri, araþtýrma altyapýsý oluþturma projeleri ve öðrenci projeleri de kapsam dýþýdýr. Araþtýrmacýlarýn bu projeleri FUATS sistemine puan almak amacýyla girmemeleri gerekir. Sadece yönetmelikte açýkça belirtilen TÜBÝTAK akademik destekleri ve dokuz aydan uzun süren dýþ kaynaklý Ar-Ge projeleri için teþvik puaný talep edilebilir.;[Baþvuru Rehberi]|[Yönetmelik];Madde 12 / Madde 7(2);BAP|proje|kapsam dýþý|tübitak 1002;easy
669;Araþtýrma faaliyetinin akademik teþvik puaný alabilmesi için gereken asgari süre ve resmi görevlendirme þartý nedir?;Araþtýrma faaliyetinin deðerlendirilebilmesi için araþtýrmacýnýn kurum dýþýnda en az dört ay süreyle tam zamanlý görevlendirilmiþ olmasý þarttýr. Bu görevlendirme için mutlaka Üniversite Yönetim Kurulu tarafýndan resmi bir izin kararý alýnmýþ olmalýdýr. Dört aydan az süren araþtýrmalar kesinlikle deðerlendirmeye alýnmaz. Ayrýca araþtýrmanýn 2025 yýlý içerisinde tamamlanmýþ ve sonuç raporunun ilgili kurumca baþarýlý bulunarak onaylanmýþ olmasý belgelendirilmelidir.;[Baþvuru Rehberi]|[Yönetmelik];Madde 16 / Madde 7(3);araþtýrma|süre|görevlendirme|yönetim kurulu;med
670;Kitaplarýn akademik teþvik kapsamýnda yayýn olarak puanlanabilmesi için sahip olmasý gereken zorunlu numara ve belgeler nelerdir?;"Kitaplarýn deðerlendirilebilmesi için ISBN (Uluslararasý Standart Kitap Numarasý) numarasýna sahip olmasý esastýr. Kitap yazarlýðý veya bölüm yazarlýðý faaliyetleri yayýneviyle yapýlan sözleþme veya davet mektubu ile belgelenmelidir. Kitabýn mutlaka 2025 takvim yýlý içerisinde yayýmlanmýþ olmasý gerekmektedir; daha önce deðerlendirilen kitaplarýn yeni baskýlarý puanlanmaz. Soru kitaplarý ve küratörlük kitaplarý deðerlendirme dýþý tutulmuþtur. Bildirilerden oluþan kitaplar da yayýn kategorisinde kabul edilmez.";[Baþvuru Rehberi]|[Yönetmelik];Madde 19 / Madde 7(4);kitap|ISBN|yayýn|sözleþme;easy
671;Tanýnmýþ uluslararasý yayýnevi sayýlabilmesi için bir yayýnevinin faaliyet süresi ve yayýn dili ile ilgili kriterleri nelerdir?;Tanýnmýþ uluslararasý yayýnevi en az beþ yýldýr uluslararasý düzeyde düzenli faaliyet yürüten yayýnevidir. Ayrýca Türkçe dýþýndaki dillerde ayný alanda farklý yazarlara ait en az yirmi kitap yayýmlamýþ olmasý þarttýr. Bu kriterleri saðlamayan yayýnevlerinden çýkan eserler uluslararasý kategoride puanlanamaz. Araþtýrmacýlarýn yayýnevinin bu özellikleri taþýdýðýný gösteren belgeleri veya internet sayfasý dökümanlarýný FUATS sistemine yüklemeleri zorunludur. Sadece Türkçe yayýn yapan yayýnevleri uluslararasý kabul edilmez.;[Baþvuru Rehberi]|[Yönetmelik];Madde 20 / Madde 3(l);uluslararasý yayýnevi|dil þartý|kitap sayýsý|yayýn;hard
672;Dergilerde gerçekleþtirilen editörlük faaliyetlerinde puanlama yapýlýrken uygulanan temel kýsýtlamalar ve kurallar nelerdir?;"Dergilerde editörlük faaliyetinde yýllýk yayýnlanan dergi sayýsýna bakýlmaksýzýn sadece bir editörlük görevi dikkate alýnýr. Çok editörlü dergilerde sadece baþ editör teþvikten yararlanabilir; yardýmcý editörlükler puanlanmaz. Ayrýca editör kurulu üyelikleri yönetmelik deðiþikliði ile tamamen teþvik kapsamýndan çýkartýlmýþtýr. Araþtýrmacýlarýn editör olduklarýný gösteren web sitesi ekran görüntüsünü ve dergi indeks bilgisini sisteme yüklemeleri þarttýr. Farklý dergilerde de olsa tek bir görev puanlanýr.";[Baþvuru Rehberi]|[Yönetmelik];Madde 25 / Madde 7(4);editörlük|baþ editör|kýsýtlama|editör kurulu;med
673;Müzik ve Konservatuvar bölümleri için ses veya görüntü kayýtlarýnýn deðerlendirilmesinde sunulmasý gereken zorunlu belge nedir?;Müzik ve Konservatuvar bölümleri için performansa dayalý etkinliklerin ulusal veya uluslararasý niteliðini gösteren belgeler sunulmalýdýr. Özellikle CD, DVD veya benzeri ortamdaki kayýtlara yönelik bandrol verildiðini gösterir belgenin sunulmasý zorunluluktur. Ulusal veya uluslararasý boyutta performansa dayalý kayýtlarýn deðerlendirilmesinde yayýmlanmýþ olma koþulu aranýr. Bestecilik, yorumculuk veya sahne tasarýmý gibi faaliyetlerde de etkinliðin 2025 yýlýnda yayýmlandýðý kanýtlanmalýdýr. Bandrolü bulunmayan þahsi kayýtlar teþvik puaný kazandýrmaz.;[Baþvuru Rehberi]|[Yönetmelik];Madde 28 / Madde 7(4);ses kaydý|bandrol|müzik|konservatuvar;med
674;Tasarým faaliyetlerinin akademik teþvik puaný alabilmesi için ticarileþme veya tescil ile ilgili þartlar nelerdir?;Tasarýmýn deðerlendirilebilmesi için bilim, teknoloji ve sanata katký saðlayýcý nitelikte ve araþtýrmacýnýn kendi alaný ile ilgili olmasý þarttýr. Tasarýmýn kamu kurumlarý veya özel hukuk tüzel kiþileriyle yapýlan sözleþme uyarýnca uygulanmýþ veya ticarileþtirilmiþ olmasý zorunludur. Ayrýca tasarýmýn 2025 yýlý içerisinde uygulamaya konulmuþ veya tescil edilmiþ olmasý gerekmektedir. Tescilsiz veya ticarileþmemiþ taslak aþamasýndaki çizimler puanlanmaz. Baþvuru sýrasýnda tasarým dosyasý ve uygulama belgesi sunulmalýdýr.;[Baþvuru Rehberi]|[Yönetmelik];Madde 30 / Madde 7(5);tasarým|ticarileþme|tescil|sözleþme;hard
675;Sergi faaliyetlerinin uluslararasý sayýlabilmesi için hangi üniversite biriminin onay belgesi veya kararý gereklidir?;Bir serginin uluslararasý olarak deðerlendirilebilmesi için serginin uluslararasý nitelikte olduðunun ilgili bölüm, anabilim dalý veya anasanat dalý kurullarýnca onaylanmýþ olmasý þarttýr. Araþtýrmacýlarýn bu birim kurullarýndan alýnan resmi onay kararýný veya tutanaðýný FUATS sistemine yüklemeleri zorunludur. Ayrýca sergi faaliyetlerinde sanata katký saðlayýcý nitelik aranýr ve serginin tamamlandýðý tarih esas alýnýr. Eðitim-öðretim ve öðrenci kulüp faaliyetleri kapsamýndaki sergiler deðerlendirme dýþýdýr.;[Baþvuru Rehberi]|[Yönetmelik];Madde 31 / Madde 7(6);sergi|uluslararasý|onay|kurul kararý;med
676;Patent faaliyetlerinde ulusal ve uluslararasý patentlerin puanlanabilmesi için aranan temel tescil þartý nedir?;Patentlerin deðerlendirilebilmesi için ulusal veya uluslararasý yetkili kurumlarca tescillenmiþ olmasý þarttýr. Patent tescil tarihinin mutlaka 2025 yýlý olmasý esas alýnýr. Ulusal patentlerde inceleme raporu sonucunda Türk Patent ve Marka Kurumu tarafýndan verilen tesciller kabul edilir. Ulusal incelemesiz patentler ise deðerlendirme kapsamý dýþýndadýr. Birden fazla ülkede tescillenen ayný içerikli patentler için sadece bir kez baþvuru yapýlabilir. Baþvuru için tescil belgesi nüshasý sunulmalýdýr.;[Baþvuru Rehberi]|[Yönetmelik];Madde 34 / Madde 7(7);patent|tescil|ulusal|uluslararasý;hard
677;"Atýf faaliyetlerinin puanlanmasýnda ""self-citation"" (öz-atýf) yasaðýna dair kurallar yönetmelikte nasýl düzenlenmiþtir?";"Akademik teþvik sisteminde araþtýrmacýnýn kendi yayýnlarýna veya eserlerine yaptýðý atýflar kesinlikle kapsam dýþýdýr. Sadece baþvuru sahibinin yazar olarak yer almadýðý, baþka araþtýrmacýlar tarafýndan 2025 yýlýnda yayýmlanmýþ çalýþmalardaki atýflar dikkate alýnýr. Ayrýca araþtýrmacýnýn sadece devlet yükseköðretim kurumlarýnda görev yaptýðý sýrada ürettiði yayýnlarýna yapýlan atýflar geçerli kabul edilir. Atýflarýn deðerlendirilmesinde kiþi sayýsý dikkate alýnmaz; her bir baþvuru sahibi için ayrý puanlama yapýlýr.";[Baþvuru Rehberi]|[Yönetmelik];Madde 37 / Madde 7(8);atýf|self-citation|kapsam dýþý|kýsýtlama;med
678;Tebliðlerin uluslararasý sayýlabilmesi için katýlýmcý ülkeler ve konuþmacý oranlarý ile ilgili aranan þartlar nelerdir?;Tebliðin sunulduðu etkinliðin uluslararasý sayýlabilmesi için Türkiye dýþýnda en az beþ farklý ülkeden sözlü teblið sunan konuþmacýnýn katýlým saðlamasý þarttýr. Ayrýca tebliðlerin yarýdan fazlasýnýn (%51 ve üzeri) Türkiye dýþýndan katýlýmcýlar tarafýndan sunulmuþ olmasý esastýr. Sadece beþ yabancý konuþmacýnýn olmasý yeterli deðildir, ülke çeþitliliði aranýr. Ek olarak etkinliðin uluslararasý niteliði için üniversite yönetim kurulu kararýnýn bulunmasý ve tebliðin tam metin olarak yayýmlanmasý zorunludur.;[Baþvuru Rehberi]|[Yönetmelik];Madde 40 / Madde 7(9);teblið|uluslararasý|ülke sayýsý|tam metin;hard
679;Akademik teþvik ödülü kategorisinde hangi tür belgeler ve ödüller kesinlikle kapsam dýþý býrakýlmýþtýr?;Tebliðler için verilen ödüller, dergi hakemlikleri için verilen ödüller, yayýn teþvik ödülleri, mansiyon ödülleri, teþekkür ve baþarý belgeleri, plaketler ve burslar kesinlikle puanlama dýþýdýr. Ayrýca araþtýrmacýnýn kadrosunun bulunduðu kendi üniversitesi tarafýndan verilen ödüller de deðerlendirmeye alýnmaz. Puanlanacak bilim ödülünün sürekli olmasý, en az beþ kez verilmiþ olmasý, akademik bir jüri tarafýndan deðerlendirilmiþ olmasý ve araþtýrmacýnýn uzmanlýk alaný ile ilgili olarak 2025 yýlýnda verilmiþ olmasý þarttýr.;[Baþvuru Rehberi]|[Yönetmelik];Madde 45 / Madde 7(10);ödül|kapsam dýþý|mansiyon|üniversite ödülü;easy
680;Akademik Teþvik Ödeneði Yönetmeliði uyarýnca en yüksek Devlet memuru brüt aylýðý tutarý nasýl tanýmlanmýþtýr?;"En yüksek Devlet memuru brüt aylýðý; 1.500 aylýk gösterge rakamý ile 8.000 ek gösterge rakamýnýn toplamý olan 9.500 gösterge rakamýnýn, memur aylýk katsayýsý ile çarpýmý sonucu bulunan tutardýr. Bu tutar akademik teþvik ödemesi formülünde temel bir çarpan olarak yer alýr. Ödeme miktarý bu brüt tutarýn araþtýrmacýnýn kadro unvan oranlarý (%70-100 arasý) ve hesaplanan akademik teþvik puanýnýn yüze bölünmesiyle elde edilen katsayý ile çarpýlmasýyla hesaplanýr. Katsayýlar memur maaþ katsayýsýna baðlý olarak deðiþir.";[Yönetmelik];Madde 3(ç) / Madde 8(1);brüt aylýk|gösterge|maaþ katsayýsý|hesaplama;hard
681;Akademik teþvik puaný hesaplanýrken her bir faaliyet türünün toplam teþvik puaný içindeki aðýrlýðý nasýl sýnýrlandýrýlmýþtýr?;Akademik teþvik puaný hesaplanýrken her bir akademik faaliyet türünün toplam puanýn hesaplanmasýndaki aðýrlýðý, akademik teþvik toplam puanýnýn %30’unu geçemez. Toplam akademik teþvik puaný ise hiçbir durumda 100 puaný aþamaz. Bu kural araþtýrmacýlarýn sadece tek bir alanda üretim yapmak yerine farklý akademik faaliyet alanlarýnda dengeli bir þekilde yer almasýný teþvik etmek amacýyla uygulanmaktadýr. Her kategori için Faaliyet Hesaplama Tablosu'ndaki (Tablo 4) üst sýnýrlar ayrýca geçerlidir.;[Yönetmelik];Madde 1(1) / Madde 8(3);üst sýnýr|aðýrlýk|puanlama|toplam puan;med
682;Üst komisyon üyeleri hangi kriterlere göre ve hangi süreyle görev yapmak üzere üniversite senatosu tarafýndan seçilir?;"Akademik Teþvik Düzenleme, Denetleme ve Ýtiraz Komisyonu üyeleri; yüksek akademik teþvik puanýna sahip öðretim üyeleri arasýndan, her doçentlik temel alanýndan en az bir kiþi olmak üzere rektörün önereceði üç aday arasýndan senato tarafýndan seçilir. Komisyon baþkan hariç en az dört üyeden oluþmak koþuluyla iki yýl süreyle seçilir. Süresi biten üyeler yeniden seçilebilir; komisyonun baþkanlýðýný ise rektör tarafýndan görevlendirilen bir rektör yardýmcýsý yürütür. Üyeliðin boþalmasý halinde ayný usulle yeni üye seçilir.";[Yönetmelik];Madde 4(1);üst komisyon|seçim|senato|görev süresi;med
683;Birim akademik teþvik baþvuru ve inceleme komisyonu üyeleri hangi makam tarafýndan seçilir ve asgari kaç kiþiden oluþur?;Birim komisyonu, yükseköðretim kurumlarýnýn her bölüm, anabilim dalý veya anasanat dalý baþkanlýklarý bünyesinde en az üç üyeden oluþacak þekilde kurulur. Komisyon üyeleri ilgili birimin Yönetim Kurulu tarafýndan, yüksek akademik teþvik puanýna sahip olan öðretim elemanlarý arasýndan seçilir. Bölümde yeterli öðretim elemaný bulunmamasý halinde üyeler yakýn alanlardaki öðretim elemanlarý ile tamamlanabilir. Birim akademik teþvik baþvuru ve inceleme komisyonu üyeleri iki yýl için seçilir ve süresi bitenler yeniden görev alabilir.;[Yönetmelik];Madde 5(1);birim komisyonu|seçim|yönetim kurulu|görev süresi;med
684;Akademik teþvik komisyonlarýnda kararlarýn alýnmasý ve oylama usulü ile ilgili uygulanan temel yasak ve kurallar nelerdir?;Hem üst komisyon hem de birim komisyonlarý, baþkan dahil üye tam sayýsýnýn salt çoðunluðu ile toplanýr ve katýlanlarýn salt çoðunluðu ile karar alýr. Oylarýn eþit olmasý halinde komisyon baþkanýnýn oyu yönünde karar verilmiþ sayýlýr. En kritik kurallardan biri, komisyon üyelerinin oylama sýrasýnda hiçbir þekilde çekimser oy kullanamayacak olmalarýdýr. Kararlar tutanak altýna alýnmalý ve deðerlendirme raporlarýnda yapýlan puan deðiþiklikleri gerekçeleriyle birlikte açýklanmalýdýr.;[Yönetmelik];Madde 4(2) / Madde 5(2);oylama|çekimser oy|karar yeter sayýsý|komisyon;hard
685;Çok isimli yayýn, teblið ve patentler için uygulanan (k) katsayýsý kiþi sayýsýna göre nasýl deðiþmektedir?;"Çok isimli faaliyetlerde (k) katsayýsý Tablo 1'e göre belirlenir: 1 kiþi için 1; 2 kiþi için 0,8; 3 kiþi için 0,6; 4 kiþi için 0,45; 5 kiþi için 1/5; 6 kiþi için 1/6; 7 veya daha fazla kiþi için ise 1/kiþi sayýsý olarak uygulanýr. Bu katsayý faaliyetin toplam puaný ile çarpýlarak her bir araþtýrmacýnýn bireysel puanýna ulaþýlmasýný saðlar. Bu paylaþým usulü ortak yürütülen akademik çalýþmalarýn adil puanlanmasý amacýyla yönetmelikte standartlaþtýrýlmýþtýr.";[Yönetmelik];Madde 8(4) / Tablo 1;k katsayýsý|yazar sayýsý|puanlama|paylaþým;easy
686;Projelerde görev alan öðretim elemanlarýnýn puaný hesaplanýrken kullanýlan (r) katsayýsý rollere göre nasýl belirlenmiþtir?;"Akademik teþvik projelerinde (r) katsayýsý Tablo 2'de belirlenmiþtir: Projenin ""Yürütücüsü"" olan öðretim elemaný için r=1 katsayýsý uygulanýrken; projede ""Araþtýrmacý"" veya ""Bursiyer"" olarak görev yapanlar için r=0,5 katsayýsý uygulanýr. Bu katsayý projenin türüne göre belirlenen faaliyet oraný ile çarpýlarak araþtýrmacýnýn o projeden alacaðý puanýn hesaplanmasýnda kullanýlýr. Sadece baþarýyla sonuçlanmýþ ve sonuç raporu onaylanmýþ projeler için bu katsayýlar üzerinden puanlama yapýlýr.";[Yönetmelik];Madde 8(5) / Tablo 2;r katsayýsý|proje rolü|yürütücü|araþtýrmacý;easy
687;SCI-Expanded, SSCI ve AHCI kapsamýndaki dergilerde yayýmlanan makaleler için kullanýlan (p) katsayýsý neye göre belirlenir?;"p katsayýsý, makalenin yayýmlandýðý yýl için derginin ISI Web of Science Çeyreklik (Quartile/Q) sýnýflandýrmasýna göre belirlenir: Q1 için 1; Q2 için 0,8; Q3 için 0,5; Q4 için 0,25 uygulanýr. AHCI kapsamýndaki dergiler için katsayý deðeri sabit 0,5 olarak uygulanýr. Eðer bir derginin Q deðeri henüz belirlenmemiþse en alt katsayý olan 0,25 deðeri esas alýnýr. Araþtýrmacýlarýn WOS üzerinden aldýklarý güncel Q deðerini gösteren belgeleri FUATS sistemine yüklemeleri zorunludur.";[Yönetmelik];Madde 8(6) / Tablo 3;p katsayýsý|quartile|Q deðeri|wos;hard
688;Akademik teþvik ödeneði hangi vergiden muaftýr ve diðer tazminatlarýn hesabýnda bir matrah olarak dikkate alýnýr mý?;Akademik teþvik ödeneði, damga vergisi hariç herhangi bir vergiye tabi tutulmaz. Ayrýca bu ödenek ilgili mevzuatý uyarýnca ödenmekte olan zam, tazminat, ödenek, döner sermaye ek ödemesi, ikramiye ve ücret gibi benzeri ödemelerin hesabýnda kesinlikle dikkate alýnmaz. Yani diðer yan ödemelerin matrahýna dahil edilmez ve onlardan baðýmsýz bir kalem olarak Þubat ayýndan itibaren 12 ay boyunca ödenir. Ödeme yapýlabilmesi için personelin aktif olarak aylýk alýyor olmasý þarttýr.;[Yönetmelik];Madde 10(2);vergi muafiyeti|damga vergisi|ek ödeme|mali hükümler;med
689;Akademik teþvik baþvurusu sýrasýnda yapýlan yanlýþ veya yanýltýcý beyanlarýn tespit edilmesi durumunda hangi yaptýrýmlar uygulanýr?;Ödeme yapýldýktan sonra dahi faaliyetlerin gerçeðe aykýrý olduðu veya yönetmelik kapsamýna girmediði tespit edilirse yapýlan tüm ödemeler kanuni faiziyle birlikte geri alýnýr. Ayrýca yanlýþ veya yanýltýcý bildirimde bulunanlar hakkýnda komisyonun tespitiyle idari inceleme baþlatýlýr ve cezai müeyyidelerin uygulanmasý gerekirse genel hukuk hükümleri uygulanýr. Bu süreç araþtýrmacýlarýn beyan ettikleri her türlü verinin ve sunduklarý dijital kanýtlarýn doðruluðundan þahsen sorumlu olduklarýný vurgulamaktadýr.;[Yönetmelik];Madde 10(5);yanlýþ beyan|yaptýrým|geri alma|kanuni faiz;hard
690;Milli Savunma Üniversitesi ve Polis Akademisi kadrolarýndaki öðretim elemanlarý akademik teþvik yönetmeliði hükümlerine tabi midir?;"Evet, Akademik Teþvik Ödeneði Yönetmeliði hükümleri Milli Savunma Üniversitesi, Jandarma ve Sahil Güvenlik Akademisi ile Polis Akademisi kadrolarýnda bulunan öðretim elemanlarý hakkýnda da aynen uygulanýr. Bu kurumlardaki akademik teþvik düzenleme, denetleme ve itiraz süreçlerine iliþkin hususlar; ilgisine göre rektör veya akademi baþkanlarý tarafýndan yönetmelik çerçevesinde belirlenir. Bu personel de devlet üniversitelerindeki meslektaþlarý gibi ayný faaliyet türleri ve puanlama esaslarý üzerinden teþvikten yararlanma hakkýna sahiptir.";[Yönetmelik];Madde 1(2) / Madde 9(1);MSÜ|polis akademisi|jandarma|kapsam;med
691;"Dergilerin ""Alan Ýndeksi"" kategorisinde puanlanabilmesi için hangi kurumlarýn tanýmladýðý ve onayladýðý listeler esas alýnmaktadýr?";Alan indeksleri, Üniversitelerarasý Kurul (ÜAK) Baþkanlýðý tarafýndan hazýrlanýp Yükseköðretim Kurulunca onaylanan doçentlik baþvurusu için kabul edilen endeksleri ifade eder. Bu kapsamda puanlama yapýlabilmesi için derginin ilgili alan indeksine girdiðini gösteren ÜAK sayfasýndan alýnmýþ belgenin FUATS sistemine yüklenmesi þarttýr. Alan indeksi puanlamasý sadece Eðitim Bilimleri, Mimarlýk, Sosyal, Beþeri ve Ýdari Bilimler ile Spor Bilimleri gibi yönetmelikte tanýmlanan belirli temel alanlar için geçerlidir.;[Baþvuru Rehberi]|[Yönetmelik];Madde 3(b) / Madde 26;alan indeksi|üak|doçentlik|indeks;hard
692;"Akademik teþvik kapsamýnda ""yurt dýþý araþtýrma"" faaliyeti için aylýk bazda belirlenen faaliyet oraný nedir?";"Yönetmeliðin Faaliyet Hesaplama Tablosu'na (Tablo 4) göre yurt dýþý araþtýrma faaliyetleri ay üzerinden deðerlendirilir ve her bir tam ay için faaliyet oraný 15 olarak belirlenmiþtir. Araþtýrmanýn puan alabilmesi için en az dört ay sürmesi þarttýr. Bu durumda dört aylýk bir yurt dýþý araþtýrma ""15 x 4 = 60"" oranýna sahip olur ve bu oran araþtýrma kategorisinin temel puaný olan 15 ile çarpýlarak (60% x 15) 9 puan kazandýrýr.";[Yönetmelik];Tablo 4 / Madde 7(3);araþtýrma|yurt dýþý|ay katsayýsý|puanlama;hard
693;TÜBÝTAK 1005 (Ulusal Yeni Fikirler ve Ürünler Araþtýrma Destek Programý) projesinde yürütücü olan birinin puan oraný kaçtýr?;"Yönetmeliðin Faaliyet Hesaplama Tablosu'na (Tablo 4) göre TÜBÝTAK 1005 ve 3001 projeleri için faaliyet oraný ""r x 70"" olarak belirlenmiþtir. Proje yürütücüsü için r katsayýsý 1 olduðundan, yürütücü bu projeden doðrudan 70 oranýnda puan alýr. Bu oran proje kategorisinin temel puaný olan 20 ile çarpýlarak (70% x 20) toplam 14 puan olarak teþvik puanýna yansýtýlýr. Projenin 2025 yýlýnda baþarýyla sonuçlanmýþ olmasý belgelenmelidir.";[Yönetmelik];Tablo 4 / Madde 8(5);tübitak 1005|proje|puanlama|yürütücü;med
694;"Akademik teþvik baþvurusu sýrasýnda öðretim elemanlarýnýn ""Kurum Deðiþikliði Beyan Formu"" sunmasý hangi durumda zorunludur?";Öðretim elemaný 2025 yýlý içerisinde baþka bir kurumdan (üniversite veya diðer kamu kurumlarý) naklen gelmiþ ise Kurum Deðiþikliði Beyan Formunun sunulmasý zorunludur. Bu formda araþtýrmacýnýn önceki kurumda ve üniversitemizde gerçekleþtirdiði faaliyetler ayrýntýlý olarak belirtilmelidir. Ayrýca YÖKSÝS çýktýsýnda her bir faaliyetin hangi kurum bünyesinde yapýldýðý da açýkça gösterilmelidir. Farklý kurumlarda gerçekleþtirilen faaliyetlerin deðerlendirilmesi, araþtýrmacýnýn þu an kadrosunun bulunduðu üniversitedeki komisyonca yapýlýr.;[Baþvuru Rehberi]|[Yönetmelik];Madde 8 / Madde 6(2);kurum deðiþikliði|beyan formu|naklen atama|yöksis;hard
695;Uluslararasý patentlerin akademik teþvik kapsamýnda deðerlendirilebilmesi için tescil belgesinde hangi teknik kriterler aranmaktadýr?;"Patent Ýþbirliði Antlaþmasý (PCT) kapsamýnda yapýlan baþvurularda; uluslararasý araþtýrma raporunun yazýlý görüþ kýsmýnda veya ön inceleme raporunda en az bir istemin patentlenebilirlik kriterlerini (yenilik, buluþ basamaðý, sanayiye uygulanabilirlik) saðladýðýnýn ifade edilmiþ olmasý þarttýr. Avrupa Patent Ofisi (EPO) tarafýndan verilen patentler de bu kapsamdadýr. Patentlerin tescil tarihinin 2025 yýlý olmasý esas alýnýr. Tescil belgesinin nüshasý veya yetkili mercilerce düzenlenen resmi onay raporu sisteme yüklenmelidir.";[Baþvuru Rehberi]|[Yönetmelik];Madde 33 / Madde 3(ö);patent|tescil|yenilik|buluþ basamaðý;hard
696;Birim akademik teþvik baþvuru ve inceleme komisyonunun kararlarýnda oylarýn eþitliði durumunda hangi kural iþletilir?;Birim akademik teþvik baþvuru ve inceleme komisyonu, baþkan dahil üye tam sayýsýnýn salt çoðunluðu ile toplanýr ve katýlanlarýn salt çoðunluðu ile karar alýr. Oylarýn eþit daðýlmasý durumunda komisyon baþkanýnýn oyu yönünde karar alýnmýþ sayýlýr. Komisyon üyelerinin oylama sýrasýnda çekimser oy kullanmalarý kesinlikle yasaktýr. Bu kural, üst komisyon olan Akademik Teþvik Düzenleme, Denetleme ve Ýtiraz Komisyonu için de Madde 4(2) uyarýnca aynen geçerlidir.;[Yönetmelik];Madde 5(2) / Madde 4(2);birim komisyonu|karar yeter sayýsý|oy eþitliði|çekimser oy;med
697;"Ödül kategorisinde yer alan ""YÖK Yýlýn Doktora Tezi Ödülü"" akademik teþvik puanlamasýnda kaç faaliyet oranýna sahiptir?";Yönetmeliðin Faaliyet Hesaplama Tablosu'na (Tablo 4) göre YÖK Yýlýn Doktora Tezi Ödülü %100 faaliyet oranýna sahiptir. Bu oran ödül kategorisinin temel puaný olan 20 ile çarpýldýðýnda araþtýrmacýya 20 tam puan kazandýrýr. Benzer þekilde TÜBÝTAK Bilim Ödülü ve TÜBA Akademi Ödülü de %100 oran ile deðerlendirilir. Ödülün 2025 yýlýnda verilmiþ olmasý ve yetkili mercilerce onaylanmýþ belgesinin sisteme yüklenmesi þarttýr.;[Yönetmelik];Tablo 4 (Ödül);yök ödülü|doktora tezi|puanlama|ödül;easy
698;Akademik teþvik baþvurusu sýrasýnda öðretim elemanlarý kanýtlayýcý belgelerini fiziksel dosya olarak teslim etmeli midir?;Hayýr, akademik teþvik baþvurularýnda öðretim elemanlarý sadece YÖKSÝS ve FUATS sistem çýktýlarýný imzalayarak fiziksel olarak birimlerine teslim edeceklerdir. Faaliyetlere iliþkin tüm örnek, kanýt ve belgeler ise sadece elektronik ortamda FUATS sistemi (https://akademiktesvik.firat.edu.tr) üzerinden sunulmalýdýr. Fiziksel dosya veya kanýt dökümaný teslimi yapýlmayacaðý takvimde açýkça belirtilmiþtir. Ýnceleme komisyonlarý tüm deðerlendirmeleri bu dijital belgeler üzerinden yapacaktýr.;[Takvim]|[Baþvuru Rehberi];02-11 Ocak 2026;kanýt|elektronik sunum|belge teslimi|fuats;easy
699;Ýlan edilen akademik teþvik sonuçlarýna karþý yapýlacak itirazlarýn deðerlendirilmesi ve nihai karara baðlanmasý ne kadar sürer?;Üst komisyon tarafýndan alýnan itirazlar, itiraz süresinin bittiði tarihten itibaren en geç beþ iþ günü içerisinde deðerlendirilerek nihai karara baðlanýr. Fýrat Üniversitesi 2026 takvimine göre bu süreç 01-05 Þubat 2026 tarihleri arasýndadýr. Komisyonun itirazlar sonucunda vereceði bu kararlar kesindir ve üniversite bünyesinde baþka bir itiraz merci bulunmamaktadýr. Kesinleþen listeler 06 Þubat tarihinde ödeme birimlerine bildirilir.;[Takvim]|[Yönetmelik];Madde 6(6) / 01-05 Þubat 2026;itiraz|nihai karar|üst komisyon|takvim;med
700;"Hangi tür ses veya görüntü kayýtlarý akademik teþvik kapsamýnda ""yayýn"" kategorisinde puanlanabilmektedir?";Dergilerdeki yayýnlarýn yaný sýra ses ve görüntü kayýtlarý da teþvik kapsamýndadýr. Ulusal ve uluslararasý boyutta performansa dayalý ses ve görüntü kayýtlarýnýn deðerlendirilmesinde mutlaka yayýmlanmýþ olma koþulu aranýr. Uluslararasý boyutta kiþisel veya karma kayýtlar ile ulusal boyutta kiþisel kayýtlar puanlamaya dahildir. Müzik ve Konservatuvar bölümleri için CD, DVD veya benzeri ortamdaki kayýtlara yönelik bandrol belgesinin sunulmasý zorunludur.;[Yönetmelik]|[Baþvuru Rehberi];Madde 7(4) / Madde 28;ses kaydý|görüntü kaydý|bandrol|yayýn;med
701;"Dergilerde yayýmlanan ""vaka takdimi"" veya ""editöre mektup"" gibi kýsa makaleler akademik teþvik puanlamasýnda nasýl hesaplanmaktadýr?";"SCI, SCI-Expanded, SSCI ve AHCI kapsamýndaki dergilerde müstakil yayýmlanmýþ vaka takdimi, editöre mektup, teknik not, araþtýrma notu ve kitap eleþtirisi gibi kýsa makaleler puanlamaya dahildir. Bu tür yayýnlar için ""k x p x 30"" (A1/A3 alanlarý) veya ""k x p x 40"" (A2/A4 alanlarý) formülü uygulanýr. Bu oranlar, tam araþtýrma makalesi puanýnýn yarýsýna denk gelmektedir. Puanlama için yayýnýn cilt/sayfa numarasý alarak yayýmlanmýþ olmasý zorunludur.";[Yönetmelik];Madde 8(6) / Tablo 4;kýsa makale|vaka takdimi|puanlama|hesaplama;hard
702;Ayný yayýn veya esere bir kitabýn farklý bölümlerinde yapýlan atýflar akademik teþvik puanlamasýnda nasýl sayýlmaktadýr?;Ayný yayýn veya esere bir kitabýn farklý bölümlerinde veya kýsýmlarýnda yapýlan atýflar normal þartlarda yalnýzca bir atýf olarak deðerlendirilir. Ancak, bu kuralýn bir istisnasý mevcuttur: Eðer kitabýn her bir bölümünün yazarlarý farklý ise, bu farklý bölümlerde ayný esere yapýlan her bir atýf için ayrý ayrý puan deðerlendirmesi yapýlýr. Bu durumun belgelenmesi için kitabýn içindekiler sayfasý ve ilgili kaynakça sayfalarýnýn FUATS sistemine yüklenmesi araþtýrmacýnýn sorumluluðundadýr.;[Baþvuru Rehberi]|[Yönetmelik];Madde 37 / Madde 7(8);atýf|mükerrer atýf|kitap bölümü|puanlama;hard
703;"Sergi faaliyetlerinde ""tekrarlayan etkinlikler"" için uygulanan puanlama kýsýtlamasý tam olarak nedir?";Ayný yýl içerisinde tekrar eden sergi, konser, festival ve gösteri gibi sanatsal etkinliklerin puanlanmasýnda en çok iki tekrar dikkate alýnýr. Ýlk etkinlik için tam puan verilirken, ikinci tekrar etkinlik için mevcut faaliyet puanýnýn yarýsý (%50'si) uygulanýr. Ýkiden fazla tekrar eden ayný içerikli faaliyetler için ise hiçbir puanlama yapýlmaz. Sergilerin deðerlendirilmesinde serginin açýldýðý ve tamamlandýðý tarih (2025 yýlý) esas alýnýr. Eðitim-öðretim ve öðrenci kulüpleri kapsamýndaki sergiler puanlanmaz.;[Baþvuru Rehberi]|[Yönetmelik];Madde 32 / Madde 7(6);sergi|tekrar|puanlama|kýsýtlama;med
704;"Dergilerin ""Diðer uluslararasý hakemli dergiler"" kategorisinde puanlanabilmesi için hangi yayýn süresi þartýný saðlamasý gerekir?";Bir derginin bu kategoride deðerlendirilebilmesi için en az beþ yýldýr yýlda en az bir sayý ile düzenli olarak yayýmlanýyor olmasý þarttýr. Ayrýca derginin editör veya yayýn kurulunun uluslararasý olmasý, bilimsel deðerlendirme sürecinin internet sayfasýnda ilan edilmiþ olmasý ve yayýmlanmýþ makale künyelerine dijital olarak ulaþýlabilmesi gerekir. Yayýn hayatý beþ yýldan az olan dergilerde çýkan makaleler teþvik kapsamýna dahil edilmez. Araþtýrmacýlar derginin arþiv bilgilerini FUATS üzerinden beyan etmelidir.;[Baþvuru Rehberi]|[Yönetmelik];Madde 21 / Madde 7(4);dergi|yayýn süresi|uluslararasý|kriter;med
705;Tebliðlerin sunulduðu etkinliðin uluslararasý niteliðini teyit etmek amacýyla ödemeye esas hangi resmi belge gereklidir?;"Bir tebliðin sunulduðu etkinliðin uluslararasý sayýlabilmesi için beþ farklý ülkeden konuþmacý katýlýmý gibi teknik kriterlerin yaný sýra resmi bir onay þartý vardýr. Etkinliðin uluslararasý niteliði haiz olup olmadýðý hususunda, ödemeye esas teþkil etmek üzere mutlaka ""üniversite yönetim kurulu kararý"" bulunmalýdýr. Bu karar bulunmayan etkinliklerde sunulan tebliðler, diðer þartlarý saðlasa dahi uluslararasý kategoride puanlanmaz. Araþtýrmacýlarýn bu kararý veya teyit belgesini kanýt olarak sisteme yüklemeleri zorunludur.";[Baþvuru Rehberi]|[Yönetmelik];Madde 40 / Madde 7(9);teblið|yönetim kurulu|onay|uluslararasý;hard
706;"Güzel Sanatlar temel alanýndaki ""A4"" branþlarý için uluslararasý kiþisel ses veya görüntü kaydý kaç puan oranýna sahiptir?";Faaliyet Hesaplama Tablosu'na (Tablo 4) göre, sadece A4 (Güzel Sanatlar) temel alaný için geçerli olan uluslararasý boyutta performansa dayalý yayýmlanmýþ kiþisel ses ve/veya görüntü kayýtlarý için faaliyet oraný 20 olarak belirlenmiþtir. Karma ses veya görüntü kayýtlarýnda ise bu oran 10'dur. Bu kayýtlarýn puanlanabilmesi için 2025 yýlý içerisinde yayýmlanmýþ olmasý ve Müzik/Konservatuvar bölümleri için bandrol belgesinin sunulmasý þarttýr. Diðer temel alanlarda ses kaydý için oran tanýmlanmamýþtýr.;[Yönetmelik];Tablo 4 / Madde 8(7);ses kaydý|güzel sanatlar|A4 alaný|puanlama;hard
707;TÜBÝTAK projeleri için akademik teþvik baþvurusu sýrasýnda FUATS sistemine bilimsel kurul deðerlendirme raporu yüklenmeli midir?;Baþvuru Rehberi'nin 13. maddesine göre bilimsel kurul deðerlendirme raporlarý TÜBÝTAK projeleri için geçerli deðildir ve sisteme yüklenmesi zorunlu tutulmamýþtýr. TÜBÝTAK projeleri için sadece destekleyen kuruluþ (TÜBÝTAK) tarafýndan projenin sonuçlandýðýný veya kapatýldýðýný gösteren onaylý resmi belgenin sunulmasý yeterlidir. Ancak TÜBÝTAK dýþýndaki diðer ulusal veya uluslararasý özel/resmi kurum ve kuruluþlar tarafýndan desteklenen Ar-Ge projeleri için bu tür deðerlendirme raporlarýnýn sunulmasý gerekebilir.;[Baþvuru Rehberi];Madde 13;tübitak|proje belgeleri|deðerlendirme raporu|fuats;med
708;"Akademik teþvik puaný hesaplanýrken iki yazarlý bir makale veya patent için ""k"" katsayýsý deðeri kaçtýr?";"Yönetmelikte yer alan Tablo 1'e göre, çok isimli yayýnlarda (makale, derleme, kitap) ve patentlerde yazar sayýsý iki olduðunda uygulanacak ""k"" katsayýsý 0,8 olarak belirlenmiþtir. Bu katsayý faaliyet türü için belirlenen temel oran ile çarpýlarak bireysel puanýn hesaplanmasýnda kullanýlýr. Tek yazarlý bir eserde katsayý tam deðer olan 1 iken, yazar sayýsý arttýkça katsayý düþmektedir. Üç kiþi için 0,6, dört kiþi için 0,45 katsayýsý uygulanýr.";[Yönetmelik];Madde 8(4) / Tablo 1;k katsayýsý|iki isimli|paylaþým|hesaplama;easy
709;Özel bir paylaþým oraný bulunmayan karma sanatsal etkinliklerde puanlama kiþi sayýsýna bölünür mü?;"Normalde çok katýlýmcý faaliyetlerde oran/kiþi sayýsý dikkate alýnýrken; sergi faaliyet türündeki karma etkinlikler ile uluslararasý boyutta performansa dayalý yayýmlanmýþ karma ses veya görüntü kayýtlarý bu kuraldan muaftýr. Bu tür faaliyetlerde katýlýmcý sayýsýna bakýlmaksýzýn her bir öðretim elemanýna tam puan verilir. Bu istisna dýþýnda kalan tüm akademik faaliyetlerde (yayýn, teblið, patent vb.) yazar sayýsýna göre belirlenen (k) katsayýsý üzerinden puan paylaþýmý yapýlmasý zorunludur.";[Yönetmelik];Madde 8(7);karma etkinlik|istisna|kiþi sayýsý|ses kaydý;hard
710;Yabancý uyruklu öðretim elemanlarý akademik teþvik ödeneðinden faydalanabilir mi ve bu konudaki yönetmelik hükmü nedir?;"Hayýr, Akademik Teþvik Ödeneði Yönetmeliði'nin 6. maddesinin 9. fýkrasý uyarýnca yabancý uyruklu öðretim elemanlarý bu ödenekten kesinlikle yararlanamazlar. Teþvik ödeneði sadece devlet yükseköðretim kurumlarý kadrolarýnda bulunan Türk vatandaþý öðretim elemanlarýný kapsamaktadýr. Yabancý uyruklu personel sistem üzerinden faaliyet beyanýnda bulunsa dahi puan hesaplamasý yapýlmaz ve ödeme listelerine dahil edilmezler. Bu kuralýn herhangi bir istisnasý yönetmelikte yer almamaktadýr; personelin uyrukluk bilgisi ilgili birimlerce denetlenir.";[Yönetmelik];Madde 6(9);yabancý uyruklu|kapsam dýþý|öðretim elemaný|ödeme;"easy"""
711;Fýrat Üniversitesi akademik teþvik sürecinde öðretim elemanlarýnýn baþvurularýný tamamlamasý için belirlenen resmi tarih aralýðý ve yöntem nedir?;"Öðretim elemanlarý baþvurularýný 02-11 Ocak 2026 tarihleri arasýnda yapmalýdýr; baþvurular kadrolarýnýn bulunduðu birimin akademik teþvik baþvuru ve inceleme komisyonuna sunulur; süreçte YÖKSÝS çýktýsý ve FUATS sistem çýktýsýnýn her sayfasýnýn imzalanmasý zorunludur; kanýtlayýcý belgeler ise fiziksel dosya yerine tamamen elektronik ortamda FUATS üzerinden teslim edilmelidir.";[Takvim];02-11 Ocak 2026;baþvuru|tarih|fuats|yöksis;easy
712;Birim akademik teþvik baþvuru ve inceleme komisyonu kendisine sunulan baþvurularý hangi tarihler arasýnda inceleyerek sisteme giriþ yapmalýdýr?;"Birim komisyonu öðretim elemanlarýnca yapýlan baþvurularý 12-15 Ocak 2026 tarihleri arasýnda FUATS sistemi üzerinden inceler; teþvik almaya hak kazananlarýn 15 Ocak 2026 tarihinde sisteme giriþi yapýlýr; ayný gün onaylý YÖKSÝS ve FUATS sistem çýktýlarý ilgili Dekanlýk veya Müdürlüklere gönderilir; komisyon deðerlendirmelerini yönetmelik hükümlerine uygun olarak yapmak ve belgeleri eksiksiz þekilde üst komisyona iletilmek üzere hazýrlamakla yükümlüdür.";[Takvim];12-15 Ocak 2026;birim komisyonu|inceleme|veri giriþi|takvim;med
713;Üst komisyon tarafýndan baþvurularýn deðerlendirilmesi ve teþvik almaya hak kazananlarýn ilan edilmesi hangi tarihlerde gerçekleþtirilecektir?;"Akademik Teþvik Düzenleme, Denetleme ve Ýtiraz Komisyonu baþvurularý 17-24 Ocak 2026 tarihleri arasýnda deðerlendirir; deðerlendirme süreci tamamlandýktan sonra sonuçlar 25 Ocak 2026 tarihinde ilan edilir; ilan iþlemi üniversitenin FUATS sistemi üzerinden gerçekleþtirilir; ilan edilen sonuçlar araþtýrmacýlarýn kazandýklarý puanlarý ve deðerlendirme detaylarýný kapsar; bu tarih ayný zamanda yasal itiraz sürecinin baþlangýcýndan bir gün öncesini temsil etmektedir.";[Takvim];17-25 Ocak 2026;ilan|üst komisyon|deðerlendirme|sonuç;easy
714;Akademik teþvik sonuçlarýna karþý itirazlarýn teslim edileceði makam ve takvimde belirlenen teslim yöntemi nasýldýr?;"Ýlan edilen sonuçlara karþý yapýlacak itirazlar 26-30 Ocak 2026 tarihleri arasýnda kabul edilmektedir; itiraz dilekçelerinin mutlaka Rektör Yardýmcýlýðý Makamýna þahsen ve elden teslim edilmesi zorunludur; yönetmelik ve takvim hükümleri gereði posta, kargo veya e-posta yoluyla yapýlan baþvurular kabul edilmez; elden teslim edilen dilekçeler üst komisyon tarafýndan 01-05 Þubat 2026 tarihleri arasýnda deðerlendirilerek nihai karara baðlanýr.";[Takvim]|[Baþvuru Rehberi];26-30 Ocak 2026;itiraz|dilekçe|elden teslim|rektör yardýmcýsý;med
715;Kesin listelerin oluþturulmasý ve ödeme birimlerine bildirilmesi süreci takvime göre hangi tarihte sonuçlandýrýlacaktýr?;"Akademik teþvik sürecinde kesin listeler 06 Þubat 2026 tarihinde oluþturulur; bu listeler teþvik almaya hak kazanan öðretim elemanlarýna ödeme yapýlabilmesi amacýyla ilgili harcama birimlerine ayný gün bildirilir; ödemeler Þubat ayýnýn on beþinden itibaren on iki ay süreyle her ayýn on beþinde yapýlýr; ödeme yapýlabilmesi için araþtýrmacýnýn en az otuz puan almýþ olmasý ve aylýk alýyor olmasý þarttýr.";[Takvim]|[Yönetmelik];06 Þubat 2026;kesin liste|ödeme|harcama birimi|takvim;easy
716;Vakýf üniversitelerinden devlet üniversitelerine geçen öðretim elemanlarýnýn akademik teþvik baþvurusu yaparken uymasý gereken temel kýsýtlama nedir?;"Vakýf üniversitelerinden devlet üniversitelerine geçen öðretim elemanlarý sadece devlet üniversitelerinde görev yaptýklarý süre içerisinde gerçekleþtirdikleri faaliyetler için teþvik baþvurusunda bulunabilirler; vakýf üniversitelerinde görevliyken yürütülen projeler veya yayýmlanan makaleler devlet kurumuna geçilse dahi puanlamaya dahil edilmez; bu araþtýrmacýlarýn YÖKSÝS çýktýsýnda her faaliyetin hangi kurum bünyesinde yapýldýðýný göstermeleri ve Kurum Deðiþikliði Beyan Formunu sunmalarý zorunludur.";[Baþvuru Rehberi];Baþvuru Dokümanlarý Genel Bilgilendirme;vakýf üniversitesi|kurum deðiþikliði|devlet üniversitesi|kýsýtlama;hard
717;Teþvik baþvurusu sýrasýnda sunulacak YÖKSÝS ve FUATS sistem çýktýlarý için uygulanan imza kuralý nedir?;"Akademik teþvik ödeneði baþvurusunda bulunacak araþtýrmacýlarýn YÖKSÝS çýktýsý ve FUATS sistem çýktýsýný her sayfasý imzalý olarak sunmalarý zorunludur; sadece son sayfanýn imzalanmasý veya eksik imza içeren belgelerin teslim edilmesi baþvurunun geçersiz sayýlmasýna neden olabilir; araþtýrmacýlar beyan ettikleri verilerin doðruluðunu bu þekilde her sayfa bazýnda onaylamýþ sayýlýrlar; imzalý dökümanlar birim komisyonlarýna teslim edilirken kanýtlayýcý tüm dökümanlar ise elektronik ortamda sunulur.";[Baþvuru Rehberi];Madde 8;imza|yöksis|fuats|onay;easy
718;Döner sermaye üzerinden yürütülen dýþ kaynaklý projelerin akademik teþvik kapsamýnda puanlanabilmesi için gereken þartlar nelerdir?;"Döner sermaye üzerinden yapýlan projelerin deðerlendirilebilmesi için projenin Ar-Ge niteliði taþýmasý ve toplam proje süresinin dokuz aydan az olmamasý þarttýr; ayrýca projenin maddi desteðinin üniversiteye aktarýlmýþ olmasý ve projenin 2025 yýlý içerisinde baþarýyla sonuçlanarak raporunun onaylanmýþ olmasý gerekmektedir; süresi dokuz aydan az olan veya Ar-Ge niteliði bulunmayan döner sermaye iþleri kapsam dýþýdýr; bilirkiþilikler ve danýþmanlýklar da puanlama dýþý tutulmuþtur.";[Baþvuru Rehberi]|[Yönetmelik];Madde 11 / Madde 7(2);döner sermaye|proje|Ar-Ge|süre;hard
719;Yükseköðretim kurumlarý tarafýndan desteklenen Bilimsel Araþtýrma Projeleri (BAP) akademik teþvik puanlamasýna dahil edilebilir mi?;"Hayýr, yükseköðretim kurumlarý tarafýndan desteklenen bilimsel araþtýrma projeleri (BAP) akademik teþvik kapsamýnda deðerlendirmeye alýnmaz; benzer þekilde TÜBÝTAK-1002 projeleri, araþtýrma altyapýsý oluþturma projeleri, giriþimcilik projeleri ve öðrenci projeleri de kapsam dýþý býrakýlmýþtýr; araþtýrmacýlarýn bu tür projeleri FUATS sistemine girmemeleri gerekmektedir; sadece yönetmelikte açýkça belirtilen TÜBÝTAK akademik destekleri ve dokuz aydan uzun süren dýþ kaynaklý Ar-Ge projeleri için teþvik puaný talep edilebilir.";[Baþvuru Rehberi];Madde 12;BAP|proje|kapsam dýþý|tübitak 1002;easy
720;Araþtýrma faaliyetinin puanlanabilmesi için kurum dýþý görevlendirme süresi ve resmi onay þartý nedir?;"Araþtýrma faaliyetinin deðerlendirilebilmesi için araþtýrmacýnýn kurum dýþýnda en az dört ay süreyle tam zamanlý görevlendirilmiþ olmasý þarttýr; bu görevlendirmenin üniversite yönetim kurulu tarafýndan resmi bir izin kararý ile yapýlmýþ olmasý gerekmektedir; dört aydan az süren araþtýrmalar kesinlikle deðerlendirmeye alýnmaz; araþtýrmanýn 2025 yýlý içerisinde tamamlanmýþ olmasý ve sonuç raporunun ilgili kurumca baþarýlý bulunarak onaylanmýþ olmasý zorunluluktur; eylem planý ve fizibilite raporu gibi çalýþmalar kapsam dýþýdýr.";[Baþvuru Rehberi]|[Yönetmelik];Madde 16 / Madde 7(3);araþtýrma|süre|görevlendirme|yönetim kurulu;med
721;Kitaplarýn akademik teþvik kapsamýnda yayýn olarak puanlanabilmesi için sahip olmasý gereken zorunlu numara nedir?;"Yayýn kategorisindeki kitaplarýn deðerlendirilebilmesi için ISBN (Uluslararasý Standart Kitap Numarasý) numarasýna sahip olmasý esastýr; kitap yazarlýðý, bölüm yazarlýðý veya editörlük faaliyetleri yayýneviyle yapýlan sözleþme veya davet mektubu gibi evraklarla belgelenmelidir; kitabýn mutlaka 2025 takvim yýlý içerisinde yayýmlanmýþ olmasý gerekmektedir; daha önce deðerlendirilen bir kitabýn yeni baskýlarý puanlamaya dahil edilmez; sýnavlar için hazýrlanan soru kitaplarý ve küratörlük kitaplarý ise kapsam dýþý tutulmuþtur.";[Baþvuru Rehberi]|[Yönetmelik];Madde 19 / Madde 7(4);kitap|ISBN|yayýn|sözleþme;easy
722;Tanýnmýþ uluslararasý yayýnevi sayýlabilmesi için yayýnevinin faaliyet süresi ve yayýn dili ile ilgili kriterler nelerdir?;"Tanýnmýþ uluslararasý yayýnevi en az beþ yýldýr uluslararasý düzeyde düzenli faaliyet yürüten ve Türkçe dýþýndaki dillerde ayný alanda farklý yazarlara ait en az yirmi kitap yayýmlamýþ olan yayýnevidir; bu kriterleri saðlayan yayýnevlerinden çýkan özgün bilimsel kitaplar uluslararasý kategoride puanlanýr; araþtýrmacýlarýn yayýnevinin bu özellikleri taþýdýðýný gösteren belgeleri veya yayýnevi internet sayfasý dökümanlarýný FUATS sistemine yüklemeleri zorunludur; sadece Türkçe yayýn yapan yayýnevleri bu kapsamda deðerlendirilmez.";[Baþvuru Rehberi]|[Yönetmelik];Madde 20 / Madde 3(l);uluslararasý yayýnevi|dil þartý|yayýn|kitap;hard
723;Dergilerde gerçekleþtirilen editörlük faaliyetlerinde puanlama yapýlýrken uygulanan temel kýsýtlamalar ve kurallar nelerdir?;"Dergilerde editörlük faaliyetinde yýllýk yayýnlanan dergi sayýsýna bakýlmaksýzýn sadece bir editörlük görevi dikkate alýnýr; çok editörlü dergilerde sadece baþ editör teþvik kapsamýndadýr; yardýmcý editörlükler puanlanmaz; ayrýca editör kurulu üyelikleri yönetmelik deðiþikliði ile tamamen teþvik kapsamýndan çýkartýlmýþtýr; araþtýrmacýlarýn editör olduklarýný gösteren web sitesi ekran görüntüsünü ve dergi indeks bilgisini sisteme yüklemeleri þarttýr; farklý dergilerde de olsa sadece tek bir editörlük puanlanýr.";[Baþvuru Rehberi]|[Yönetmelik];Madde 25 / Madde 7(4);editörlük|baþ editör|kýsýtlama|dergi;med
724;Müzik ve Konservatuvar bölümleri için ses veya görüntü kayýtlarýnýn deðerlendirilmesinde sunulmasý gereken zorunlu belge nedir?;"Müzik ve Konservatuvar bölümleri için performansa dayalý etkinliklerin ulusal veya uluslararasý niteliðini gösteren belgeler sunulmalýdýr; özellikle CD, DVD veya benzeri ortamdaki kayýtlara yönelik bandrol verildiðini gösterir belgenin sunulmasý zorunluluktur; ulusal veya uluslararasý boyutta performansa dayalý kayýtlarýn deðerlendirilmesinde yayýmlanmýþ olma koþulu aranýr; bestecilik veya yorumculuk gibi faaliyetlerde de etkinliðin 2025 yýlýnda yayýmlandýðý kanýtlanmalýdýr; bandrolü bulunmayan kayýtlar kapsam dýþýdýr.";[Baþvuru Rehberi]|[Yönetmelik];Madde 28 / Madde 7(4);ses kaydý|bandrol|müzik|konservatuvar;med
725;Tasarým faaliyetlerinin akademik teþvik puaný alabilmesi için ticarileþme veya tescil ile ilgili hangi þartlar aranýr?;"Tasarýmýn deðerlendirilebilmesi için bilim, teknoloji ve sanata katký saðlayýcý nitelikte ve araþtýrmacýnýn kendi alaný ile ilgili olmasý þarttýr; tasarýmýn kamu kurumlarý veya özel hukuk tüzel kiþileriyle yapýlan sözleþme uyarýnca uygulanmýþ veya ticarileþtirilmiþ olmasý zorunludur; ayrýca tasarýmýn 2025 yýlý içerisinde uygulamaya konulmuþ veya tescil edilmiþ olmasý gerekmektedir; tescilsiz veya ticarileþmemiþ taslak aþamasýndaki çizimler puanlanmaz; baþvuru sýrasýnda tasarým dosyasý ve uygulama belgesi sunulmalýdýr.";[Baþvuru Rehberi]|[Yönetmelik];Madde 30 / Madde 7(5);tasarým|ticarileþme|tescil|sözleþme;hard
726;Sergi faaliyetlerinin uluslararasý sayýlabilmesi için hangi üniversite biriminin onay belgesi veya kurul kararý gereklidir?;"Bir serginin uluslararasý olarak deðerlendirilebilmesi için serginin uluslararasý nitelikte olduðunun ilgili bölüm, anabilim dalý veya anasanat dalý kurullarýnca onaylanmýþ olmasý þarttýr; araþtýrmacýlarýn bu birim kurullarýndan alýnan resmi onay kararýný veya tutanaðýný FUATS sistemine yüklemeleri zorunludur; ayrýca sergi faaliyetlerinde sanata katký saðlayýcý nitelik aranýr ve serginin tamamlandýðý tarih esas alýnýr; eðitim-öðretim ve öðrenci kulüp faaliyetleri kapsamýndaki sergiler deðerlendirme dýþýdýr.";[Baþvuru Rehberi]|[Yönetmelik];Madde 31 / Madde 7(6);sergi|uluslararasý|onay|kurul kararý;med
727;Patent faaliyetlerinde ulusal ve uluslararasý patentlerin puanlanabilmesi için aranan temel tescil þartý nedir?;"Patentlerin deðerlendirilebilmesi için ulusal veya uluslararasý yetkili kurumlarca tescillenmiþ olmasý ve tescil tarihinin 2025 yýlý olmasý þarttýr; ulusal patentlerde inceleme raporu sonucunda Türk Patent ve Marka Kurumu tarafýndan verilen tesciller kabul edilir; ulusal incelemesiz patentler ise deðerlendirme kapsamý dýþýndadýr; birden fazla ülkede tescillenen ayný içerikli patentler için sadece bir kez baþvuru yapýlabilir; baþvuru sýrasýnda tescil belgesinin nüshasý sisteme yüklenmelidir.";[Baþvuru Rehberi]|[Yönetmelik];Madde 34 / Madde 7(7);patent|tescil|ulusal|uluslararasý;hard
728;"Atýf faaliyetlerinin puanlanmasýnda ""self-citation"" (öz-atýf) yasaðýna dair kurallar yönetmelikte nasýl düzenlenmiþtir?";"Akademik teþvik sisteminde araþtýrmacýnýn kendi yayýnlarýna veya eserlerine yaptýðý atýflar kesinlikle kapsam dýþýdýr; sadece baþvuru sahibinin yazar olarak yer almadýðý, baþka araþtýrmacýlar tarafýndan 2025 yýlýnda yayýmlanmýþ çalýþmalardaki atýflar dikkate alýnýr; ayrýca araþtýrmacýnýn sadece devlet yükseköðretim kurumlarýnda görev yaptýðý sýrada ürettiði yayýnlarýna yapýlan atýflar geçerli kabul edilir; atýflarýn deðerlendirilmesinde kiþi sayýsý dikkate alýnmaz; her bir baþvuru sahibi için ayrý puanlama yapýlýr.";[Baþvuru Rehberi]|[Yönetmelik];Madde 37 / Madde 7(8);atýf|self-citation|kapsam dýþý|kýsýtlama;med
729;Tebliðlerin uluslararasý sayýlabilmesi için katýlýmcý ülkeler ve konuþmacý oranlarý ile ilgili aranan þartlar nelerdir?;"Tebliðin sunulduðu etkinliðin uluslararasý sayýlabilmesi için Türkiye dýþýnda en az beþ farklý ülkeden sözlü teblið sunan konuþmacýnýn katýlým saðlamasý þarttýr; ayrýca tebliðlerin yarýdan fazlasýnýn Türkiye dýþýndan katýlýmcýlar tarafýndan sunulmuþ olmasý esastýr; sadece beþ yabancý konuþmacýnýn olmasý yeterli deðildir, ülke çeþitliliði aranýr; ek olarak etkinliðin uluslararasý niteliði için üniversite yönetim kurulu kararýnýn bulunmasý ve tebliðin tam metin olarak yayýmlanmasý zorunludur.";[Baþvuru Rehberi]|[Yönetmelik];Madde 40 / Madde 7(9);teblið|uluslararasý|ülke sayýsý|tam metin;hard
730;Akademik teþvik ödülü kategorisinde hangi tür belgeler ve ödüller kesinlikle kapsam dýþý býrakýlmýþtýr?;"Tebliðler için verilen ödüller, dergi hakemlikleri için verilen ödüller, yayýn teþvik ödülleri, mansiyon ödülleri, teþekkür ve baþarý belgeleri, plaketler ve burslar kesinlikle kapsam dýþýdýr; ayrýca araþtýrmacýnýn kadrosunun bulunduðu kendi üniversitesi tarafýndan verilen ödüller de deðerlendirmeye alýnmaz; puanlanacak bilim ödülünün sürekli olmasý, en az beþ kez verilmiþ olmasý, akademik bir jüri tarafýndan deðerlendirilmiþ olmasý ve araþtýrmacýnýn uzmanlýk alaný ile ilgili olarak 2025 yýlýnda verilmiþ olmasý þarttýr.";[Baþvuru Rehberi]|[Yönetmelik];Madde 45 / Madde 7(10);ödül|kapsam dýþý|mansiyon|üniversite ödülü;easy
731;Birim akademik teþvik baþvuru ve inceleme komisyonu tarafýndan hazýrlanan deðerlendirme raporlarýnda zorunlu olan açýklama nedir?;"Birim akademik teþvik baþvuru ve inceleme komisyonu tarafýndan hazýrlanan deðerlendirme raporunda reddedilen veya puan deðerinde deðiþiklik yapýlan her bir akademik faaliyetle ilgili olarak açýklamada bulunulmasý zorunludur; bu açýklamalar yönetmelik maddelerine dayandýrýlmalý ve araþtýrmacýya bildirilmelidir; raporlar dekan veya müdür tarafýndan onaylanarak ilan edilen takvime uygun þekilde üst komisyona iletilir; gerekçesiz yapýlan puan deðiþiklikleri üst komisyon incelemesinde tekrar deðerlendirmeye alýnabilir.";[Takvim]|[Yönetmelik];Madde 6(4);deðerlendirme raporu|gerekçe|puan deðiþikliði|komisyon;med
732;Akademik teþvik puaný hesaplanýrken her bir faaliyet türünün toplam puan içindeki aðýrlýðý nasýl sýnýrlandýrýlmýþtýr?;"Akademik teþvik toplam puanýnýn hesaplanmasýnda, her bir akademik faaliyet türünün aðýrlýðý toplam akademik teþvik puanýnýn %30’unu geçemez; toplam akademik teþvik puaný ise hiçbir durumda yüz puaný aþamaz; bu kural araþtýrmacýlarýn akademik faaliyetlerini farklý türlere yaymalarýný saðlamak amacýyla getirilmiþtir; hesaplamalar Tablo 4'teki faaliyet oranlarý üzerinden yapýlýr; bir kategorideki puan bu sýnýrý aþsa bile nihai toplama sadece %30’luk tavan deðer üzerinden yansýtýlýr.";[Yönetmelik];Madde 1(1) / Madde 8(3);aðýrlýk sýnýrý|puanlama|üst sýnýr|yüzde otuz;hard
733;Üst komisyon üyeleri hangi kriterlere göre ve hangi süreyle görev yapmak üzere senato tarafýndan seçilir?;"Akademik Teþvik Düzenleme, Denetleme ve Ýtiraz Komisyonu üyeleri yüksek akademik teþvik puanýna sahip öðretim üyeleri arasýndan seçilir; her doçentlik temel alanýndan en az bir kiþi olmak üzere rektörün her bir üyelik için önereceði üç aday arasýndan senato tarafýndan belirlenir; komisyon baþkan hariç en az dört üyeden oluþur ve iki yýl süreyle görev yapar; süresi biten üyenin yeniden seçilmesi mümkündür; komisyonun baþkanlýðýný rektörün görevlendirdiði bir rektör yardýmcýsý yürütür.";[Yönetmelik];Madde 4(1);üst komisyon|seçim|senato|görev süresi;med
734;Birim akademik teþvik baþvuru ve inceleme komisyonu üyeleri hangi makam tarafýndan seçilir ve asgari kaç kiþiden oluþur?;"Birim komisyonu yükseköðretim kurumlarýnýn her bölüm, anabilim dalý veya anasanat dalý baþkanlýklarý bünyesinde en az üç üyeden oluþacak þekilde kurulur; komisyon üyeleri ilgili birimin Yönetim Kurulu tarafýndan yüksek akademik teþvik puanýna sahip öðretim elemanlarý arasýndan seçilir; birimde yeterli öðretim elemaný bulunmamasý halinde üyeler yakýn alanlardaki personelle tamamlanýr; komisyon üyeleri iki yýl için seçilir; birim akademik teþvik komisyonu baþkaný ilgili bölüm veya anabilim dalý baþkanýdýr.";[Yönetmelik];Madde 5(1);birim komisyonu|seçim|yönetim kurulu|görev süresi;med
735;Akademik teþvik komisyonlarýnda kararlarýn alýnmasý ve oylama usulü ile ilgili uygulanan temel kural nedir?;"Hem üst komisyon hem de birim komisyonlarý baþkan dahil üye tamsayýsýnýn salt çoðunluðu ile toplanýr ve katýlanlarýn salt çoðunluðu ile karar alýr; oylarýn eþit olmasý halinde komisyon baþkanýnýn oyu yönünde karar verilmiþ sayýlýr; en kritik kural ise üyelerin hiçbir þekilde çekimser oy kullanamayacak olmalarýdýr; her üye lehinde veya aleyhinde görüþ bildirmek zorundadýr; bu kural kararlarýn netleþmesini ve sürecin aksamamasýný saðlar.";[Yönetmelik];Madde 4(2) / Madde 5(2);oylama|çekimser oy|karar yeter sayýsý|komisyon;hard
736;Akademik teþvik ödeneði hangi vergiden muaftýr ve diðer tazminatlarýn hesabýnda bir matrah olarak dikkate alýnýr mý?;"Akademik teþvik ödeneði damga vergisi hariç herhangi bir vergiye tabi tutulmaz; ayrýca bu ödenek ilgili mevzuatý uyarýnca ödenmekte olan zam, tazminat, ödenek, döner sermaye ek ödemesi, ikramiye ve ücret gibi benzeri ödemelerin hesabýnda kesinlikle dikkate alýnmaz; ödemeler sadece damga vergisi kesintisi yapýlarak araþtýrmacýya ulaþtýrýlýr; diðer tüm özlük haklarý ve ek ödemelerden baðýmsýz bir teþvik kalemi olarak on iki ay boyunca ödenmeye devam edilir.";[Yönetmelik];Madde 10(2);vergi muafiyeti|damga vergisi|ek ödeme|mali hükümler;med
737;Akademik teþvik baþvurusu sýrasýnda yapýlan yanlýþ veya yanýltýcý beyanlarýn tespit edilmesi durumunda hangi yaptýrýmlar uygulanýr?;"Ödeme yapýldýktan sonra faaliyetlerin gerçeðe aykýrý olduðu veya yönetmelik kapsamýna girmediði anlaþýlan durumlarda yapýlan ödemeler kanuni faiziyle birlikte geri alýnýr; ayrýca gerçeðe aykýrý, yanlýþ veya yanýltýcý bildirimde bulunanlar hakkýnda komisyonun tespitiyle idari inceleme baþlatýlýr; inceleme sonucuna göre cezai müeyyidelerin uygulanmasý gerekirse genel hukuk hükümleri uygulanýr; bu süreç araþtýrmacýlarýn beyan ettikleri verilerin doðruluðundan þahsen sorumlu olduklarýný vurgular.";[Yönetmelik];Madde 10(5);yanlýþ beyan|yaptýrým|geri alma|kanuni faiz;hard
738;Milli Savunma Üniversitesi ve Polis Akademisi kadrolarýndaki öðretim elemanlarý akademik teþvik yönetmeliði hükümlerine tabi midir?;"Evet, Akademik Teþvik Ödeneði Yönetmeliði hükümleri Milli Savunma Üniversitesi, Jandarma ve Sahil Güvenlik Akademisi ile Polis Akademisi kadrolarýnda bulunan öðretim elemanlarý hakkýnda da aynen uygulanýr; bu kurumlardaki akademik teþvik düzenleme ve denetleme süreçlerine iliþkin hususlar ilgisine göre rektör veya akademi baþkanlarý tarafýndan yönetmelik çerçevesinde belirlenir; bu personel de devlet yükseköðretim kurumlarýndaki meslektaþlarý gibi ayný puanlama esaslarý üzerinden teþvik ödeneðinden yararlanma hakkýna sahiptir.";[Yönetmelik];Madde 1(2) / Madde 9(1);MSÜ|polis akademisi|jandarma|kapsam;med
739;"Dergilerin ""Alan Ýndeksi"" kategorisinde puanlanabilmesi için hangi kurumun onayladýðý listeler esas alýnmaktadýr?";"Alan indeksleri Üniversitelerarasý Kurul (ÜAK) Baþkanlýðý tarafýndan hazýrlanýp Yükseköðretim Kurulunca onaylanan doçentlik baþvurusu kriterlerindeki endeksleri ifade eder; bu kapsamda puanlama yapýlabilmesi için derginin ilgili alan indeksine girdiðini gösteren ÜAK sayfasýndan alýnmýþ belgenin sunulmasý þarttýr; alan indeksi puanlamasý sadece Eðitim Bilimleri, Mimarlýk, Sosyal, Beþeri ve Ýdari Bilimler ile Spor Bilimleri gibi belirli temel alanlar için geçerlidir; diðer alanlarda bu kategoriden puan talep edilemez.";[Baþvuru Rehberi]|[Yönetmelik];Madde 3(b) / Madde 26;alan indeksi|üak|doçentlik|indeks;hard
740;"Akademik teþvik kapsamýnda ""yurt dýþý araþtýrma"" faaliyeti için aylýk bazda belirlenen faaliyet oraný nedir?";"Yönetmeliðin Faaliyet Hesaplama Tablosu uyarýnca yurt dýþý araþtýrma faaliyetleri ay üzerinden deðerlendirilir; her bir tam ay için faaliyet oraný 15 olarak belirlenmiþtir; araþtýrmanýn puan alabilmesi için en az dört ay sürmesi þarttýr; bu durumda dört aylýk bir yurt dýþý araþtýrma 60 oranýna sahip olur ve bu oran araþtýrma kategorisinin temel puaný olan 15 ile çarpýlarak puanlanýr; süre hesabý resmi görevlendirme ve sonuç raporundaki tarihler üzerinden yapýlýr.";[Yönetmelik];Tablo 4 / Madde 7(3);araþtýrma|yurt dýþý|ay katsayýsý|puanlama;hard
741;Birim akademik teþvik komisyonunun inceleme sonuçlarýný Dekanlýk veya Müdürlüklere iletmesi için belirlenen son tarih nedir?;"Birim Akademik Teþvik Baþvuru ve Ýnceleme Komisyonu teþvik almaya hak kazananlarýn YÖKSÝS ve FUATS sistem çýktýlarýný 15 Ocak 2026 tarihine kadar Dekanlýk veya Müdürlüklere göndermekle yükümlüdür; bu belgeler ayný gün içinde https://akademiktesvik.firat.edu.tr adresinden de sisteme girilmelidir; birimlerin bu süreyi aþmasý üst komisyonun deðerlendirme takvimini aksatacaðý için tarihsel uyum zorunludur; dekanlýklar ise kendilerine gelen bu evraklarý 16 Ocak'ta üst komisyona iletir.";[Takvim];15 Ocak 2026;birim teslimi|dekanlýk|son tarih|takvim;easy
742;Araþtýrma faaliyetleri için FUATS sistemine yüklenmesi gereken zorunlu belgeler baþvuru rehberinde nasýl listelenmiþtir?;"Araþtýrma faaliyetleri için FUATS sistemine þu belgelerin yüklenmesi zorunludur: 1) Fýrat Üniversitesi Yönetim Kurulu izin ve görevlendirme yazýsý; 2) Karþý tarafýn araþtýrmanýn yapýlmasýna dair izin ve baþlama yazýsý; 3) Araþtýrmanýn ilgili kurumlar tarafýndan onaylanmýþ sonuç raporu; bu belgelerin tamamý eksiksiz olarak sisteme yüklenmelidir; resmi görevlendirme yazýsý bulunmayan veya sonuç raporu onaylanmamýþ olan araþtýrmalar puanlama kapsamý dýþýnda býrakýlýr; tüm belgeler araþtýrmanýn süresini ve niteliðini doðrular nitelikte olmalýdýr.";[Baþvuru Rehberi];Madde 17;araþtýrma belgeleri|yönetim kurulu|onay|kanýt;med
743;TÜBÝTAK projeleri için akademik teþvik baþvurusu sýrasýnda bilimsel kurul deðerlendirme raporu yüklenmeli midir?;"Baþvuru Rehberi'nin 13. maddesine göre bilimsel kurul deðerlendirme raporlarý TÜBÝTAK projeleri için geçerli deðildir ve sisteme yüklenmesi zorunlu deðildir; TÜBÝTAK projeleri için destekleyen kuruluþ tarafýndan projenin sonuçlandýðýný veya kapatýldýðýný gösteren onaylý belgenin sunulmasý yeterlidir; ancak TÜBÝTAK dýþýndaki diðer ulusal veya uluslararasý projeler için bu tür deðerlendirme raporlarýnýn sunulmasý gerekebilir; araþtýrmacýlarýn proje türüne göre istenen belgeleri dikkatle kontrol etmeleri ve sadece gerekli olanlarý sisteme yüklemeleri önerilir.";[Baþvuru Rehberi];Madde 13;tübitak|proje belgeleri|deðerlendirme raporu|fuats;med
744;"Akademik teþvik puaný hesaplanýrken iki yazarlý bir makale veya patent için ""k"" katsayýsý deðeri kaçtýr?";"Yönetmelikte yer alan Tablo 1'e göre çok isimli yayýnlarda (makale, derleme, kitap) ve patentlerde kiþi sayýsý iki olduðunda uygulanacak k katsayýsý 0,8 olarak belirlenmiþtir; bu katsayý faaliyetin temel puaný ile çarpýlarak her bir araþtýrmacýnýn bireysel puanýna ulaþýlýr; yazar sayýsý üç olduðunda katsayý 0,6'ya, dört olduðunda ise 0,45'e düþmektedir; tek yazarlý eserlerde ise katsayý tam deðer olan 1 olarak uygulanýr; bu sistem ortak üretimlerde puan paylaþýmýný standartlaþtýrmayý hedefler.";[Yönetmelik];Madde 8(4) / Tablo 1;k katsayýsý|iki isimli|paylaþým|hesaplama;easy
745;"Akademik teþvik kapsamýnda deðerlendirilebilecek projelerde yürütücü ve araþtýrmacý rolleri için hangi ""r"" katsayýlarý uygulanýr?";"Projelerdeki rollere göre r katsayýsý Tablo 2'de belirlenmiþtir: Projenin yürütücüsü olan öðretim elemaný için r=1 katsayýsý uygulanýrken; projede araþtýrmacý veya bursiyer olarak görev yapanlar için r=0,5 katsayýsý uygulanýr; bu katsayý projenin türüne göre belirlenen faaliyet oraný ile çarpýlarak araþtýrmacýnýn o projeden elde edeceði puanýn hesaplanmasýnda kullanýlýr; sadece baþarýyla sonuçlanmýþ ve sonuç raporu onaylanmýþ projeler bu hesaplama kapsamýna dahil edilebilir.";[Yönetmelik];Madde 8(5) / Tablo 2;r katsayýsý|proje rolü|yürütücü|araþtýrmacý;easy
746;"SCI-Expanded, SSCI ve AHCI kapsamýndaki dergilerde yayýmlanan makaleler için kullanýlan ""p"" katsayýsý neye göre belirlenir?";"p katsayýsý makalenin yayýmlandýðý yýl için derginin ISI Web of Science Çeyreklik (Quartile/Q) sýnýflandýrmasýna göre belirlenir: Q1 için 1; Q2 için 0,8; Q3 için 0,5; Q4 için 0,25 uygulanýr; AHCI kapsamýndaki dergiler için katsayý sabit 0,5 olarak uygulanýr; eðer bir derginin Q deðeri henüz belirlenmemiþse en alt katsayý olan 0,25 deðeri esas alýnýr; araþtýrmacýlarýn WOS üzerinden aldýklarý ve güncel Q deðerini gösteren belgeyi sisteme yüklemeleri zorunludur.";[Yönetmelik];Madde 8(6) / Tablo 3;p katsayýsý|quartile|Q deðeri|wos;hard
747;"Akademik teþvik ödeneði hesaplamasýnda kullanýlan ""en yüksek Devlet memuru brüt aylýðý"" tutarý nasýl hesaplanmaktadýr?";"En yüksek Devlet memuru brüt aylýðý; 1.500 aylýk gösterge rakamý ile 8.000 ek gösterge rakamýnýn toplamý olan 9.500 gösterge rakamýnýn memur aylýk katsayýsý ile çarpýmý sonucu bulunan tutardýr; bu tutar akademik teþvik ödemesi formülünde temel bir çarpan olarak yer alýr; ödeme miktarý bu brüt tutarýn kadro unvan oranlarý ve hesaplanan akademik teþvik puanýnýn yüze bölünmesiyle elde edilen katsayý ile çarpýlmasýyla hesaplanýr; maaþ katsayýlarýndaki deðiþiklikler ödemelere doðrudan yansýr.";[Yönetmelik];Madde 3(ç) / Madde 8(1);brüt aylýk|gösterge|maaþ katsayýsý|hesaplama;hard
748;Özel bir paylaþým oraný bulunmayan karma sanatsal etkinliklerde puanlama kiþi sayýsýna bölünür mü?;"Normalde faaliyetlerde oran/kiþi sayýsý dikkate alýnýrken; sergi faaliyet türündeki karma etkinlikler ile uluslararasý boyutta performansa dayalý yayýmlanmýþ karma ses veya görüntü kayýtlarý bu kuraldan muaftýr; bu tür faaliyetlerde katýlýmcý sayýsýna bakýlmaksýzýn her bir öðretim elemanýna tam puan verilir; bu istisna dýþýnda kalan tüm faaliyetlerde (yayýn, teblið, patent vb.) yazar sayýsýna göre belirlenen k katsayýsý üzerinden puan paylaþýmý yapýlmasý zorunludur.";[Yönetmelik];Madde 8(7);karma etkinlik|istisna|kiþi sayýsý|ses kaydý;hard
749;Akademik teþvik puaný hesaplanýrken araþtýrmacýnýn unvaný hangi tarih itibarýyla esas alýnarak ödeme tutarý belirlenir?;"Puanlarýn ve ödemelerin hesaplanmasýnda öðretim elemanýnýn teþvik baþvurusu yaptýðý tarihteki kadro unvaný esas alýnacaktýr; baþvuru döneminden sonra gerçekleþen unvan deðiþiklikleri o yýlýn teþvik ödemesi oranýna yansýtýlmaz; unvanlara göre uygulanan oranlar profesör için %100, doçent için %90, dr. öðretim üyesi için %80 ve diðerleri için %70 þeklindedir; araþtýrmacýnýn kadrosunun bulunduðu birime baþvuru yapmasý ve YÖKSÝS verilerini bu doðrultuda güncellemesi gerekmektedir.";[Baþvuru Rehberi]|[Yönetmelik];Madde 9 / Madde 8(8);kadro unvaný|baþvuru tarihi|ödeme oraný|unvan;med
750;Akademik teþvik ödeneði hangi unvanlardaki öðretim elemanlarýna en yüksek Devlet memuru brüt aylýðýnýn hangi oranlarýnda ödenir?;"Teþvik ödemesi; profesör kadrosundakiler için %100, doçent kadrosundakiler için %90, doktor öðretim üyeleri için %80, araþtýrma görevlisi ve öðretim görevlisi kadrolarýnda bulunanlar için ise %70 oraný üzerinden hesaplanýr; bu oranlar en yüksek Devlet memuru brüt aylýðý tutarý ile çarpýlýr; sonuç rakamý araþtýrmacýnýn akademik teþvik puanýnýn yüze bölünmesiyle elde edilen oranla tekrar çarpýlarak nihai ödeme miktarýna ulaþýlýr; ödeme yapýlabilmesi için araþtýrmacýnýn aylýk alýyor olmasý þarttýr.";[Yönetmelik];Madde 8(1);ödeme oraný|unvan|kadro|hesaplama;easy
751;Üst komisyonun itirazlarý deðerlendirip nihai karara baðlamasý süreci takvime göre kaç iþ gününü kapsamaktadýr?;"Akademik Teþvik Düzenleme, Denetleme ve Ýtiraz Komisyonu itirazlarý 01-05 Þubat 2026 tarihleri arasýnda deðerlendirir; bu süreç toplamda beþ takvim gününe yayýlmýþtýr; yönetmeliðin 6. maddesi uyarýnca komisyon itirazlarý en geç beþ iþ günü içerisinde karara baðlamak zorundadýr; komisyonun bu aþamada vereceði kararlar kesindir ve üniversite bünyesinde baþka bir itiraz merci bulunmamaktadýr; kesinleþen kararlar doðrultusunda 06 Þubat'ta kesin listeler oluþturularak harcama birimlerine iletilir.";[Takvim]|[Yönetmelik];Madde 6(6) / 01-05 Þubat 2026;itiraz süresi|nihai karar|üst komisyon|takvim;med
752;"Dergilerin ""Diðer uluslararasý hakemli dergiler"" kategorisinde deðerlendirilebilmesi için hangi yayýn süresi þartýný saðlamasý gerekir?";"Bir derginin bu kategoride deðerlendirilebilmesi için en az beþ yýldýr yýlda en az bir sayý ile yayýnlanýyor olmasý þarttýr; ayrýca derginin editör veya yayýn kurulunun uluslararasý olmasý, bilimsel deðerlendirme süreci ve bu sürecin nasýl iþlediðinin internet sayfasýnda yer almasý gerekir; derginin internet sayfasý üzerinden yayýmlanmýþ makalelerin künyelerine ulaþýlabilmesi de zorunlu kriterler arasýndadýr; bu þartlarý taþýmayan dergilerde çýkan makaleler teþvik kapsamýna dahil edilmez.";[Baþvuru Rehberi]|[Yönetmelik];Madde 21 / Madde 7(4);dergi|yayýn süresi|uluslararasý|kriter;med
753;Tebliðlerin sunulduðu etkinliðin uluslararasý niteliðini teyit etmek amacýyla ödemeye esas hangi resmi belge gereklidir?;"Etkinliðin uluslararasý niteliði haiz olup olmadýðý hususunda ödemeye esas teþkil etmek üzere üniversite yönetim kurulu kararýnýn olmasý gerekir; bu karar bulunmayan etkinliklerde sunulan tebliðler diðer þartlarý saðlasa dahi uluslararasý kategoride puanlanmaz; tebliðlerin deðerlendirilmesinde ayrýca en az beþ farklý ülkeden konuþmacý katýlýmý ve bildirilerin yarýsýndan fazlasýnýn Türkiye dýþýndan olmasý þartý da aranýr; araþtýrmacýlarýn bu yönetim kurulu kararýný baþvuru sýrasýnda belgelemeleri zorunludur.";[Baþvuru Rehberi]|[Yönetmelik];Madde 40 / Madde 7(9);teblið|yönetim kurulu|onay|uluslararasý;hard
754;YÖK Yýlýn Doktora Tezi Ödülü akademik teþvik puanlamasýnda kaç faaliyet oranýna sahiptir?;"Faaliyet Hesaplama Tablosu uyarýnca YÖK Yýlýn Doktora Tezi Ödülü %100 faaliyet oranýna sahiptir; bu ödül kategorisinin temel puaný olan 20 ile çarpýldýðýnda araþtýrmacýya 20 tam puan kazandýrýr; benzer þekilde TÜBÝTAK Bilim Ödülü ve TÜBA Akademi Ödülü de %100 oran ile deðerlendirilir; ödülün 2025 yýlýnda verilmiþ olmasý ve yetkili mercilerce onaylanmýþ belgesinin sisteme yüklenmesi þarttýr; mansiyon ödülleri ise bu kapsamda kesinlikle deðerlendirmeye alýnmaz.";[Yönetmelik];Tablo 4 (Ödül);yök ödülü|doktora tezi|puanlama|ödül;easy
755;Ayný yayýn veya esere bir kitabýn farklý bölümlerinde yapýlan atýflar akademik teþvik puanlamasýnda nasýl sayýlmaktadýr?;"Ayný yayýn veya esere bir kitabýn farklý bölümlerinde veya kýsýmlarýnda yapýlan atýflar yalnýzca bir atýf olarak deðerlendirilir; ancak bölüm yazarlarý farklý olan kitaplarda farklý bölümlerde yapýlan her bir atýf için ayrý puan deðerlendirmesi yapýlýr; bu istisnadan yararlanabilmek için kitabýn her bir bölümünün farklý yazarlar tarafýndan kaleme alýndýðýnýn belgelenmesi gerekir; araþtýrmacýlarýn atýf yapýlan sayfalarla birlikte kitabýn içindekiler ve bölüm yazarlarýný gösteren sayfalarý da FUATS sistemine yüklemeleri zorunludur.";[Baþvuru Rehberi]|[Yönetmelik];Madde 37 / Madde 7(8);atýf|mükerrer atýf|kitap bölümü|puanlama;hard
756;"Sergi faaliyetlerinde ""tekrarlayan etkinlikler"" için uygulanan puanlama kýsýtlamasý tam olarak nedir?";"Ayný yýl içerisinde tekrar eden sergi, konser ve gösterilerin puanlanmasýnda en çok iki tekrar dikkate alýnýr; ikinci tekrar etkinliðe öncekinin (mevcut deðerlendirme yýlýndaki faaliyet puanýnýn) yarýsý yani %50'si verilir; ikiden fazla tekrar eden ayný içerikli faaliyetler için hiçbir puanlama yapýlmaz; sergilerin deðerlendirilmesinde serginin tamamlandýðý tarih esas alýnýr; eðitim-öðretim faaliyetleri ve öðrenci kulüp faaliyetleri kapsamýndaki sergiler ise hiçbir þekilde puanlanmaz.";[Baþvuru Rehberi]|[Yönetmelik];Madde 32 / Madde 7(6);sergi|tekrar|puanlama|kýsýtlama;med
757;Tebliðlerin puanlanabilmesi için sunulan dökümanlarda tam metin olma zorunluluðu var mýdýr?;"Evet, akademik teþvik kapsamýnda tebliðlerin deðerlendirilebilmesi için tam metin olmasý zorunludur; tebliðin elektronik veya basýlý olarak etkinlik teblið kitapçýðýnda yer almasý ve yayýmlanmýþ tam metninin sunulmasý gerekir; özet metinler kesinlikle kapsam dýþý býrakýlmýþtýr; araþtýrmacýlarýn tam metni içeren dökümanýn kapak, basým ve içindekiler sayfalarýyla birlikte bildirinin ilk ve son sayfasýný FUATS sistemine yüklemeleri þarttýr; tam metni bulunmayan bildiriler puanlamaya esas alýnmaz.";[Baþvuru Rehberi]|[Yönetmelik];Madde 41 / Madde 7(9);teblið|tam metin|özet metin|puanlama;med
758;"Güzel Sanatlar temel alanýndaki ""A4"" branþlarý için uluslararasý kiþisel ses veya görüntü kaydý kaç puan oranýna sahiptir?";"Faaliyet Hesaplama Tablosu'na göre sadece A4 (Güzel Sanatlar) temel alaný için geçerli olan uluslararasý boyutta performansa dayalý yayýmlanmýþ kiþisel ses ve/veya görüntü kayýtlarý için faaliyet oraný 20 olarak belirlenmiþtir; karma ses veya görüntü kayýtlarýnda bu oran 10'dur; bu kayýtlarýn puanlanabilmesi için 2025 yýlý içerisinde yayýmlanmýþ olmasý ve bandrol belgesinin sunulmasý þarttýr; diðer temel alanlarda (A1, A2, A3) ses kaydý için faaliyet oraný tanýmlanmamýþtýr.";[Yönetmelik];Tablo 4 / Madde 8(7);ses kaydý|güzel sanatlar|A4 alaný|puanlama;hard
759;TÜBÝTAK 1005 projesinde araþtýrmacý olarak görev alan bir öðretim elemanýnýn puan oraný nasýl hesaplanýr?;"TÜBÝTAK 1005 projesi için belirlenen faaliyet oraný r x 70 þeklindedir; araþtýrmacý veya bursiyer rolü için r katsayýsý 0,5 olarak uygulandýðýndan araþtýrmacý bu projeden 35 oranýnda puan alýr; projenin toplam kategorik puaný olan 20 ile bu oran çarpýldýðýnda (20 x 0,35) araþtýrmacý 7 teþvik puaný elde eder; projenin 2025 yýlý içerisinde baþarýyla sonuçlanmýþ olmasý ve raporunun onaylanmýþ olmasý belgelendirilmesi gereken en temel þarttýr.";[Yönetmelik];Tablo 4 / Madde 8(5);tübitak 1005|proje|puanlama|araþtýrmacý;hard
760;Yabancý uyruklu öðretim elemanlarý akademik teþvik ödeneðinden faydalanabilir mi?;"Hayýr, Akademik Teþvik Ödeneði Yönetmeliði'nin 6. maddesinin 9. fýkrasý uyarýnca yabancý uyruklu öðretim elemanlarý akademik teþvik ödeneðinden yararlanamaz; bu ödenek sadece devlet yükseköðretim kurumlarý kadrolarýnda bulunan Türk vatandaþý öðretim elemanlarýný kapsamaktadýr; yabancý uyruklu personel sistem üzerinden faaliyet beyanýnda bulunsa dahi puan hesaplamasý yapýlmaz ve ödeme listelerine dahil edilmezler; bu kuralýn herhangi bir istisnasý dokümanlarda yer almamaktadýr; personelin uyrukluk durumu ilgili birimlerce denetlenir.";[Yönetmelik];Madde 6(9);yabancý uyruklu|kapsam dýþý|öðretim elemaný|ödeme;easy
761;Fýrat Üniversitesi öðretim elemanlarýnýn 2025 yýlý faaliyetleri için akademik teþvik baþvurularýný hangi tarih aralýðýnda ve hangi sistem üzerinden yapmalarý gerekmektedir?;Öðretim elemanlarý akademik teþvik baþvurularýný 02-11 Ocak 2026 tarihleri arasýnda kadrolarýnýn bulunduðu yükseköðretim kurumunun ilgili birim komisyonuna yapmalýdýr. Baþvurular, YÖKSÝS’ten alýnan çýktý ile birlikte FU Akademik Teþvik Sistemi (FUATS) üzerinden gerçekleþtirilmelidir. Araþtýrmacýlar sadece YÖKSÝS ve FUATS sistem çýktýlarýný imzalayarak birimlerine fiziksel olarak teslim ederken, faaliyetlere iliþkin tüm kanýtlar elektronik ortamda sunulmalýdýr. Süresi dýþýnda yapýlan baþvurular deðerlendirmeye alýnmaz.;[Takvim]|[Baþvuru Rehberi];02-11 Ocak 2026;baþvuru|tarih|takvim|fuats;easy
762;Birim akademik teþvik baþvuru ve inceleme komisyonu kendisine iletilen baþvurularý hangi tarihler arasýnda inceleyerek üst birimlere göndermekle yükümlüdür?;Birim akademik teþvik baþvuru ve inceleme komisyonu, öðretim elemanlarýnca yapýlan baþvurularý 12-15 Ocak 2026 tarihleri arasýnda FUATS sistemi üzerinden inceler. Teþvik almaya hak kazananlarýn verileri 15 Ocak 2026 tarihinde sisteme girilir ve YÖKSÝS ile FUATS sistem çýktýlarý ilgili Dekanlýk veya Müdürlüklere gönderilir. Dekanlýk veya Müdürlükler ise bu evraklarý 16 Ocak 2026 tarihinde Akademik Teþvik Düzenleme, Denetleme ve Ýtiraz Komisyonuna iletmek zorundadýr. Bu süreç birim düzeyindeki deðerlendirmenin resmiyet kazandýðý aþamadýr.;[Takvim]|[Baþvuru Rehberi];12-16 Ocak 2026;birim komisyonu|inceleme|dekanlýk|takvim;med
763;Akademik Teþvik Düzenleme, Denetleme ve Ýtiraz Komisyonu tarafýndan sonuçlarýn ilan edilmesi ve itirazlarýn alýnmasý süreci nasýl iþlemektedir?;Üst komisyon teþvik baþvurularýný 17-24 Ocak 2026 tarihleri arasýnda deðerlendirir ve sonuçlarý 25 Ocak 2026'da FUATS üzerinden ilan eder. Ýlan edilen sonuçlara karþý itirazlar 26-30 Ocak 2026 tarihleri arasýnda yapýlabilir. Ýtiraz dilekçelerinin Rektör Yardýmcýlýðý Makamýna þahsen ve elden teslim edilmesi zorunlu olup, posta veya e-posta yoluyla yapýlan itirazlar kabul edilmez. Komisyon, bu itirazlarý 01-05 Þubat 2026 tarihleri arasýnda nihai karara baðlayarak süreci tamamlar.;[Takvim]|[Baþvuru Rehberi];25 Ocak - 05 Þubat 2026;itiraz|ilan|rektör yardýmcýsý|takvim;med
764;Akademik teþvik kesin listelerinin oluþturulmasý ve ödeme birimlerine bildirilmesi takvimde hangi tarihte öngörülmüþtür?;Akademik teþvik süreci itirazlarýn deðerlendirilmesinin ardýndan 06 Þubat 2026 tarihinde kesin listelerin oluþturulmasýyla sonuçlanýr. Bu listeler, teþvik almaya hak kazanan öðretim elemanlarýna ödeme yapýlabilmesi amacýyla ayný gün üniversitenin ilgili harcama birimlerine bildirilir. Ödemeler, her takvim yýlý için bir önceki yýlda gerçekleþtirilen faaliyetler esas alýnarak Þubat ayýnýn on beþinden itibaren on iki ay süreyle yapýlýr. Bu bildirimle birlikte o yýla ait akademik teþvik baþvuru ve deðerlendirme takvimi resmi olarak tamamlanmýþ olur.;[Takvim]|[Baþvuru Rehberi]|[Yönetmelik];06 Þubat 2026;kesin liste|ödeme|harcama birimi|takvim;easy
765;Akademik teþvik ödeneði baþvurularýnda YÖKSÝS ve FUATS çýktýlarýnýn imzalanmasý konusunda uyulmasý gereken zorunlu kural nedir?;Akademik Teþvik Ödeneði baþvurusunda bulunacak araþtýrmacýlarýn YÖKSÝS çýktýsýný ve FUATS sistem çýktýsýný her sayfasý imzalý olarak sunmalarý zorunludur. Sadece son sayfanýn imzalanmasý veya imzasýz belge teslimi baþvurunun geçersiz sayýlmasýna neden olabilir. Bu uygulama, beyan edilen her bir akademik faaliyetin doðruluðunun ve sisteme yüklenen belgelerin araþtýrmacý tarafýndan sayfa bazýnda taahhüt edilmesi anlamýna gelmektedir. Ýmzalý çýktýlar birim komisyonlarýna fiziksel olarak teslim edilirken, diðer destekleyici tüm dökümanlar elektronik ortamda yüklenmelidir.;[Baþvuru Rehberi];Madde 8;imza|yöksis|fuats|baþvuru;easy
766;Vakýf üniversitelerinden devlet üniversitelerine geçen öðretim elemanlarýnýn akademik teþvik puaný hesaplamasýnda hangi faaliyetler dikkate alýnmaktadýr?;Vakýf yükseköðretim kurumlarýndan veya baþka bir kurumdan devlet yükseköðretim kurumlarý kadrolarýna geçen öðretim elemanlarýnýn baþvurularýnda sadece devlet kurumlarýnda gerçekleþtirdikleri faaliyetler esas alýnýr. Vakýf üniversitesinde görevli olduklarý sürece yürüttükleri projeler, yayýnlar veya diðer akademik çalýþmalar puanlamaya dahil edilmez. Bu durumdaki araþtýrmacýlarýn YÖKSÝS çýktýsýnda her faaliyetin hangi kurumda yapýldýðýný göstermeleri ve Kurum Deðiþikliði Beyan Formunu sunmalarý zorunluluktur. Devlet üniversitelerinden vakýf üniversitelerine görevlendirilenler ise bu süre zarfýndaki faaliyetleri için baþvuruda bulunamazlar.;[Baþvuru Rehberi]|[Yönetmelik];Madde 6(7);vakýf üniversitesi|kurum deðiþikliði|devlet üniversitesi|kýsýtlama;hard
767;Döner sermaye üzerinden yürütülen projelerin akademik teþvik kapsamýnda deðerlendirilebilmesi için hangi bütçe ve süre þartlarý aranmaktadýr?;Döner sermaye üzerinden yapýlan dýþ kaynaklý (yurt içi veya yurt dýþý) projelerin deðerlendirilebilmesi için projenin mutlaka Ar-Ge niteliði taþýmasý þarttýr. Ayrýca toplam proje süresinin dokuz aydan az olmamasý koþulu aranýr. Projenin maddi desteðinin üniversiteye aktarýlmýþ olmasý ve projenin 2025 yýlý içerisinde baþarýyla sonuçlandýrýlarak sonuç raporunun yetkili mercilerce onaylanmýþ olmasý belgelendirilmelidir. Süresi dokuz aydan az olan veya Ar-Ge niteliði bulunmayan döner sermaye iþleri ile bilirkiþilik ve danýþmanlýk faaliyetleri puanlama kapsamý dýþýnda tutulmuþtur.;[Baþvuru Rehberi]|[Yönetmelik];Madde 7(2);döner sermaye|proje|Ar-Ge|süre;hard
768;Araþtýrma faaliyetinin akademik teþvik puaný alabilmesi için gereken asgari süre ve resmi görevlendirme þartý nedir?;Araþtýrma faaliyetinin deðerlendirilebilmesi için araþtýrmacýnýn kurum dýþýnda bir üniversite veya araþtýrma merkezinde en az dört ay süreyle tam zamanlý görevlendirilmiþ olmasý þarttýr. Bu görevlendirmenin mutlaka üniversite yönetim kurulu tarafýndan resmi bir izin kararý ile yapýlmýþ olmasý ve bu belgenin baþvuruya eklenmesi gerekmektedir. Dört aydan az süren araþtýrmalar ile eylem planý, fizibilite raporu ve envanter çalýþmasý niteliðindeki faaliyetler kesinlikle deðerlendirmeye alýnmaz. Araþtýrma 2025 yýlý içerisinde tamamlanmýþ ve sonuç raporu ilgili kurumca baþarýlý bulunarak onaylanmýþ olmalýdýr.;[Baþvuru Rehberi]|[Yönetmelik];Madde 7(3);araþtýrma|süre|görevlendirme|yönetim kurulu;med
769;Yayýn kategorisindeki kitaplarýn akademik teþvik puaný alabilmesi için sahip olmasý gereken zorunlu özellikler ve belgeler nelerdir?;Kitaplarýn deðerlendirilebilmesi için ISBN numarasýna sahip olmasý ve 2025 takvim yýlý içerisinde yayýmlanmýþ olmasý esastýr. Kitap yazarlýðý, bölüm yazarlýðý veya editörlük faaliyetleri yayýneviyle yapýlan sözleþme, davet mektubu gibi evraklarla belgelenmelidir. Daha önce deðerlendirilen bir kitabýn yeni baskýsý puanlamaya dahil edilmezken, sergiler kapsamýnda hazýrlanan küratörlük kitaplarý ve sýnav soru kitaplarý deðerlendirme dýþýdýr. Tanýnmýþ uluslararasý yayýnevi kriteri için yayýnevinin en az beþ yýl düzenli faaliyet yürütmesi ve Türkçe dýþýndaki dillerde en az yirmi kitap yayýmlamýþ olmasý þarttýr.;[Baþvuru Rehberi]|[Yönetmelik];Madde 7(4);kitap|ISBN|yayýn|yayýnevi;med
770;Dergilerde gerçekleþtirilen editörlük faaliyetlerinde puanlama yapýlýrken uygulanan temel kýsýtlamalar ve kurallar nelerdir?;"Dergilerde editörlük faaliyetinde, yýllýk yayýnlanan dergi sayýsýna bakýlmaksýzýn sadece bir editörlük görevi dikkate alýnýr. Çok editörlü dergilerde sadece baþ editör teþvik kapsamýndadýr; yardýmcý editörlükler veya editör kurulu üyelikleri puanlanmaz. Editör kurulu üyelikleri yönetmelik deðiþikliði ile teþvik kapsamýndan tamamen çýkartýlmýþtýr. Araþtýrmacýlarýn yayýmlanmýþ dergi için baþ editör olduklarýný gösteren web sitesi adresi ve ekran görüntüsünü sunmalarý þarttýr. Farklý dergilerde de olsa sadece bir editörlük dikkate alýnýr ve puanlama buna göre yapýlýr.";[Baþvuru Rehberi]|[Yönetmelik];Madde 7(4);editörlük|baþ editör|kýsýtlama|dergi;easy
771;Müzik ve Konservatuvar bölümleri için ses veya görüntü kayýtlarýnýn deðerlendirilmesinde hangi ek belgelerin sunulmasý zorunludur?;Müzik ve Konservatuvar bölümleri için performansa dayalý etkinliklerin ulusal veya uluslararasý niteliðini gösteren belgeler sunulmalýdýr. Özellikle CD, DVD veya benzeri ortamdaki kayýtlara yönelik bandrol verildiðini gösterir belgenin sunulmasý bir zorunluluktur. Ulusal veya uluslararasý boyutta performansa dayalý kayýtlarýn deðerlendirilmesinde yayýmlanmýþ olma koþulu temel þarttýr. Bestecilik, yorumculuk, sahne tasarýmý gibi faaliyetlerde de etkinliðin boyutunu ve 2025 yýlýnda yayýmlandýðýný kanýtlayan resmi dökümanlar aranmaktadýr. Bandrolü bulunmayan veya yayýmlanmamýþ þahsi kayýtlar teþvik puanlamasý kapsamýna dahil edilmez.;[Baþvuru Rehberi]|[Yönetmelik];Madde 7(4);müzik|ses kaydý|bandrol|yayýn;med
772;Tasarým faaliyetlerinin akademik teþvik puaný alabilmesi için ticarileþme veya tescil ile ilgili hangi þartlarý saðlamasý gerekir?;Tasarýmýn deðerlendirilebilmesi için bilim, teknoloji ve sanata katký saðlayýcý nitelikte olmasý ve araþtýrmacýnýn kendi uzmanlýk alaný ile ilgili olmasý þarttýr. Tasarýmýn kamu kurumlarý veya özel hukuk tüzel kiþileriyle yapýlan sözleþme uyarýnca uygulanmýþ veya ticarileþtirilmiþ olmasý ya da 2025 yýlý içerisinde resmi mercilerce tescil edilmiþ olmasý zorunludur. Tescilsiz veya ticarileþmemiþ taslak aþamasýndaki çizimler puanlanmaz. Baþvuru sýrasýnda tasarým dosyasý ile birlikte uygulandýðýný veya ticarileþtirildiðini gösterir resmi sözleþme veya belgeler FUATS sistemine yüklenmelidir.;[Baþvuru Rehberi]|[Yönetmelik];Madde 7(5);tasarým|ticarileþme|tescil|uygulama;hard
773;Sergi faaliyetlerinin uluslararasý sayýlabilmesi için hangi üniversite biriminin onay belgesi veya kurul kararý aranmaktadýr?;Bir serginin uluslararasý olarak deðerlendirilebilmesi için serginin uluslararasý nitelikte olduðunun ilgili bölüm, anabilim dalý veya anasanat dalý kurullarýnca onaylanmýþ olmasý esastýr. Araþtýrmacýlarýn bu birim kurullarýndan alýnan resmi onay kararýný veya tutanaðýný baþvuru sýrasýnda FUATS sistemine yüklemeleri zorunludur. Ayrýca sergi faaliyetlerinde sanata katký saðlayýcý nitelik aranýr ve serginin tamamlandýðý tarih olan 2025 yýlý esas alýnýr. Eðitim-öðretim faaliyetleri ve öðrenci kulüp faaliyetleri kapsamýndaki sergiler ise hiçbir þekilde puanlamaya dahil edilmez.;[Baþvuru Rehberi]|[Yönetmelik];Madde 7(6);sergi|uluslararasý|onay|kurul kararý;med
774;Patent faaliyetlerinde ulusal ve uluslararasý patentlerin puanlanabilmesi için aranan temel tescil ve inceleme þartlarý nelerdir?;Patentlerin deðerlendirilebilmesi için ulusal veya uluslararasý yetkili kurumlarca tescillenmiþ olmasý ve tescil tarihinin 2025 yýlý olmasý þarttýr. Ulusal patentlerde inceleme raporu sonucunda Türk Patent ve Marka Kurumu tarafýndan verilen tesciller kabul edilirken, ulusal incelemesiz patentler kapsam dýþýdýr. Uluslararasý patentlerde ise PCT kapsamýnda en az bir istemin patentlenebilirlik kriterlerini (yenilik, buluþ basamaðý, sanayiye uygulanabilirlik) saðladýðýnýn belgelenmesi veya Avrupa Patent Ofisi tescili aranýr. Birden fazla ülkede tescillenen ayný içerikli patentler için sadece tek bir baþvuru gerçekleþtirilebilir.;[Baþvuru Rehberi]|[Yönetmelik];Madde 7(7);patent|tescil|ulusal|uluslararasý;hard
775;"Atýf faaliyetlerinin puanlanmasýnda ""self-citation"" (öz-atýf) yasaðýna dair kurallar yönetmelikte nasýl düzenlenmiþtir?";"Akademik teþvik sisteminde araþtýrmacýnýn kendi yayýnlarýna veya eserlerine yaptýðý atýflar kesinlikle kapsam dýþýdýr. Sadece baþvuru sahibinin yazar olarak yer almadýðý, baþka araþtýrmacýlar tarafýndan 2025 yýlýnda yayýmlanmýþ çalýþmalardaki atýflar dikkate alýnýr. Ayrýca araþtýrmacýnýn sadece devlet yükseköðretim kurumlarýnda görev yaptýðý sýrada ürettiði yayýnlarýna yapýlan atýflar geçerli kabul edilir; devlet dýþý üretimlere atýf puanlanmaz. Atýflarýn deðerlendirilmesinde kiþi sayýsý dikkate alýnmaz, her bir baþvuru sahibi için bireysel puanlama yapýlýr. Atýf yapýlan eserin yönetmelik kapsamýndaki yayýn türlerinden birinde olmasý þarttýr.";[Baþvuru Rehberi]|[Yönetmelik];Madde 7(8);atýf|self-citation|kapsam dýþý|kýsýtlama;med
776;Tebliðlerin uluslararasý sayýlabilmesi için katýlýmcý ülkeler ve konuþmacý oranlarý ile ilgili aranan temel þartlar nelerdir?;Tebliðin sunulduðu etkinliðin uluslararasý sayýlabilmesi için Türkiye dýþýnda en az beþ farklý ülkeden sözlü teblið sunan konuþmacýnýn katýlým saðlamasý þarttýr. Ayrýca tebliðlerin yarýdan fazlasýnýn (%51 ve üzeri) Türkiye dýþýndan katýlýmcýlar tarafýndan sunulmuþ olmasý esastýr. Sadece beþ yabancý konuþmacýnýn olmasý yeterli deðildir, ülke çeþitliliði aranýr. Ek olarak, etkinliðin uluslararasý niteliði için ödemeye esas teþkil etmek üzere üniversite yönetim kurulu kararýnýn bulunmasý ve tebliðin tam metin olarak yayýmlanmýþ olmasý zorunludur. Özet metinler kesinlikle kapsam dýþýdýr.;[Baþvuru Rehberi]|[Yönetmelik];Madde 7(9);teblið|uluslararasý|ülke sayýsý|tam metin;hard
777;Akademik teþvik ödülü kategorisinde hangi tür belgeler ve ödüller kesinlikle kapsam dýþý býrakýlmýþtýr?;Tebliðler için verilen ödüller, dergi hakemlikleri dolayýsýyla verilen ödüller, yayýn teþvik ödülleri, mansiyon ödülleri, teþekkür ve baþarý belgeleri, plaketler ve burslar kesinlikle kapsam dýþýdýr. Ayrýca araþtýrmacýnýn kadrosunun bulunduðu kendi üniversitesi tarafýndan verilen ödüller de puanlanmaz. Puanlanacak bilim ödülünün sürekli olmasý (en az 5 kez verilmiþ), akademik bir jüri tarafýndan deðerlendirilmiþ olmasý ve araþtýrmacýnýn uzmanlýk alaný ile ilgili olarak 2025 yýlýnda verilmiþ olmasý þarttýr. Onur belgeleri ve hizmet belgeleri de teþvik puanlamasýna dahil edilmeyen dökümanlar arasýndadýr.;[Baþvuru Rehberi]|[Yönetmelik];Madde 7(10);ödül|kapsam dýþý|mansiyon|jüri;easy
778;Akademik teþvik toplam puaný hesaplanýrken her bir faaliyet türünün toplam puan içindeki aðýrlýk sýnýrý nedir?;Akademik teþvik toplam puanýnýn hesaplanmasýnda, her bir akademik faaliyet türünün (proje, yayýn, atýf vb.) aðýrlýðý toplam akademik teþvik puanýnýn %30’unu geçemez. Toplam akademik teþvik puaný ise hiçbir durumda 100 puaný aþamaz. Bu kural, araþtýrmacýlarýn sadece tek bir alanda (örneðin sadece yayýn) yoðunlaþmasý yerine farklý akademik alanlarda üretim yapmasýný teþvik etmek amacýyla uygulanmaktadýr. Her kategori kendi içinde tavan puanlara tabidir ve bir faaliyet türünden elde edilen oranlar toplam puanýn %30'luk barajýna takýlýr.;[Yönetmelik];Madde 1(1) / Madde 8(3);puan|aðýrlýk|üst sýnýr|yüzde otuz;med
779;Akademik teþvik ödeneðinden yararlanabilmek için araþtýrmacýnýn hesaplanan toplam teþvik puaný en az kaç olmalýdýr?;Akademik teþvik ödeneðinin ödenebilmesi için araþtýrmacýnýn hesaplanan akademik teþvik puanýnýn en az otuz (30) olmasý þarttýr. Puaný 30'un altýnda kalan öðretim elemanlarýna herhangi bir teþvik ödemesi yapýlmaz. Bu puan, her faaliyet türünün %30'luk aðýrlýk kýsýtlamasý uygulandýktan sonra elde edilen nihai puaný ifade eder. Ayrýca ödeme yapýlabilmesi için personelin aktif olarak 2914 sayýlý Kanun veya 926 sayýlý TSK Personel Kanunu uyarýnca aylýk alýyor olmasý gerekmektedir.;[Yönetmelik];Madde 10(3);puan barajý|otuz puan|ödeme þartý|aylýk;easy
780;Üst komisyonun (Akademik Teþvik Düzenleme, Denetleme ve Ýtiraz Komisyonu) toplantý ve karar yeter sayýsý ile oylama usulü nedir?;Komisyon, baþkan dahil üye tam sayýsýnýn salt çoðunluðu ile toplanýr ve toplantýya katýlanlarýn salt çoðunluðu ile karar alýr. Oylarýn eþit olmasý halinde komisyon baþkanýnýn oyu yönünde karar alýnmýþ sayýlýr. En kritik kurallardan biri, komisyon üyelerinin oylama sýrasýnda çekimser oy kullanamayacak olmalarýdýr. Bu kural, birim akademik teþvik baþvuru ve inceleme komisyonlarý için de aynen geçerlidir. Komisyonlar, baþvurularýn yönetmelik hükümlerine uygunluðunu denetlemek ve tereddütleri gidermekle yükümlüdür.;[Yönetmelik];Madde 4(2) / Madde 5(2);komisyon|karar yeter sayýsý|oylama|salt çoðunluk;hard
781;"Akademik teþvik ödeneði hesaplamasýnda kullanýlan ""en yüksek Devlet memuru brüt aylýðý"" tutarý hangi göstergelerle belirlenir?";"En yüksek Devlet memuru brüt aylýðý; 1.500 aylýk gösterge rakamý ile 8.000 ek gösterge rakamýnýn toplamý olan 9.500 gösterge rakamýnýn, memur aylýk katsayýsý ile çarpýmý sonucu bulunan tutardýr. Bu tutar, akademik teþvik ödemesi formülünde temel çarpan olarak kullanýlýr. Ödeme tutarý, bu brüt aylýðýn kadro unvan oranlarý (%70 ile %100 arasý) ve araþtýrmacýnýn teþvik puanýnýn yüze bölünmesiyle elde edilen katsayý ile çarpýlmasýyla hesaplanýr. Katsayýlar memur aylýk katsayýsýndaki artýþlara göre güncellenir.";[Yönetmelik];Madde 3(ç) / Madde 8(1);brüt aylýk|gösterge|maaþ katsayýsý|hesaplama;hard
782;Çok isimli yayýn, teblið ve patentler için uygulanan (k) katsayýsý kiþi sayýsýna göre nasýl deðiþmektedir?;"Çok isimli faaliyetlerde (k) katsayýsý kiþi sayýsýna göre Tablo 1'de belirlenmiþtir: 1 kiþi için 1; 2 kiþi için 0,8; 3 kiþi için 0,6; 4 kiþi için 0,45; 5 kiþi için 1/5; 6 kiþi için 1/6; 7 veya daha fazla kiþi için ise 1/kiþi sayýsý olarak uygulanýr. Bu katsayý, faaliyetin temel puaný ile çarpýlarak her bir araþtýrmacýnýn bireysel faaliyet puanýnýn hesaplanmasýnda kullanýlýr. Bu paylaþým usulü, akademik iþ birliðini teþvik ederken bireysel katkýyý da oransal olarak korumayý amaçlayan standart bir hesaplama yöntemidir.";[Yönetmelik];Madde 8(4) / Tablo 1;k katsayýsý|yazar sayýsý|puanlama|paylaþým;easy
783;Projelerde görev alan öðretim elemanlarýnýn puaný hesaplanýrken kullanýlan (r) katsayýsý projedeki rollere göre nasýl belirlenmiþtir?;"Akademik teþvik projelerinde (r) katsayýsý projedeki role göre Tablo 2'de tanýmlanmýþtýr: Projenin ""Yürütücüsü"" olan öðretim elemaný için r=1 olarak uygulanýrken; projede ""Araþtýrmacý"" veya ""Bursiyer"" olarak görev yapanlar için r=0,5 olarak belirlenmiþtir. Bu katsayý, projenin türüne göre belirlenen faaliyet oraný ile çarpýlarak araþtýrmacýnýn o projeden alacaðý puan oranýna ulaþýlmasýný saðlar. Sadece baþarýyla sonuçlandýrýlmýþ ve sonuç raporu onaylanmýþ projeler bu hesaplamaya dahil edilebilir. Araþtýrmacý veya bursiyer olanlar yürütücüye göre yarý oranýnda puan alýrlar.";[Yönetmelik];Madde 8(5) / Tablo 2;r katsayýsý|proje rolü|yürütücü|araþtýrmacý;med
784;SCI-Expanded, SSCI ve AHCI kapsamýndaki dergilerde yayýmlanan makaleler için kullanýlan (p) katsayýsý hangi kriterlere göre belirlenir?;"p katsayýsý, makalenin yayýmlandýðý yýl için derginin ISI Web of Science Çeyreklik (Quartile/Q) sýnýflandýrmasýna göre Tablo 3'te belirlenir: Q1 için 1; Q2 için 0,8; Q3 için 0,5; Q4 için 0,25 uygulanýr. AHCI kapsamýndaki dergiler için katsayý sabit 0,5'tir. Eðer bir derginin Q deðeri henüz belirlenmemiþse en alt katsayý olan 0,25 deðeri uygulanýr. Bu katsayýlar yayýn kategorisindeki temel puanlarýn hesaplanmasýnda kritik bir çarpandýr ve WOS üzerinden alýnan belgelerle kanýtlanmalýdýr.";[Yönetmelik];Madde 8(6) / Tablo 3;p katsayýsý|quartile|Q deðeri|wos;hard
785;Akademik teþvik ödeneði hangi vergilerden muaftýr ve bu ödeme diðer tazminatlarýn hesabýnda dikkate alýnýr mý?;Akademik teþvik ödeneði damga vergisi hariç herhangi bir vergiye tabi tutulmaz. Ayrýca bu ödenek, ilgili mevzuatý uyarýnca ödenmekte olan zam, tazminat, ödenek, döner sermaye ek ödemesi, ikramiye ve ücret gibi benzeri ödemelerin hesabýnda kesinlikle dikkate alýnmaz. Yani diðer yan ödemelerin matrahýna dahil edilmez ve onlardan baðýmsýz bir kalem olarak Þubat ayýndan itibaren 12 ay boyunca ödenir. Ödeme yapýlabilmesi için personelin aktif olarak aylýk alýyor olmasý þarttýr.;[Yönetmelik];Madde 10(2);vergi muafiyeti|damga vergisi|ek ödeme|mali hükümler;med
786;Akademik teþvik baþvurusu sýrasýnda yapýlan yanlýþ veya yanýltýcý beyanlarýn tespit edilmesi durumunda hangi yaptýrýmlar uygulanýr?;Ödeme yapýldýktan sonra dahi, faaliyetlerin gerçeðe aykýrý olduðu veya yönetmelik kapsamýna girmediði tespit edilirse yapýlan tüm ödemeler kanuni faiziyle birlikte geri alýnýr. Ayrýca yanlýþ veya yanýltýcý bildirimde bulunanlar hakkýnda komisyonun tespitiyle inceleme baþlatýlýr ve cezai müeyyidelerin uygulanmasý gerekirse genel hukuk hükümleri iþletilir. Bu süreç, araþtýrmacýlarýn beyan ettikleri her türlü verinin ve sunduklarý dijital kanýtlarýn doðruluðundan þahsen sorumlu olduklarýný vurgulamaktadýr. Tespiti yapan merci Akademik Teþvik Düzenleme, Denetleme ve Ýtiraz Komisyonu'dur.;[Yönetmelik];Madde 10(5);yanlýþ beyan|yaptýrým|geri alma|kanuni faiz;hard
787;Milli Savunma Üniversitesi ve Polis Akademisi kadrolarýndaki öðretim elemanlarý akademik teþvik yönetmeliði hükümlerine tabi midir?;Evet, Akademik Teþvik Ödeneði Yönetmeliði hükümleri Milli Savunma Üniversitesi, Jandarma ve Sahil Güvenlik Akademisi ile Polis Akademisi kadrolarýnda bulunan öðretim elemanlarý hakkýnda da aynen uygulanýr. Bu kurumlardaki akademik teþvik düzenleme ve denetleme süreçlerine iliþkin hususlar, ilgisine göre rektör veya akademi baþkanlarý tarafýndan yönetmelik çerçevesinde belirlenir. Bu personel de devlet yükseköðretim kurumlarýndaki meslektaþlarý gibi ayný faaliyet türleri ve puanlama esaslarý üzerinden teþvik ödeneðinden yararlanma hakkýna sahiptir.;[Yönetmelik];Madde 1(2) / Madde 9(1);MSÜ|polis akademisi|jandarma|kapsam;med
788;Akademik teþvik puaný hesaplanýrken öðretim elemanýnýn kadro unvaný hangi tarihteki durumu üzerinden esas alýnmaktadýr?;Puanlarýn ve ödemelerin hesaplanmasýnda, öðretim elemanýnýn teþvik baþvurusu yaptýðý tarihteki kadro unvaný esas alýnýr. Baþvuru yapýldýktan sonra gerçekleþen unvan deðiþiklikleri o yýlýn teþvik ödemesi oranýna yansýtýlmaz. Araþtýrmacýlar baþvurularýný mevcut kadrolarýnýn bulunduðu birimlere yapmalý ve YÖKSÝS verilerini bu doðrultuda güncellemelidir. Unvanlara göre uygulanan oranlar profesör için %100, doçent için %90, asistan profesör (dr. öðretim üyesi) için %80 ve diðerleri için %70 þeklindedir.;[Baþvuru Rehberi]|[Yönetmelik];Madde 9 / Madde 8(8);kadro unvaný|baþvuru tarihi|ödeme oraný|unvan;med
789;Üst komisyon üyeleri hangi kriterlere göre ve hangi süreyle görev yapmak üzere senato tarafýndan seçilirler?;Üst komisyon üyeleri, yüksek akademik teþvik puanýna sahip öðretim üyeleri arasýndan, her doçentlik temel alanýndan en az bir kiþi olmak üzere rektörün önereceði üç aday arasýndan üniversite senatosu tarafýndan seçilir. Komisyon, baþkan hariç en az dört üyeden oluþur ve iki yýl süreyle görev yapmak üzere belirlenir. Süresi biten üyelerin yeniden seçilmesi mümkündür. Komisyonun baþkanlýðýný ise rektör tarafýndan görevlendirilen bir rektör yardýmcýsý yürütür ve tüm süreçten rektörlüðe karþý sorumludur.;[Yönetmelik];Madde 4(1);üst komisyon|seçim|senato|görev süresi;med
790;Birim akademik teþvik baþvuru ve inceleme komisyonu üyeleri hangi makam tarafýndan seçilir ve asgari kaç kiþiden oluþur?;Birim komisyonu, yükseköðretim kurumlarýnýn her bölüm, anabilim dalý veya anasanat dalý baþkanlýklarý bünyesinde en az üç üyeden oluþacak þekilde kurulur. Komisyon üyeleri, ilgili birimin Yönetim Kurulu tarafýndan, yüksek akademik teþvik puanýna sahip olan öðretim elemanlarý arasýndan iki yýl için seçilir. Birimde yeterli öðretim elemaný bulunmamasý halinde üyeler yakýn alanlardaki personelle tamamlanabilir. Birim baþkaný komisyonun doðal baþkanýdýr ve baþvurularýn yönetmeliðe uygun deðerlendirilmesinden birinci derecede sorumludur.;[Yönetmelik];Madde 5(1);birim komisyonu|seçim|yönetim kurulu|görev süresi;med
791;"Dergilerin ""Alan Ýndeksi"" kategorisinde puanlanabilmesi için hangi kurumun tanýmladýðý listeler esas alýnmaktadýr?";Alan indeksleri, Üniversitelerarasý Kurul (ÜAK) Baþkanlýðý tarafýndan hazýrlanýp Yükseköðretim Kurulunca onaylanan doçentlik baþvurusu kriterlerindeki endeksleri ifade eder. Bu kapsamda puanlama yapýlabilmesi için derginin ilgili alan indeksine girdiðini gösteren ÜAK sayfasýndan alýnmýþ belgenin sunulmasý þarttýr. Alan indeksi puanlamasý sadece Eðitim Bilimleri, Mimarlýk, Fen Bilimleri, Sosyal, Beþeri ve Ýdari Bilimler ile Spor Bilimleri gibi yönetmelikte tanýmlanan temel alanlar için geçerlidir. Diðer alanlarda alan indeksi puaný talep edilemez.;[Baþvuru Rehberi]|[Yönetmelik];Madde 3(b) / Madde 26;alan indeksi|üak|doçentlik|indeks;hard
792;"Akademik teþvik kapsamýnda ""yurt içi araþtýrma"" faaliyeti için aylýk bazda belirlenen faaliyet oraný nedir?";Yönetmeliðin Faaliyet Hesaplama Tablosu'na göre yurt içi araþtýrma faaliyetleri ay üzerinden deðerlendirilir ve her bir ay için faaliyet oraný 10 olarak belirlenmiþtir. Araþtýrmanýn puan alabilmesi için en az dört ay sürmesi þarttýr. Bu durumda dört aylýk bir yurt içi araþtýrma 40 faaliyet oranýna (10x4) sahip olur ve bu oran araþtýrma kategorisinin temel puaný olan 15 ile çarpýlarak (40% x 15) 6 puan kazandýrýr. Araþtýrmanýn üniversite yönetim kurulu izniyle ve kurum dýþýnda yürütülmesi zorunludur.;[Yönetmelik];Tablo 4 / Madde 7(3);araþtýrma|yurt içi|ay katsayýsý|puanlama;hard
793;TÜBÝTAK 1005 (Ulusal Yeni Fikirler ve Ürünler Araþtýrma Destek Programý) projesinde yürütücü olan birinin puan oraný kaçtýr?;Yönetmeliðin Faaliyet Hesaplama Tablosu'na göre TÜBÝTAK 1005 ve 3001 projeleri için faaliyet oraný r x 70 olarak belirlenmiþtir. Proje yürütücüsü için r katsayýsý 1 olduðundan, yürütücü bu projeden doðrudan 70 oranýnda faaliyet puaný alýr. Bu oran proje kategorisinin temel puaný olan 20 ile çarpýlarak (70% x 20) toplam 14 akademik teþvik puaný olarak yansýtýlýr. Projenin 2025 yýlýnda baþarýyla sonuçlanmýþ ve sonuç raporunun onaylanmýþ olmasý belgelendirme için zorunlu ön koþuldur.;[Yönetmelik];Tablo 4 / Madde 8(5);tübitak 1005|proje|puanlama|yürütücü;med
794;"Akademik teþvik baþvurusu sýrasýnda öðretim elemanlarýnýn ""Kurum Deðiþikliði Beyan Formu"" sunmasý hangi durumda zorunludur?";Öðretim elemaný 2025 yýlý içerisinde baþka bir kurumdan (üniversite veya diðer kamu kurumlarý) naklen gelmiþ ise Kurum Deðiþikliði Beyan Formunun sunulmasý zorunludur. Bu formda araþtýrmacýnýn önceki kurumda gerçekleþtirdiði ve üniversitemizde gerçekleþtirdiði faaliyetler ayrýntýlý olarak belirtilmelidir. Ayrýca YÖKSÝS çýktýsýnda her bir faaliyetin hangi kurum bünyesinde yapýldýðý da açýkça gösterilmelidir. Farklý kurumlarda gerçekleþtirilen faaliyetlerin deðerlendirilmesi, öðretim elemanýnýn þu an kadrosunun bulunduðu yükseköðretim kurumundaki komisyonca yapýlýr.;[Baþvuru Rehberi]|[Yönetmelik];Madde 8 / Madde 6(2);kurum deðiþikliði|beyan formu|naklen atama|yöksis;hard
795;Uluslararasý patentlerin akademik teþvik kapsamýnda deðerlendirilebilmesi için tescil belgesinde hangi teknik kriterler aranmaktadýr?;"Uluslararasý patentlerin deðerlendirilebilmesi için Patent Ýþbirliði Antlaþmasý (PCT) kapsamýnda yapýlan baþvurularda; uluslararasý araþtýrma raporunun yazýlý görüþ kýsmýnda veya ön inceleme raporunda en az bir istemin patentlenebilirlik kriterlerini (yenilik, buluþ basamaðý, sanayiye uygulanabilirlik) saðladýðýnýn ifade edilmiþ olmasý þarttýr. Avrupa Patent Ofisi (EPO) tarafýndan verilen patentler de bu kapsamdadýr. Patentlerin tescil tarihinin 2025 yýlý olmasý esas alýnýr. Tescil belgesinin nüshasý veya yetkili mercilerce düzenlenen resmi onay raporu FUATS sistemine yüklenmelidir.";[Baþvuru Rehberi]|[Yönetmelik];Madde 33 / Madde 3(ö);patent|tescil|yenilik|buluþ basamaðý;hard
796;Birim akademik teþvik baþvuru ve inceleme komisyonunun kararlarýnda oylarýn eþitliði durumunda hangi kural iþletilir?;Birim akademik teþvik baþvuru ve inceleme komisyonu, baþkan dahil üye tam sayýsýnýn salt çoðunluðu ile toplanýr ve katýlanlarýn salt çoðunluðu ile karar alýr. Oylarýn eþit daðýlmasý durumunda komisyon baþkanýnýn oyu yönünde karar alýnmýþ sayýlýr. Komisyon üyelerinin oylama sýrasýnda çekimser oy kullanmalarý kesinlikle yasaktýr. Bu kural, üst komisyon olan Akademik Teþvik Düzenleme, Denetleme ve Ýtiraz Komisyonu için de Madde 4(2) uyarýnca aynen geçerlidir ve sürecin kesin kararlarla ilerlemesini saðlar.;[Yönetmelik];Madde 5(2) / Madde 4(2);birim komisyonu|karar yeter sayýsý|oy eþitliði|çekimser oy;med
797;"Ödül kategorisinde yer alan ""YÖK Yýlýn Doktora Tezi Ödülü"" akademik teþvik puanlamasýnda kaç faaliyet oranýna sahiptir?";Yönetmeliðin Faaliyet Hesaplama Tablosu'na göre YÖK Yýlýn Doktora Tezi Ödülü %100 faaliyet oranýna sahiptir. Bu oran ödül kategorisinin temel puaný olan 20 ile çarpýldýðýnda araþtýrmacýya 20 tam puan kazandýrýr. Benzer þekilde TÜBÝTAK Bilim Ödülü ve TÜBA Akademi Ödülü de %100 oran ile deðerlendirilir. Ödülün 2025 yýlýnda verilmiþ olmasý ve yetkili mercilerce onaylanmýþ belgesinin sisteme yüklenmesi þarttýr. Mansiyonlar veya kurum içi teþekkür belgeleri bu kapsamda deðerlendirmeye alýnmaz.;[Yönetmelik];Tablo 4 (Ödül);yök ödülü|doktora tezi|puanlama|ödül;easy
798;Akademik teþvik baþvurusu sýrasýnda öðretim elemanlarý kanýtlayýcý belgelerini fiziksel dosya olarak teslim etmeli midir?;Hayýr, akademik teþvik baþvurularýnda öðretim elemanlarý sadece YÖKSÝS ve FUATS sistem çýktýlarýný imzalayarak fiziksel olarak birimlerine teslim edeceklerdir. Faaliyetlere iliþkin tüm örnek, kanýt ve belgeler ise sadece elektronik ortamda FUATS sistemi (https://akademiktesvik.firat.edu.tr) üzerinden sunulmalýdýr. Fiziksel dosya veya kanýt dökümaný teslimi yapýlmayacaðý takvimde açýkça belirtilmiþtir. Ýnceleme komisyonlarý tüm deðerlendirmeleri bu dijital belgeler üzerinden yapacak, gerekli gördüðü hallerde ek bilgi talep edebilecektir.;[Takvim]|[Baþvuru Rehberi];02-11 Ocak 2026;kanýt|elektronik sunum|belge teslimi|fuats;easy
799;Ýlan edilen akademik teþvik sonuçlarýna karþý yapýlacak itirazlarýn deðerlendirilmesi ve nihai karara baðlanmasý ne kadar sürer?;Üst komisyon tarafýndan alýnan itirazlar, itiraz süresinin bittiði tarihten itibaren en geç beþ iþ günü içerisinde deðerlendirilerek nihai karara baðlanýr. Fýrat Üniversitesi 2026 takvimine göre bu süreç 01-05 Þubat 2026 tarihleri arasýndadýr. Komisyonun itirazlar sonucunda vereceði bu kararlar kesindir ve üniversite bünyesinde baþka bir itiraz merci bulunmamaktadýr. Kesinleþen listeler 06 Þubat tarihinde ödeme yapýlabilmesi için harcama birimlerine bildirilir.;[Takvim]|[Yönetmelik];Madde 6(6) / 01-05 Þubat 2026;itiraz|nihai karar|üst komisyon|takvim;med
800;"Dergilerin ""Diðer uluslararasý hakemli dergiler"" kategorisinde puanlanabilmesi için hangi yayýn süresi þartýný saðlamasý gerekir?";Bir derginin bu kategoride deðerlendirilebilmesi için en az beþ yýldýr yýlda en az bir sayý ile düzenli olarak yayýmlanýyor olmasý þarttýr. Ayrýca derginin editör veya yayýn kurulunun uluslararasý olmasý, bilimsel deðerlendirme sürecinin internet sayfasýnda ilan edilmiþ olmasý ve yayýmlanmýþ makale künyelerine dijital olarak ulaþýlabilmesi gerekir. Yayýn hayatý beþ yýldan az olan dergilerde çýkan makaleler teþvik kapsamýna dahil edilmez. Araþtýrmacýlar derginin arþiv bilgilerine eriþilebilen internet adresini FUATS üzerinden beyan etmelidir.;[Baþvuru Rehberi]|[Yönetmelik];Madde 21 / Madde 7(4);dergi|yayýn süresi|uluslararasý|kriter;med
801;Ayný yayýn veya esere bir kitabýn farklý bölümlerinde yapýlan atýflar akademik teþvik puanlamasýnda nasýl sayýlmaktadýr?;Ayný yayýn veya esere bir kitabýn farklý bölümlerinde veya kýsýmlarýnda yapýlan atýflar normal þartlarda yalnýzca bir atýf olarak deðerlendirilir. Ancak, bu kuralýn bir istisnasý mevcuttur: Eðer kitabýn her bir bölümünün yazarlarý farklý ise, bu farklý bölümlerde ayný esere yapýlan her bir atýf için ayrý ayrý puan deðerlendirmesi yapýlýr. Bu durumun belgelenmesi için kitabýn içindekiler sayfasý, bölüm yazarlarý listesi ve ilgili kaynakça sayfalarýnýn FUATS sistemine yüklenmesi araþtýrmacýnýn sorumluluðundadýr. Aksi halde tüm kitaptaki atýflar tek sayýlýr.;[Baþvuru Rehberi]|[Yönetmelik];Madde 37 / Madde 7(8);atýf|mükerrer atýf|kitap bölümü|puanlama;hard
802;"Sergi faaliyetlerinde ""tekrarlayan etkinlikler"" için uygulanan puanlama kýsýtlamasý tam olarak nedir?";Ayný yýl içerisinde tekrar eden sergi, konser, festival ve gösteri gibi sanatsal etkinliklerin puanlanmasýnda en çok iki tekrar dikkate alýnýr. Ýlk etkinlik için tam puan verilirken, ikinci tekrar etkinlik için mevcut faaliyet puanýnýn yarýsý (%50'si) uygulanýr. Ýkiden fazla tekrar eden ayný içerikli faaliyetler için ise hiçbir puanlama yapýlmaz. Sergilerin deðerlendirilmesinde serginin açýldýðý ve tamamlandýðý tarih olan 2025 yýlý esas alýnýr. Eðitim-öðretim faaliyetleri ve öðrenci kulüp faaliyetleri kapsamýndaki sergiler ise puanlanmaz.;[Baþvuru Rehberi]|[Yönetmelik];Madde 32 / Madde 7(6);sergi|tekrar|puanlama|kýsýtlama;med
803;"Güzel Sanatlar temel alanýndaki ""A4"" branþlarý için uluslararasý kiþisel ses veya görüntü kaydý kaç faaliyet oranýna sahiptir?";Faaliyet Hesaplama Tablosu'na göre, sadece A4 (Güzel Sanatlar) temel alaný için geçerli olan uluslararasý boyutta performansa dayalý yayýmlanmýþ kiþisel ses ve/veya görüntü kayýtlarý için faaliyet oraný 20 olarak belirlenmiþtir. Karma ses veya görüntü kayýtlarýnda ise bu oran 10'dur. Bu kayýtlarýn puanlanabilmesi için 2025 yýlý içerisinde yayýmlanmýþ olmasý ve Müzik/Konservatuvar bölümleri için bandrol belgesinin sunulmasý þarttýr. Diðer temel alanlarda (A1, A2, A3) ses kaydý için puanlama oraný tanýmlanmamýþtýr.;[Yönetmelik];Tablo 4 / Madde 8(7);ses kaydý|güzel sanatlar|A4 alaný|puanlama;hard
804;TÜBÝTAK projeleri için akademik teþvik baþvurusu sýrasýnda FUATS sistemine bilimsel kurul deðerlendirme raporu yüklenmeli midir?;Baþvuru Rehberi'nin 13. maddesine göre bilimsel kurul deðerlendirme raporlarý TÜBÝTAK projeleri için geçerli deðildir ve sisteme yüklenmesi zorunlu tutulmamýþtýr. TÜBÝTAK projeleri için sadece destekleyen kuruluþ tarafýndan projenin sonuçlandýðýný veya kapatýldýðýný gösteren onaylý resmi belgenin sunulmasý yeterlidir. Ancak TÜBÝTAK dýþýndaki diðer ulusal veya uluslararasý özel/resmi kurum ve kuruluþlar tarafýndan desteklenen Ar-Ge projeleri için bu tür deðerlendirme raporlarýnýn sunulmasý gerekebilir. Belgeler projenin kapatýldýðýný kesin olarak kanýtlamalýdýr.;[Baþvuru Rehberi];Madde 13;tübitak|proje belgeleri|deðerlendirme raporu|fuats;med
805;Akademik teþvik ödeneði hangi unvanlardaki öðretim elemanlarýna en yüksek Devlet memuru brüt aylýðýnýn hangi oranlarýnda ödenir?;"Akademik teþvik ödemesi; profesör kadrosundakiler için %100, doçent kadrosundakiler için %90, doktor öðretim üyeleri için %80, araþtýrma görevlisi ve öðretim görevlisi kadrolarýnda bulunanlar için ise %70 oraný üzerinden hesaplanýr. Bu oranlar en yüksek Devlet memuru brüt aylýðý tutarý ile çarpýlýr. Sonuç rakamý, araþtýrmacýnýn hesaplanan akademik teþvik puanýnýn yüze bölünmesiyle elde edilen katsayý ile tekrar çarpýlarak nihai ödeme miktarýna ulaþýlýr. Hesaplamada araþtýrmacýnýn baþvuru tarihindeki kadro unvaný temel alýnýr.";[Yönetmelik];Madde 8(1);ödeme oraný|unvan|kadro|hesaplama;easy
806;"Dergilerde yayýmlanan ""vaka takdimi"" veya ""editöre mektup"" gibi kýsa makaleler akademik teþvik puanlamasýnda nasýl hesaplanmaktadýr?";"SCI, SCI-Expanded, SSCI ve AHCI kapsamýndaki dergilerde müstakil olarak yayýmlanmýþ vaka takdimi, editöre mektup, teknik not, araþtýrma notu ve kitap eleþtirisi gibi kýsa makaleler puanlamaya dahildir. Bu tür yayýnlar için ""k x p x 30"" (A1/A3 alanlarý) veya ""k x p x 40"" (A2/A4 alanlarý) formülü uygulanýr. Bu oranlar, tam araþtýrma makalesi puanýnýn yarýsýna denk gelmektedir. Puanlama için ilgili yayýnýn dergide basýlmýþ veya elektronik ortamda cilt/sayfa numarasý alarak yayýmlanmýþ olmasý zorunludur.";[Yönetmelik];Madde 8(6) / Tablo 4;kýsa makale|vaka takdimi|puanlama|hesaplama;hard
807;Tanýnmýþ ulusal yayýnevi kriteri ile ilgili yönetmelikte yer alan güncel durum ve Danýþtay kararý nedir?;"Yönetmeliðin 3. maddesinde yer alan ""Tanýnmýþ ulusal yayýnevi"" tanýmý, Danýþtay Sekizinci Dairesi'nin 03.04.2024 tarihli kararý ile iptal edilmiþtir. Bu iptal kararý neticesinde, ulusal yayýnevleri üzerinden yapýlacak puanlamalarda sadece yönetmeliðin diðer geçerli hükümleri ve rehberde belirtilen ""en az beþ yýl ulusal düzeyde düzenli faaliyet yürütme"" ve ""en az yirmi kitap yayýmlama"" kriterleri aranmaktadýr. Araþtýrmacýlarýn yayýnevinin bu özelliklerini kütüphane kayýtlarý veya internet sayfasý çýktýlarý ile belgelendirmeleri zorunludur. Ýptal edilen kýsýmlar tablo 4'te de belirtilmiþtir.";[Yönetmelik]|[Baþvuru Rehberi];Madde 3(k) / Tablo 4;ulusal yayýnevi|danýþtay kararý|iptal|kitap;hard
808;Özel bir paylaþým oraný bulunmayan karma sanatsal etkinliklerde puanlama kiþi sayýsýna bölünerek mi yapýlmaktadýr?;"Normal þartlarda, özel bir paylaþým oraný bulunmayan faaliyetler için ""oran/kiþi sayýsý"" kuralý uygulanýr. Ancak yönetmelikte bu durumun iki istisnasý tanýmlanmýþtýr: Sergi faaliyet türündeki karma etkinlikler ile uluslararasý boyutta performansa dayalý yayýmlanmýþ karma ses veya görüntü kayýtlarý, katýlýmcý kiþi sayýsýna bakýlmaksýzýn her bir öðretim elemanýna tam puan verilerek deðerlendirilir. Bu istisna dýþýndaki tüm çok isimli akademik faaliyetlerde (yayýn, teblið, patent vb.) yazar sayýsýna göre belirlenen (k) katsayýsý üzerinden puan paylaþýmý yapýlmasý zorunludur.";[Yönetmelik];Madde 8(7);karma etkinlik|istisna|kiþi sayýsý|ses kaydý;hard
809;Yabancý uyruklu öðretim elemanlarý akademik teþvik ödeneðinden faydalanabilir mi ve bu konudaki yönetmelik hükmü nedir?;Hayýr, Akademik Teþvik Ödeneði Yönetmeliði'nin 6. maddesinin 9. fýkrasý uyarýnca yabancý uyruklu öðretim elemanlarý bu ödenekten kesinlikle yararlanamazlar. Teþvik ödeneði sadece devlet yükseköðretim kurumlarý kadrolarýnda bulunan Türk vatandaþý öðretim elemanlarýný ve ilgili maddede sayýlan akademi personelini kapsamaktadýr. Yabancý uyruklu personel sistem üzerinden faaliyet beyanýnda bulunsa dahi puan hesaplamasý yapýlmaz ve ödeme listelerine dahil edilmezler. Bu kuralýn herhangi bir istisnasý yönetmelik metninde yer almamaktadýr.;[Yönetmelik];Madde 6(9);yabancý uyruklu|kapsam dýþý|öðretim elemaný|ödeme;easy
810;"Dergilerin ""Alan endeksleri"" kategorisinde puanlanabilmesi için ÜAK tarafýndan tanýmlanan temel alan kýsýtlamasý nedir?";"Alan endekslerine giren dergiler için puanlama yapýlabilmesi, derginin ÜAK sayfasýnda ilan edilen listelerde yer almasýna baðlýdýr. Ancak rehberin 26. maddesine göre; Eðitim Bilimleri, Mimarlýk, Planlama ve Tasarým, Sosyal, Beþeri ve Ýdari Bilimler ile Spor Bilimleri temel alanlarý dýþýndaki alanlar bu kapsamda deðerlendirmeye alýnmayacaktýr. Bu temel alanlar dýþýndaki (örneðin Fen veya Saðlýk) araþtýrmacýlar alan endeksi kategorisinden puan talep edemezler. Bu kural, doçentlik kriterlerindeki farklýlýklar göz önüne alýnarak düzenlenmiþtir.";[Baþvuru Rehberi];Madde 26;alan endeksi|üak|kýsýtlama|temel alan;"hard"""
811;Fýrat Üniversitesi akademik teþvik takvimine göre birim inceleme komisyonlarý baþvurularý deðerlendirdikten sonra belgeleri hangi tarihte Dekanlýk veya Müdürlüklere iletmelidir?;"Takvime göre birim komisyonlarý incelemelerini 12-15 Ocak 2026 tarihleri arasýnda tamamlar; teþvik almaya hak kazanan araþtýrmacýlarýn YÖKSÝS ve FUATS sistem çýktýlarýný 15 Ocak 2026 tarihinde ilgili Dekanlýk veya Müdürlüklere göndermek zorundadýrlar; bu belgelerin zamanýnda iletilmesi üst komisyona yapýlacak sevkiyatýn 16 Ocak tarihinde gerçekleþmesi için kritik önem taþýmaktadýr; birimlerin bu sürelere uymasý genel takvimin aksamamasý için zorunludur.";[Takvim];15 Ocak 2026;takvim|birim komisyonu|teslim tarihi|evrak;med
812;Akademik teþvik sonuçlarýna yapýlacak itirazlarýn Rektör Yardýmcýlýðý Makamýna teslim edilmesi sürecinde hangi gönderim yöntemleri kesinlikle kabul edilmemektedir?;"Akademik teþvik sonuçlarýna karþý yapýlacak itiraz dilekçelerinin 26-30 Ocak 2026 tarihleri arasýnda Rektör Yardýmcýlýðý Makamýna þahsen ve elden teslim edilmesi þarttýr; Baþvuru Rehberi ve Takvim hükümlerine göre posta, kargo, kurye veya elektronik posta (e-posta) yoluyla yapýlan itiraz baþvurularý kesinlikle kabul edilmeyecek ve iþleme alýnmayacaktýr; araþtýrmacýlarýn itirazlarýný bizzat kendilerinin veya resmi vekillerinin elden ulaþtýrmasý yasal bir zorunluluk olarak tanýmlanmýþtýr.";[Takvim]|[Baþvuru Rehberi];26-30 Ocak 2026 / Ýtiraz Bölümü;itiraz|teslim yöntemi|rektör yardýmcýsý|kýsýtlama;hard
813;Öðretim elemanlarýnýn akademik teþvik baþvurusu yapabilmeleri için öncelikle hangi merkezi veri tabanýna veri giriþi yapmalarý zorunludur?;"Akademik teþvik ödeneði baþvurusunda bulunacak öðretim elemanlarýnýn öncelikle akademik faaliyetlerine ait verileri Yükseköðretim Kurulu Baþkanlýðý Ortak Veri Tabaný olan YÖKSÝS sistemine girmeleri gerekmektedir; YÖKSÝS verileri girilmeden FUATS sistemi üzerinden baþvuru yapýlmasý mümkün deðildir; araþtýrmacýlar YÖKSÝS’ten aldýklarý çýktýyý imzalayarak FUATS sistem çýktýsý ile birlikte birimlerine teslim ederler; sistemler arasýndaki veri uyumu deðerlendirme komisyonlarý tarafýndan titizlikle kontrol edilen temel bir husustur.";[Baþvuru Rehberi]|[Yönetmelik];Madde 8 / Madde 3(s);yöksis|veri giriþi|baþvuru süreci|zorunluluk;easy
814;Bir araþtýrmacýnýn akademik teþvik ödeneði alabilmesi için hesaplanan nihai akademik teþvik puanýnýn en az kaç olmasý gerekmektedir?;"Akademik Teþvik Ödeneði Yönetmeliði'nin 10. maddesinin 3. fýkrasý uyarýnca, bir öðretim elemanýna akademik teþvik ödeneði ödenebilmesi için hesaplanan akademik teþvik puanýnýn en az otuz (30) olmasý þarttýr; puaný otuzun altýnda kalan araþtýrmacýlar için herhangi bir ödeme iþlemi gerçekleþtirilmez; bu puan barajý, tüm akademik faaliyet türlerinin toplamý ve her bir türün %30'luk aðýrlýk sýnýrý uygulandýktan sonraki nihai puaný ifade eder; barajý geçenler Þubat ayýndan itibaren ödeme almaya baþlar.";[Yönetmelik];Madde 10(3);puan barajý|asgari puan|ödeme þartý|yönetmelik;easy
815;Döner sermaye üzerinden yürütülen projelerin teþvik kapsamýnda deðerlendirilebilmesi için projenin maddi desteðiyle ilgili hangi þart aranmaktadýr?;"Döner sermaye üzerinden yapýlan dýþ kaynaklý yurt içi veya yurt dýþý projelerin akademik teþvik kapsamýnda puanlanabilmesi için projenin maddi desteðinin mutlaka üniversiteye aktarýlmýþ olmasý gerekmektedir; bu þartýn yaný sýra projenin Ar-Ge niteliði taþýmasý ve toplam süresinin dokuz aydan fazla olmasý zorunludur; maddi desteði üniversite hesaplarýna girmeyen veya Ar-Ge niteliði taþýmayan danýþmanlýk benzeri faaliyetler proje kategorisinde deðerlendirmeye alýnmaz; ödeme belgelerinin kanýt olarak sunulmasý komisyon tarafýndan talep edilebilir.";[Baþvuru Rehberi];Madde 11;döner sermaye|proje|maddi destek|Ar-Ge;hard
816;Akademik teþvik baþvurularýnda kullanýlan FUATS sistemine tüm kanýtlayýcý belgelerin hangi formatta sunulmasý takvimde açýkça belirtilmiþtir?;"Fýrat Üniversitesi Akademik Teþvik Takvimi ve Baþvuru Rehberi uyarýnca, akademik faaliyetlere iliþkin tüm kanýtlayýcý belgeler fiziksel bir dosya yerine tamamen elektronik ortamda sunulmalýdýr; öðretim elemanlarý sadece YÖKSÝS ve FUATS sistem çýktýlarýný ýslak imzalý olarak birimlerine fiziksel teslim ederler; ancak yayýnlar, projeler, patentler ve diðer tüm faaliyetlerin örnekleri ve belgeleri FUATS (https://akademiktesvik.firat.edu.tr) üzerinden dijital olarak sisteme yüklenmelidir; kaðýt israfýný önlemek ve incelemeyi hýzlandýrmak için dijital arþivleme esastýr.";[Takvim]|[Baþvuru Rehberi];02-11 Ocak 2026 / Genel Bilgiler;fuats|elektronik sunum|kanýt belgesi|dijital;med
817;Üst komisyon kararlarýna karþý yapýlan itirazlarýn deðerlendirilmesi sürecinde komisyonun nihai kararýný vermesi için belirlenen yasal süre nedir?;"Yönetmeliðin 6. maddesinin 6. fýkrasýna göre, Akademik Teþvik Düzenleme, Denetleme ve Ýtiraz Komisyonu, kendisine ulaþan itirazlarý itiraz süresinin bittiði tarihten itibaren en geç beþ iþ günü içerisinde karara baðlamak zorundadýr; Fýrat Üniversitesi 2026 takviminde bu deðerlendirme süreci 01-05 Þubat 2026 tarihleri arasýnda planlanmýþtýr; komisyonun bu süre zarfýnda verdiði kararlar kesin olup, üniversite içi idari süreçlerde bu kararlara karþý ikinci bir itiraz yolu bulunmamaktadýr; kesinleþen sonuçlar ödeme birimlerine iletilir.";[Yönetmelik]|[Takvim];Madde 6(6) / 01-05 Þubat 2026;itiraz süresi|nihai karar|üst komisyon|yönetmelik;med
818;Vakýf üniversitesinden devlet üniversitesine geçen bir öðretim elemanýnýn vakýf üniversitesindeyken yaptýðý yayýnlar teþvik puanlamasýna dahil edilir mi?;"Hayýr, Akademik Teþvik Ödeneði Yönetmeliði'nin 6. maddesinin 7. fýkrasý uyarýnca vakýf yükseköðretim kurumlarýndan devlet yükseköðretim kurumlarý kadrolarýna geçen öðretim elemanlarýnýn puan hesaplamasýnda sadece devlet yükseköðretim kurumlarýnda gerçekleþtirdikleri faaliyetler esas alýnýr; araþtýrmacýnýn vakýf üniversitesi bünyesinde görev yaptýðý dönemde ürettiði makale, proje veya diðer çýktýlar hiçbir þekilde puanlamaya dahil edilmez; bu adaylarýn YÖKSÝS çýktýlarýnda faaliyetlerin gerçekleþtirildiði kurum bilgisini açýkça göstermeleri ve Kurum Deðiþikliði Beyan Formunu doldurmalarý þarttýr.";[Yönetmelik]|[Baþvuru Rehberi];Madde 6(7) / Genel Bilgilendirme;vakýf üniversitesi|kurum deðiþikliði|devlet üniversitesi|puanlama;hard
819;Akademik teþvik ödeneði ödemeleri her yýl hangi tarihte baþlar ve toplamda kaç ay boyunca devam eder?;"Akademik teþvik ödeneði, her bir takvim yýlý için bir önceki yýlda gerçekleþtirilen akademik faaliyetler esas alýnarak hesaplanýr; hesaplanan puanlar üzerinden ödemeler, faaliyet yýlýný takip eden yýlýn Þubat ayýnýn on beþinden itibaren baþlatýlýr; bu ödemeler on iki ay süreyle her ayýn on beþinde öðretim elemanýnýn hesabýna yatýrýlmaktadýr; ödeme yapýlabilmesi için personelin 2914 sayýlý veya 926 sayýlý Kanun uyarýnca aktif olarak aylýk alýyor olmasý gerekmektedir; ödemeler bir sonraki yýlýn Ocak ayýnda sona erer.";[Yönetmelik];Madde 10(2);ödeme takvimi|þubat|on iki ay|maaþ;easy
820;TÜBÝTAK tarafýndan desteklenen projelerden hangileri akademik teþvik kapsamýnda kesinlikle deðerlendirme dýþý (kapsam dýþý) býrakýlmýþtýr?;"TÜBÝTAK projelerinden sadece akademik destek programlarý teþvik kapsamýna alýnmaktadýr; buna karþýlýk TÜBÝTAK’ýn sanayi, kamu, giriþimcilik, bilimsel etkinlik (4000 serisi gibi) ve bilim-toplum destek projeleri kesinlikle kapsam dýþýdýr; ayrýca TÜBÝTAK-1002 (Hýzlý Destek) projeleri de yönetmelik gereði deðerlendirmeye alýnmayan proje türleri arasýndadýr; araþtýrmacýlarýn bu projeleri FUATS sistemine puan almak amacýyla girmemeleri gerektiði Baþvuru Rehberi'nde açýkça uyarýlmaktadýr; proje baþvurularýnda sadece 1001, 1003, 1005 gibi akademik destekler puan kazandýrýr.";[Baþvuru Rehberi]|[Yönetmelik];Madde 12 / Madde 7(2);tübitak|kapsam dýþý|proje|tübitak 1002;med
821;Araþtýrma faaliyetinden puan alabilmek için gerekli olan kurum dýþý görevlendirme izni hangi yetkili organ tarafýndan verilmiþ olmalýdýr?;"Bir araþtýrmanýn akademik teþvik puaný alabilmesi için öðretim elemanýnýn kendi kurumu dýþýnda bir üniversite veya araþtýrma kurumunda en az dört ay süreyle tam zamanlý görevlendirilmiþ olmasý þarttýr; bu görevlendirmenin mutlaka üniversite yönetim kurulu tarafýndan verilmiþ resmi bir izin kararýna dayanmasý gerekmektedir; baþvuru sýrasýnda bu resmi izin yazýsýnýn FUATS sistemine yüklenmesi zorunluluktur; yönetim kurulu onayý bulunmayan veya sadece bölüm/fakülte izni ile yapýlan yurt içi veya yurt dýþý araþtýrmalar teþvik kapsamýnda deðerlendirilmez.";[Baþvuru Rehberi]|[Yönetmelik];Madde 15 / Madde 7(3);araþtýrma|yönetim kurulu|görevlendirme|izin;med
822;Ayný yayýnevi tarafýndan basýlan bir kitabýn yeni baskýlarý (2. baský, 3. baský vb.) akademik teþvik kapsamýnda tekrar puanlanýr mý?;"Hayýr, akademik teþvik sisteminde kitaplar ile ilgili deðerlendirmelerde kitabýn ilk yayýmlanma yýlý esas alýnmaktadýr; Yönetmeliðin 7. maddesinin 4. fýkrasý ve Baþvuru Rehberi uyarýnca, daha önce herhangi bir yýlýn akademik teþvik sürecinde deðerlendirmeye alýnmýþ bir kitabýn veya kitap bölümünün sonraki yýllarda yapýlan yeni baskýlarý kesinlikle deðerlendirmeye alýnmaz; araþtýrmacýlarýn sadece 2025 yýlý içerisinde ilk defa yayýmlanmýþ özgün eserlerini beyan etmeleri gerekmektedir; çeviri kitaplar veya güncellenmiþ baskýlar için mükerrer puanlama yapýlmayacaðý net bir kuraldýr.";[Yönetmelik]|[Baþvuru Rehberi];Madde 7(4) / Madde 19;kitap|yeni baský|mükerrer puanlama|yayýn;easy
823;Dergilerde yayýnlanan makalelerin puanlanmasýnda kullanýlan 'p' katsayýsýnýn belirlenmesi için hangi uluslararasý veri tabanýnýn çeyreklik sýnýflamasý esas alýnýr?;"SCI, SCI-Expanded, SSCI ve AHCI kapsamýndaki dergilerde yayýmlanan makalelerin puan hesaplamasýnda ISI Web of Science (WOS) tarafýndan en son yayýmlanan Çeyreklik (Quartile/Q) sýnýflamasý esas alýnmaktadýr; bu sýnýflamaya göre dergiler Q1, Q2, Q3 ve Q4 olarak gruplandýrýlýr ve her grup için farklý bir p katsayýsý (1, 0.8, 0.5, 0.25) uygulanýr; araþtýrmacýlarýn WOS üzerinden aldýklarý ve makalenin yayýnlandýðý yýla ait Q deðerini gösteren belgeyi FUATS sistemine yüklemeleri zorunludur; AHCI dergiler için Q deðerine bakýlmaksýzýn katsayý 0.5 olarak sabitlenmiþtir.";[Yönetmelik]|[Baþvuru Rehberi];Madde 8(6) / Madde 26;p katsayýsý|quartile|wos|makale;hard
824;Güzel Sanatlar temel alanýnda (A4) uluslararasý karma bir ses kaydý gerçekleþtiren araþtýrmacý kaç faaliyet oraný puaný alýr?;"Yönetmeliðin Faaliyet Hesaplama Tablosu (Tablo 4) uyarýnca, sadece Güzel Sanatlar temel alaný için tanýmlanan 'Uluslararasý boyutta performansa dayalý yayýmlanmýþ karma ses ve/veya görüntü kaydý' faaliyeti için 10 faaliyet oraný belirlenmiþtir; bu oran, yayýn kategorisinin temel puaný olan 30 ile çarpýlarak hesaplanýr; bu tür karma etkinliklerde, diðer faaliyet türlerinin aksine kiþi sayýsýna bakýlmaksýzýn araþtýrmacýya tam puan verilmesi yönetmeliðin 8. maddesinin 7. fýkrasý ile güvence altýna alýnmýþtýr; araþtýrmanýn 2025 yýlýnda yayýmlanmýþ olmasý ve belgelenmesi þarttýr.";[Yönetmelik];Tablo 4 / Madde 8(7);ses kaydý|karma etkinlik|güzel sanatlar|puanlama;hard
825;Akademik teþvik baþvurusunda sunulan bir tebliðin uluslararasý sayýlabilmesi için konuþmacýlarýn ülke daðýlýmý nasýl olmalýdýr?;"Bir tebliðin sunulduðu etkinliðin uluslararasý nitelik taþýmasý için Türkiye dýþýnda en az beþ farklý ülkeden sözlü teblið sunan konuþmacýnýn katýlým saðlamasý zorunludur; sadece beþ yabancý konuþmacýnýn olmasý yeterli deðildir, bu kiþilerin beþ farklý ülkeyi temsil etmesi þarttýr; ayrýca etkinlikteki tebliðlerin toplam sayýsýnýn yarýdan fazlasýnýn (%51 ve üzeri) Türkiye dýþýndaki kurumlardan katýlan araþtýrmacýlar tarafýndan sunulmuþ olmasý esastýr; bu þartlarý saðlamayan kongrelerde sunulan bildiriler uluslararasý teblið kategorisinde puanlanamaz; etkinlik programý bu verileri kanýtlamak için sisteme yüklenmelidir.";[Baþvuru Rehberi]|[Yönetmelik];Madde 40 / Madde 7(9);teblið|uluslararasý|konuþmacý sayýsý|ülke çeþitliliði;hard
826;Tasarým faaliyetinin akademik teþvik kapsamýnda deðerlendirilebilmesi için tescil dýþýnda hangi alternatif uygulama þartý bulunmaktadýr?;"Tasarýmýn akademik teþvik puaný alabilmesi için ya 2025 yýlý içerisinde resmi mercilerce tescil edilmiþ olmasý ya da kamu kurumlarý veya özel hukuk tüzel kiþileriyle yapýlan bir sözleþme uyarýnca fiilen uygulanmýþ veya ticarileþtirilmiþ olmasý gerekmektedir; sadece çizim aþamasýnda kalan, tescillenmemiþ veya herhangi bir kurumla sözleþmeye baðlanarak hayata geçirilmemiþ tasarýmlar puanlanmaz; baþvuru sahibi tasarýmýyla ilgili sözleþme örneðini veya ticarileþme belgesini FUATS sistemine kanýt olarak yüklemekle yükümlüdür; tasarýmýn bilimsel veya sanatsal katký saðlamasý da ön koþuldur.";[Baþvuru Rehberi]|[Yönetmelik];Madde 29 / Madde 7(5);tasarým|uygulama|ticarileþme|sözleþme;med
827;Atýf faaliyetlerinin puanlanmasýnda araþtýrmacýnýn kendi çalýþmasýna yaptýðý atýflar (self-citation) hangi kurala göre elenmektedir?;"Akademik Teþvik Ödeneði Yönetmeliði'nin 7. maddesinin 8. fýkrasýna göre, baþvuru sahibinin kendi yayýnlarýna veya eserlerine yaptýðý atýflar kesinlikle kapsam dýþýdýr; puanlama yapýlýrken sadece araþtýrmacýnýn yazar olarak yer almadýðý, baþka araþtýrmacýlar tarafýndan 2025 yýlýnda yayýmlanmýþ çalýþmalardaki atýflar dikkate alýnýr; ayrýca atýf yapýlan eserin araþtýrmacý tarafýndan devlet yükseköðretim kurumlarýnda görev yaparken üretilmiþ olmasý þarttýr; öz-atýflarýn elenmesi için WOS veya diðer indekslerden alýnan atýf listeleri komisyonlar tarafýndan titizlikle incelenmektedir; hatalý beyanlar puan düþüþüne neden olur.";[Yönetmelik]|[Baþvuru Rehberi];Madde 7(8) / Madde 37;atýf|self-citation|kapsam dýþý|yönetmelik;med
828;Ödül kategorisinde yer alan bir bilim ödülünün puanlanabilmesi için o ödülün geçmiþte en az kaç kez verilmiþ olmasý gerekir?;"Yönetmelik ve Baþvuru Rehberi uyarýnca, yurt içi veya yurt dýþý kurum ve kuruluþlardan alýnan bilim ödüllerinin deðerlendirmeye alýnabilmesi için bu ödüllerin sürekli olarak verilmekte olmasý ve daha önce en az beþ (5) kez verilmiþ olmasý þarttýr; araþtýrmacýlarýn ödülün sürekliliðini ve geçmiþteki veriliþ sayýlarýný kanýtlayan web sayfasý çýktýlarýný veya resmi belgeleri FUATS sistemine yüklemeleri zorunludur; ilk defa verilen veya süreklilik arz etmeyen ödüller akademik teþvik kapsamýnda puanlanmaz; ayrýca ödülün bir jüri tarafýndan deðerlendirilmiþ olmasý aranmaktadýr.";[Baþvuru Rehberi]|[Yönetmelik];Madde 44 / Tablo 4;ödül|süreklilik|bilim ödülü|þartlar;easy
829;Akademik teþvik ödeneði hangi vergi türlerinden muaftýr ve bu ödeme diðer ek ödemelerin hesabýna matrah teþkil eder mi?;"Akademik teþvik ödeneði, Damga Vergisi hariç hiçbir vergiye tabi tutulmaz; araþtýrmacýya yapýlacak ödemeden sadece binde 7,59 oranýnda damga vergisi kesintisi yapýlýr; ayrýca bu ödenek ilgili mevzuat uyarýnca ödenmekte olan zam, tazminat, döner sermaye ek ödemesi, ikramiye ve ücret gibi diðer ödemelerin hesabýnda kesinlikle dikkate alýnmaz; yani baþka bir ödemenin matrahýný artýrmaz veya azaltmaz; tamamen baðýmsýz bir teþvik kalemi olarak Þubat ayýndan itibaren on iki ay boyunca ödenir; mali hükümler yönetmeliðin 10. maddesinde düzenlenmiþtir.";[Yönetmelik];Madde 10(2);vergi muafiyeti|damga vergisi|ek ödeme|mali hükümler;med
830;Birim akademik teþvik baþvuru ve inceleme komisyonlarý kararlarýný alýrken üyeler 'çekimser' oy kullanabilir mi?;"Hayýr, Yönetmeliðin 5. maddesinin 2. fýkrasý uyarýnca, birim akademik teþvik baþvuru ve inceleme komisyonu üyeleri oylama sýrasýnda kesinlikle çekimser oy kullanamazlar; komisyon toplantýlarýna katýlan her bir üye, deðerlendirilen faaliyet hakkýnda 'kabul' veya 'ret' yönünde oy kullanmak zorundadýr; bu kural kararlarýn netleþmesi ve sürecin aksamadan ilerlemesi için getirilmiþtir; ayný kural üst komisyon olan Akademik Teþvik Düzenleme, Denetleme ve Ýtiraz Komisyonu için de geçerlidir; oylarýn eþitliði halinde ise komisyon baþkanýnýn oyu belirleyici olmaktadýr.";[Yönetmelik];Madde 5(2) / Madde 4(2);çekimser oy|komisyon|karar verme|oylama;med
831;Dergilerin 'Alan Ýndeksi' kategorisinde puanlanabilmesi için hangi üniversite branþlarý bu kapsamýn dýþýnda tutulmuþtur?;"Baþvuru Rehberi'nin 26. maddesine göre, Alan Ýndeksine giren dergilerde yayýnlanan makalelerin puanlanmasý sadece belirli temel alanlar için geçerlidir; bu kapsamda Eðitim Bilimleri, Mimarlýk, Planlama ve Tasarým, Sosyal, Beþeri ve Ýdari Bilimler ile Spor Bilimleri temel alanlarý dýþýndaki tüm alanlar (Fen, Mühendislik, Saðlýk vb.) alan indeksi kategorisinden puan alamayacaklardýr; bu alanlardaki araþtýrmacýlar yayýnlarýný SCI, SSCI gibi üst indekslerde veya 'diðer uluslararasý hakemli dergi' kategorisinde beyan etmelidir; kapsam dýþý alanlarda yapýlan beyanlar birim komisyonlarýnca reddedilmektedir.";[Baþvuru Rehberi];Madde 26;alan indeksi|temel alanlar|kýsýtlama|yayýn;hard
832;Akademik teþvik puaný hesaplanýrken her bir faaliyet türünün toplam puan üzerindeki etkisi yüzde kaç ile sýnýrlandýrýlmýþtýr?;"Akademik Teþvik Ödeneði Yönetmeliði uyarýnca, her bir akademik faaliyet türünün (örneðin sadece yayýn veya sadece atýf) toplam puanýn hesaplanmasýndaki aðýrlýðý, akademik teþvik toplam puanýnýn %30’unu geçemez; bir araþtýrmacý bir faaliyet türünden 100 tam puan toplasa bile, bu puanýn toplam teþvik puanýna katkýsý en fazla 30 puan olarak yansýtýlýr; bu kuralýn amacý, öðretim elemanlarýnýn sadece tek bir alanda deðil, akademik faaliyetlerin farklý kollarýnda üretim yapmalarýný teþvik etmektir; toplam puan ise hiçbir durumda 100 puaný aþamaz.";[Yönetmelik];Madde 1(1) / Madde 8(3);puan sýnýrý|aðýrlýk|yüzde otuz|puanlama;med
833;Kitaplarda yapýlan atýflarýn belgelenmesi için FUATS sistemine hangi sayfalarýn yüklenmesi zorunlu tutulmuþtur?;"Kitaplarda yapýlan atýflarýn puanlanabilmesi için araþtýrmacýlarýn FUATS sistemine þu sayfalarý içeren tek bir dosya yüklemeleri gerekmektedir: Kitabýn kapak sayfasý, yayýnevi ve basým yýlý bilgilerini içeren basým sayfasý, kitabýn kaynakçalar kýsmý ve atfýn yapýldýðý ilgili sayfa; basým sayfasýnýn sunulmasý, kitabýn 'tanýnmýþ ulusal' veya 'tanýnmýþ uluslararasý' yayýnevi kriterini saðlayýp saðlamadýðýnýn denetlenmesi açýsýndan kritiktir; eksik sayfa yüklenen atýf baþvurularý kanýt yetersizliði nedeniyle deðerlendirme dýþý býrakýlabilir; her atýf için bu dökümantasyon ayrý ayrý yapýlmalýdýr.";[Baþvuru Rehberi];Madde 38;atýf|kitap|kanýt|fuats;med
834;TÜBÝTAK projelerinin sonuçlandýðýný kanýtlamak için FUATS sistemine 'bilimsel kurul deðerlendirme raporu' yüklenmesi gerekir mi?;"Hayýr, Baþvuru Rehberi'nin 13. maddesinde açýkça belirtildiði üzere, bilimsel kurul deðerlendirme raporlarýnýn sunulmasý TÜBÝTAK projeleri için geçerli ve zorunlu deðildir; TÜBÝTAK projeleri için sadece projenin baþarýyla sonuçlandýðýný veya kapatýldýðýný gösteren, ilgili TÜBÝTAK birimi tarafýndan düzenlenmiþ onaylý resmi belgenin sisteme yüklenmesi yeterlidir; ancak TÜBÝTAK dýþýndaki diðer ulusal veya uluslararasý özel/resmi kurum projelerinde projenin Ar-Ge niteliðini ve baþarý düzeyini gösteren bilimsel raporlar komisyon tarafýndan talep edilebilir; araþtýrmacýlar bu ayrýmý gözeterek belge yüklemelidir.";[Baþvuru Rehberi];Madde 13;tübitak|proje belgeleri|deðerlendirme raporu|muafiyet;easy
835;Akademik teþvik ödeneði alan bir öðretim elemanýnýn yýl içinde kurum deðiþtirmesi durumunda ödemeleri hangi kurum tarafýndan sürdürülür?;"Yönetmeliðin 10. maddesinin 4. fýkrasýna göre, akademik teþvik ödemeleri on iki ay boyunca devam ederken bir yükseköðretim kurumundan diðerine (devlet üniversitesine) geçen öðretim elemanlarýnýn ödemeleri, geçiþ yaptýklarý yeni yükseköðretim kurumlarý tarafýndan merkezi bütçe imkanlarý dahilinde yapýlmaya devam edilir; araþtýrmacýnýn bu durumu yeni kurumunun tahakkuk birimine bildirmesi ve gerekli belgeleri sunmasý gerekebilir; ödemelerde herhangi bir kesinti yapýlmadan sürecin yeni kurumda tamamlanmasý esastýr; ancak vakýf üniversitesine geçiþ durumunda ödeme durdurulabilir.";[Yönetmelik];Madde 10(4);kurum deðiþikliði|ödeme|nakil|yönetmelik;med
836;Sergi faaliyetlerinde 'tekrarlayan etkinlikler' için uygulanan puan indirimi kuralý ikinci etkinlik için nasýldýr?;"Ayný yýl içerisinde (2025) gerçekleþtirilen ve içeriði ayný olan sergi, konser, bienal veya festival gibi etkinliklerin tekrarlanmasý durumunda puanlama kýsýtlýdýr; Baþvuru Rehberi'nin 32. maddesine göre, ayný yýl içindeki tekrarlarda en çok iki etkinlik dikkate alýnýr; ilk etkinlikten tam puan alýnýrken, ikinci tekrar etkinliðe mevcut faaliyet puanýnýn yarýsý (%50'si) verilir; ikiden fazla yapýlan ayný içerikli tekrarlar ise hiçbir þekilde puanlamaya dahil edilmez; araþtýrmacýlarýn bu tür etkinliklerde tarih ve yer farkýný kanýtlayan dökümanlarý her bir tekrar için ayrý ayrý sunmasý gerekmektedir.";[Baþvuru Rehberi]|[Yönetmelik];Madde 32 / Madde 7(6);sergi|tekrarlayan etkinlik|puan indirimi|sanatsal faaliyet;hard
837;Patentlerin akademik teþvik kapsamýnda deðerlendirilmesinde esas alýnan temel tarih kriteri hangi yýla ait olmalýdýr?;"Akademik Teþvik Ödeneði Yönetmeliði'nin 7. maddesinin 11. fýkrasýna göre, patent faaliyetlerinin deðerlendirilmesinde patentin resmi olarak tescil edildiði tarih esas alýnmaktadýr; 2026 yýlýndaki baþvurular için patentin tescil tarihinin mutlaka 2025 yýlý içerisinde (1 Ocak - 31 Aralýk) olmasý gerekmektedir; sadece baþvuru yapýlmýþ ancak tescil iþlemi tamamlanmamýþ patentler puanlamaya dahil edilmez; ulusal patentlerde Türk Patent ve Marka Kurumu'ndan alýnan tescil belgesi, uluslararasý patentlerde ise yetkili mercilerin tescil kararý kanýt olarak kabul edilmektedir; tescil belgesi sisteme yüklenmelidir.";[Yönetmelik]|[Baþvuru Rehberi];Madde 7(11) / Madde 34;patent|tescil tarihi|2025 yýlý|kanýt;easy
838;Dergilerde yapýlan editörlük faaliyetlerinde puanlama yapýlabilmesi için derginin sahip olmasý gereken temel numara nedir?;"Dergilerde gerçekleþtirilen editörlük, editör kurulu üyeliði ve makale yayýn faaliyetlerinin akademik teþvik kapsamýnda puanlanabilmesi için ilgili derginin mutlaka ISSN (Uluslararasý Standart Süreli Yayýn Numarasý) numarasýna sahip olmasý esastýr; ISSN numarasý bulunmayan dergilerde yapýlan akademik çalýþmalar ve görevler yönetmelik gereði kapsam dýþý býrakýlmýþtýr; araþtýrmacýlarýn dergi künyesinde yer alan bu numarayý FUATS sisteminde belirtmeleri ve dergi kapaðýndaki ISSN bilgisini içeren görseli kanýt olarak sunmalarý zorunluluktur; bu kural hem ulusal hem uluslararasý dergiler için geçerlidir.";[Yönetmelik]|[Baþvuru Rehberi];Madde 7(4) / Madde 21;editörlük|ISSN|dergi|yayýn;easy
839;Akademik teþvik ödeneði hesaplamasýnda 'profesör' unvanýna sahip bir öðretim elemaný için uygulanan unvan oraný yüzde kaçtýr?;"Akademik teþvik ödeneði tutarý hesaplanýrken öðretim elemanlarýnýn kadro unvanlarýna göre farklý oranlar uygulanmaktadýr; Yönetmeliðin 8. maddesinin 1. fýkrasýna göre profesör kadrosunda bulunanlar için bu oran %100’dür; diðer unvanlarda ise doçentler için %90, doktor öðretim üyeleri için %80, araþtýrma görevlisi ve öðretim görevlileri için %70 oraný esas alýnýr; hesaplama formülünde bu oranlar, en yüksek devlet memuru brüt aylýðý ve araþtýrmacýnýn topladýðý teþvik puaný ile çarpýlarak nihai ödeme miktarýna ulaþýlýr; unvan puanýn mali deðerini belirleyen temel çarpandýr.";[Yönetmelik];Madde 8(1);unvan oraný|profesör|ödeme hesaplama|kadro;easy
840;Google Scholar üzerinden alýnan atýf listeleri akademik teþvik puaný hesaplanmasýnda kanýtlayýcý belge olarak kabul edilmekte midir?;"Hayýr, Baþvuru Rehberi'nin 27. maddesinde açýkça belirtildiði üzere Google Scholar dýþýndaki diðer indekslere giren uluslararasý dergilerdeki yayýnlar deðerlendirilir; atýflarýn belgelenmesinde Web of Science (WOS) ekran görüntüleri veya derginin taranan alan indekslerini gösteren web sayfasýnýn ekran çýktýlarý sunulmalýdýr; Google Scholar verileri kontrol edilebilir ve doðrulanabilir bir akademik indeksleme kanýtý olarak teþvik sisteminde geçerli sayýlmamaktadýr; araþtýrmacýlarýn atýflarýný taranan veri tabanlarýndan (WOS, Scopus, TR Dizin vb.) aldýklarý dökümanlarla kanýtlamalarý þarttýr.";[Baþvuru Rehberi];Madde 27;atýf kanýtý|google scholar|wos|geçersiz belge;hard
841;Akademik teþvik ödeneði baþvurusu sýrasýnda öðretim elemanlarýnýn sunduðu belgelerde yanlýþ veya yanýltýcý beyan saptanýrsa ne yapýlýr?;"Ödeme yapýldýktan sonra dahi, faaliyetlerin gerçeðe aykýrý olduðu veya yönetmelik kapsamýna girmediði tespit edilirse yapýlan tüm ödemeler kanuni faiziyle birlikte geri alýnýr; ayrýca yanlýþ veya yanýltýcý bildirimde bulunanlar hakkýnda Akademik Teþvik Düzenleme, Denetleme ve Ýtiraz Komisyonu'nun bildirimi ile idari inceleme baþlatýlýr; inceleme sonucunda cezai müeyyidelerin uygulanmasý gerekirse genel hukuk hükümleri uygulanýr; araþtýrmacýlarýn sisteme girdikleri her veriden ve imzaladýklarý çýktýlardan hukuki olarak sorumlu olduklarý yönetmeliðin 10. maddesinde açýkça hükme baðlanmýþtýr.";[Yönetmelik];Madde 10(5);yanlýþ beyan|yaptýrým|idari inceleme|geri alma;hard
842;Milli Savunma Üniversitesi kadrosundaki bir öðretim elemaný akademik teþvik ödeneðinden yararlanma hakkýna sahip midir?;"Evet, Akademik Teþvik Ödeneði Yönetmeliði'nin 1. maddesinin 2. fýkrasý uyarýnca, yönetmelik hükümleri Milli Savunma Üniversitesi kadrolarýnda bulunan öðretim elemanlarý hakkýnda da uygulanýr; ayný þekilde Jandarma ve Sahil Güvenlik Akademisi ile Polis Akademisi kadrosundaki personel de teþvikten yararlanabilir; bu kurumlardaki akademik teþvik düzenleme, denetleme ve itiraz süreçlerine iliþkin teknik hususlar ilgili rektör veya akademi baþkanlarý tarafýndan yönetmelik çerçevesinde belirlenir; bu personel devlet üniversitelerindeki meslektaþlarý ile ayný akademik faaliyet türleri üzerinden puanlanýr.";[Yönetmelik];Madde 1(2) / Madde 9(1);MSÜ|polis akademisi|jandarma|kapsam;med
843;Akademik teþvik baþvurularýnda 'teblið' kategorisinde puan alabilmek için bildirinin tam metin olmasý zorunlu mudur?;"Evet, Akademik Teþvik Ödeneði Yönetmeliði ve Baþvuru Rehberi'ne göre tebliðlerin deðerlendirilmesinde tam metin olma zorunluluðu bulunmaktadýr; bildirinin elektronik veya basýlý olarak etkinlik teblið kitapçýðýnda (proceedings) yer almasý ve yayýmlanmýþ tam metninin sisteme yüklenmesi þarttýr; özet metinler (abstract) kesinlikle deðerlendirmeye alýnmaz ve puanlanmaz; araþtýrmacýlarýn tam metnin yer aldýðý kitabýn kapak, içindekiler ve bildirinin ilk/son sayfalarýný sunmalarý gerekmektedir; tam metni yayýmlanmamýþ sözlü sunumlar teblið puaný kazandýrmaz.";[Baþvuru Rehberi]|[Yönetmelik];Madde 41 / Madde 7(9);teblið|tam metin|özet metin|puanlama;med
844;Bir akademik faaliyetin 'yayýn' kategorisinde deðerlendirilebilmesi için yayýmlanma tarihi ile ilgili kýsýtlama nedir?;"Teþvik için eklenen tüm akademik faaliyetlerin 01 Ocak 2025 ile 31 Aralýk 2025 tarihleri arasýnda gerçekleþtirilmiþ, yayýmlanmýþ ve belgelendirilmiþ olmasý þarttýr; Baþvuru Rehberi'ne göre, kabul edilmiþ (accepted) olsa dahi henüz yayýmlanmamýþ (in press/early access gibi ama sayfa/cilt almamýþ) yayýnlar teþvik kapsamý dýþýndadýr; dergi makalelerinin deðerlendirilmesinde derginin basýlmýþ olmasý veya elektronik ortamda cilt, sayfa ve yýl bilgileri ile künyesinin açýkça sunulabilir olmasý esastýr; 2025 yýlý dýþýndaki tarihlerde yayýmlanan eserler komisyon tarafýndan elenir.";[Baþvuru Rehberi]|[Yönetmelik];Madde 7 / Madde 7(4);yayýn tarihi|2025 yýlý|yayýmlanmýþ olma|kýsýtlama;easy
845;Ayný çalýþma veya eser nedeniyle birden fazla kurumdan ödül alýnmasý durumunda puanlama nasýl yapýlýr?;"Yönetmeliðin 7. maddesinin 10. fýkrasý ve Baþvuru Rehberi'nin 44. maddesine göre, ayný çalýþma veya eser nedeniyle farklý kurum veya kuruluþlardan alýnan ödüller için en fazla bir defa puanlama yapýlýr; eðer araþtýrmacý bir yayýný için birden fazla ödül kazanmýþsa, bu ödüllerden puaný en yüksek olaný beyan etmesi kendi lehinedir; mükerrer puanlama yapýlmasýný engellemek amacýyla komisyonlar ödülün konusunu ve gerekçesini kontrol eder; araþtýrmacýlarýn bu kuralý ihlal ederek ayný eserle birden fazla ödül puaný talep etmeleri yönetmeliðe aykýrý kabul edilir.";[Yönetmelik]|[Baþvuru Rehberi];Madde 7(10) / Madde 44;ödül|mükerrer puanlama|ayný eser|kýsýtlama;med
846;Dergilerde yayýnlanan 'vaka takdimi' (case report) gibi kýsa makalelerin puan hesaplamasýnda kullanýlan oran tam makaleye göre nasýldýr?;"SCI, SCI-Expanded, SSCI ve AHCI kapsamýndaki dergilerde müstakil olarak yayýmlanmýþ vaka takdimi, editöre mektup, teknik not, araþtýrma notu ve kitap kritiði gibi kýsa makalelerin faaliyet oranlarý tam araþtýrma makalesinin tam yarýsýdýr; Yönetmelik Tablo 4'e göre, A1 alanýnda tam makale kxp60 puan iken, kýsa makale kxp30 puan olarak hesaplanýr; bu yayýnlarýn deðerlendirilebilmesi için mutlaka dergide basýlmýþ olmasý ve müstakil bir baþlýk altýnda yayýmlanmasý þarttýr; kýsa makaleler için de makale çeyreklik (Q) deðeri katsayýsý olan 'p' çarpaný uygulanýr.";[Yönetmelik];Tablo 4 / Madde 8(6);kýsa makale|vaka takdimi|puanlama|hesaplama;hard
847;Uluslararasý bir kitabýn akademik teþvikte puanlanabilmesi için yayýnevinin Türkçe dýþýndaki dillerde en az kaç kitap yayýmlamýþ olmasý gerekir?;"Baþvuru Rehberi ve Yönetmelik uyarýnca, bir yayýnevinin 'tanýnmýþ uluslararasý yayýnevi' sayýlabilmesi için Türkçe dýþýndaki dillerde, ayný alanda ve farklý yazarlara ait en az yirmi (20) kitap yayýmlamýþ olmasý zorunluluktur; ayrýca yayýnevinin en az beþ yýldýr uluslararasý düzeyde düzenli faaliyet yürütüyor olmasý þarttýr; araþtýrmacýlarýn yayýnevinin bu kriterleri saðladýðýný gösteren belgeleri veya yayýnevi resmi web sitesi dökümanlarýný FUATS sistemine yüklemeleri gerekmektedir; sadece Türkçe kitap yayýmlayan yayýnevleri, uluslararasý þubeleri olsa dahi bu kapsamda deðerlendirilmez.";[Baþvuru Rehberi]|[Yönetmelik];Madde 20 / Madde 3(l);uluslararasý yayýnevi|kitap sayýsý|dil þartý|yayýn;hard
848;Teblið sunulan bir etkinliðin uluslararasý niteliðini teyit etmek için hangi kurumun resmi kararýnýn sunulmasý ödemeye esastýr?;"Bir tebliðin sunulduðu kongre veya sempozyumun uluslararasý sayýlabilmesi için katýlýmcý sayýlarý gibi teknik þartlarýn yaný sýra, ödemeye esas teþkil etmek üzere mutlaka 'üniversite yönetim kurulu kararý' bulunmalýdýr; üniversite yönetim kurulu tarafýndan uluslararasý niteliði onaylanmayan etkinliklerde sunulan tebliðler, diðer tüm kriterleri (5 farklý ülke vb.) saðlasa dahi teþvik puanlamasýna dahil edilmez; araþtýrmacýlar bu kararýn bir örneðini veya kararýn ilgili kýsýmlarýný baþvuru dosyasýna eklemekle yükümlüdür; bu karar etkinliðin akademik niteliðinin kurum tarafýndan resmen tanýndýðýný gösterir.";[Baþvuru Rehberi]|[Yönetmelik];Madde 40 / Madde 7(9);teblið|yönetim kurulu kararý|onay|uluslararasý;hard
849;Müzik ve Konservatuvar bölümlerinde performansa dayalý ses kayýtlarý için puanlama yapýlabilmesi için hangi resmi belgenin sunulmasý þarttýr?;"Müzik ve Konservatuvar bölümleri için performansa dayalý ses ve görüntü kayýtlarýnýn deðerlendirilmesinde, ilgili kaydýn yayýmlanmýþ olmasý ve CD, DVD veya benzeri dijital ortamdaki kayýtlara yönelik Kültür ve Turizm Bakanlýðý veya yetkili mercilerce bandrol verildiðini gösterir belgenin sunulmasý zorunluluktur; bandrolü bulunmayan þahsi kayýtlar veya amatör performanslar akademik teþvik kapsamýnda puanlanamaz; ayrýca kaydýn 2025 yýlýnda yayýmlandýðýna dair tarihsel kanýtlar sunulmalýdýr; bandrol belgesi yayýnýn ticari ve yasal olarak tescillendiðini ispat eden temel dökümandýr.";[Baþvuru Rehberi];Madde 28;ses kaydý|bandrol|müzik|konservatuvar;med
850;Akademik teþvik üst komisyonu üyeleri hangi kriterlere göre ve kim tarafýndan seçilerek göreve getirilir?;"Akademik Teþvik Düzenleme, Denetleme ve Ýtiraz Komisyonu üyeleri, yüksek akademik teþvik puanýna sahip öðretim üyeleri arasýndan seçilir; her doçentlik temel alanýndan en az bir kiþi olmak üzere, Rektörün her bir üyelik için önereceði üç aday arasýndan Üniversite Senatosu tarafýndan seçilerek oluþturulur; komisyon, baþkan hariç en az dört üyeden oluþur ve iki yýl süreyle görev yapar; komisyonun baþkanlýðýný Rektör tarafýndan görevlendirilen bir Rektör Yardýmcýsý yürütür; üyeliðin boþalmasý halinde ayný usulle yeni üye atamasý gerçekleþtirilir.";[Yönetmelik];Madde 4(1);üst komisyon|seçim|senato|rektör;med
851;Birim akademik teþvik baþvuru ve inceleme komisyonu tarafýndan hazýrlanan deðerlendirme raporlarýnda puan deðiþikliði yapýldýðýnda ne yapýlmasý zorunludur?;"Birim komisyonu tarafýndan hazýrlanan deðerlendirme raporunda, araþtýrmacýnýn beyan ettiði bir faaliyet reddedildiðinde veya puan deðerinde herhangi bir deðiþiklik yapýldýðýnda, bu iþlemin gerekçelerinin raporda açýkça belirtilmesi zorunludur; açýklamada hangi yönetmelik maddesine dayanarak puanýn düþürüldüðü veya reddedildiði araþtýrmacýnýn itiraz hakkýný kullanabilmesi için þeffaf bir þekilde yazýlmalýdýr; gerekçesiz yapýlan puan silme iþlemleri üst komisyon tarafýndan kabul edilmez ve birime iade edilebilir; raporlar Dekan veya Müdür tarafýndan onaylanarak üst komisyona iletilir.";[Yönetmelik];Madde 6(4);deðerlendirme raporu|gerekçe|puan deðiþikliði|komisyon;med
852;Yabancý uyruklu öðretim elemanlarý Türkiye'deki devlet üniversitelerinde görev yapsalar dahi akademik teþvik ödeneði alabilirler mi?;"Hayýr, Akademik Teþvik Ödeneði Yönetmeliði'nin 6. maddesinin 9. fýkrasý uyarýnca yabancý uyruklu öðretim elemanlarý akademik teþvik ödeneðinden kesinlikle yararlanamazlar; bu ödenek sadece Türk vatandaþý olan ve devlet yükseköðretim kurumlarý kadrolarýnda bulunan öðretim elemanlarýna yöneliktir; yabancý uyruklu araþtýrmacýlar akademik faaliyetlerini sisteme girseler dahi ödeme listelerine dahil edilmezler; bu kuralýn herhangi bir istisnasý yönetmelik metninde yer almamaktadýr; personelin uyrukluk bilgisi üniversite personel dairesi verileri üzerinden otomatik olarak kontrol edilmektedir.";[Yönetmelik];Madde 6(9);yabancý uyruklu|kapsam dýþý|öðretim elemaný|ödeme;easy
853;Kitap bölümü yazarlýðý faaliyetinde ayný kitap içerisinde en fazla kaç bölüm için teþvik puaný talep edilebilir?;"Yönetmeliðin Faaliyet Hesaplama Tablosu (Tablo 4) ve Baþvuru Rehberi'ndeki yayýn koþullarýna göre, bir öðretim elemanýnýn ayný özgün bilimsel kitap içerisinde yazdýðý bölümlerden en çok iki (2) tanesi deðerlendirmeye alýnýr; ayný kitapta ikiden fazla bölümü olan araþtýrmacýlar sadece iki bölüm üzerinden puan alabilirler; bu kýsýtlama araþtýrmacýlarýn akademik üretimlerini farklý eserlere yaymalarýný teþvik etmek amacýyla getirilmiþtir; bölümlerin her biri için ayrý ISBN ve basým bilgilerinin sunulmasý, ayrýca bölümlerin 2025 yýlýnda yayýmlanmýþ olmasý gerekmektedir.";[Yönetmelik]|[Baþvuru Rehberi];Tablo 4 / Madde 18;kitap bölümü|kýsýtlama|yayýn|puanlama;med
854;Dergilerde gerçekleþtirilen 'editör kurulu üyeliði' (editorial board membership) faaliyeti akademik teþvik puaný kazandýrýr mý?;"Hayýr, akademik teþvik sisteminde yapýlan son düzenlemelerle birlikte 'editör kurulu üyeliði' faaliyeti teþvik kapsamýndan tamamen çýkartýlmýþtýr; Baþvuru Rehberi'nin 25. maddesinde bu husus açýkça belirtilmiþtir; araþtýrmacýlar sadece 'Baþ Editör' (Editor-in-Chief) olduklarý dergiler için puan talep edebilirler; yardýmcý editörlük, alan editörlüðü veya yayýn kurulu üyeliði gibi pozisyonlar için herhangi bir puanlama yapýlmaz; araþtýrmacýlarýn editör olduklarýný derginin web sitesi ve künyesi üzerinden kanýtlamalarý þarttýr; bu kural SCI dergiler dahil tüm dergi türleri için geçerlidir.";[Baþvuru Rehberi];Madde 25;editör kurulu|baþ editör|dergi|kapsam dýþý;easy
855;Araþtýrma faaliyetleri kapsamýnda sunulan 'eylem planý' veya 'fizibilite raporu' çalýþmalarý teþvik puaný alýr mý?;"Hayýr, Baþvuru Rehberi'nin 16. maddesi ve Yönetmeliðin 7. maddesinin 3. fýkrasýna göre eylem planý, fizibilite raporu, envanter çalýþmasý ve benzeri mahiyetteki teknik hazýrlýk çalýþmalarý araþtýrma kategorisinde deðerlendirmeye alýnmaz; araþtýrma puaný alabilmek için çalýþmanýn yeni bilgiler üretilmesi, teknolojik problemlerin çözümlenmesi veya yenilikçi ürün/süreç geliþtirilmesi amacýyla yürütülmüþ olmasý þarttýr; ayrýca araþtýrmanýn bir üniversite veya araþtýrma merkezi bünyesinde gerçekleþtirilmiþ olmasý ve sistematik bir sonuç raporuna dayanmasý aranmaktadýr; stratejik planlama dökümanlarý bu kapsam dýþýndadýr.";[Baþvuru Rehberi]|[Yönetmelik];Madde 16 / Madde 7(3);fizibilite raporu|eylem planý|araþtýrma|kapsam dýþý;hard
856;Tebliðlerin sunulduðu etkinlik 'çevrimiçi' (online) olarak gerçekleþtirilmiþse puanlama için hangi kurallar geçerlidir?;"Çevrimiçi olarak katýlým saðlanan konferans ve sempozyumlarda, yüz yüze yapýlan etkinlikler için aranan tüm þartlarýn (en az beþ farklý ülkeden konuþmacý, tam metin yayýnlanma zorunluluðu, üniversite yönetim kurulu onayý vb.) eksiksiz olarak saðlanmasý zorunludur; Baþvuru Rehberi'nin 42. maddesinde bu durum açýkça belirtilmiþtir; araþtýrmacýlarýn sunum yaptýklarýný kanýtlayan katýlým belgesi ve etkinlik programýný sisteme yüklemeleri gerekmektedir; çevrimiçi etkinliklerde uluslararasý nitelik þartlarýnýn (konuþmacýlarýn kurum ve ülke bilgileri) ispat edilmesi komisyonlar tarafýndan daha titizlikle incelenen bir husustur.";[Baþvuru Rehberi];Madde 42;çevrimiçi etkinlik|online sunum|teblið|þartlar;med
857;Akademik teþvik ödeneði baþvurusu sýrasýnda birim komisyonlarý araþtýrmacýdan ek belge veya açýklama talep edebilir mi?;"Evet, Yönetmeliðin 6. maddesinin 1. fýkrasýna göre birim akademik teþvik baþvuru ve inceleme komisyonu, deðerlendirmelerin tüm aþamalarýnda gerekli gördüðü hallerde baþvuru sahiplerinden akademik faaliyetlerine iliþkin ek açýklama, bilgi ve belgeler talep edebilir; araþtýrmacýlar bu talepleri belirtilen süreler içerisinde yerine getirmekle yükümlüdürler; talep edilen ek kanýtlarý sunmayan araþtýrmacýlarýn ilgili faaliyetleri kanýt yetersizliði gerekçesiyle reddedilebilir; ayný yetki üst komisyon olan Akademik Teþvik Düzenleme, Denetleme ve Ýtiraz Komisyonu için de tanýmlanmýþtýr.";[Yönetmelik];Madde 6(1);ek belge|bilgi talebi|birim komisyonu|araþtýrmacý yükümlülüðü;med
858;Fýrat Üniversitesi akademik teþvik sürecinde kesin listelerin harcama birimlerine bildirilmesi hangi tarihte gerçekleþecektir?;"Fýrat Üniversitesi 2026 yýlý akademik teþvik takvimine göre, itirazlarýn deðerlendirilip nihai kararlarýn verilmesinin ardýndan kesin listeler 06 Þubat 2026 tarihinde oluþturulur; bu listeler, teþvik almaya hak kazanan öðretim elemanlarýna ödeme yapýlabilmesi amacýyla üniversitenin ilgili harcama birimlerine (strateji geliþtirme, personel daire vb.) ayný gün içerisinde bildirilmektedir; bu bildirimle birlikte o yýla ait akademik teþvik deðerlendirme süreci resmen kapanmýþ olur; bu tarihten sonra listelere yeni bir isim eklenmesi veya puan deðiþikliði yapýlmasý teknik olarak mümkün deðildir.";[Takvim];06 Þubat 2026;kesin liste|harcama birimi|bildirim tarihi|takvim;easy
859;Akademik teþvik puaný hesaplanýrken iki yazarlý bir makale veya teblið için uygulanan 'k' katsayýsý deðeri kaçtýr?;"Yönetmelikte yer alan 'Tablo 1: (k) Katsayýsý Deðeri' uyarýnca, çok isimli faaliyetlerde (makale, teblið, patent, kitap) kiþi sayýsý iki (2) olduðunda uygulanacak 'k' katsayýsý 0,8 olarak belirlenmiþtir; bu katsayý, ilgili akademik faaliyetin temel puaný ile çarpýlarak araþtýrmacýnýn bireysel puanýna ulaþýlýr; örneðin iki yazarlý bir makalede her bir yazar, makalenin toplam puanýnýn %80'i kadar puan alýr; yazar sayýsý arttýkça bu katsayý kademeli olarak düþmektedir; tek yazarlý eserlerde ise katsayý tam deðer olan 1.0 olarak uygulanýr.";[Yönetmelik];Tablo 1 / Madde 8(4);k katsayýsý|iki isimli|yazar sayýsý|puanlama;med
860;Akademik teþvik baþvurusu sýrasýnda öðretim elemanlarýnýn imzalamasý gereken YÖKSÝS ve FUATS çýktýlarýnýn içeriði nedir?;"Öðretim elemanlarýnýn birimlerine fiziksel olarak teslim etmeleri gereken belgeler; YÖKSÝS veri tabanýndan alýnan ve 2025 yýlýna ait akademik faaliyetleri listeleyen çýktý ile FUATS sistemi üzerinden oluþturulan baþvuru özet formudur; Baþvuru Rehberi'nin 8. maddesi uyarýnca bu dökümanlarýn her bir sayfasýnýn araþtýrmacý tarafýndan ýslak imzalý olarak sunulmasý þarttýr; imzalý çýktýlar baþvurunun araþtýrmacý tarafýndan onaylandýðýný ve beyan edilen verilerin sorumluluðunun üstlenildiðini kanýtlayan resmi belgelerdir; bu dökümanlarýn eksik veya imzasýz olmasý baþvurunun geçersiz sayýlmasýna yol açar.";[Baþvuru Rehberi]|[Takvim];Madde 8 / 02-11 Ocak 2026;imza|yöksis çýktýsý|fuats çýktýsý|belge teslimi;"hard"""
861;Fýrat Üniversitesi öðretim elemanlarýnýn 2025 yýlý akademik faaliyetleri için baþvuru yapabileceði resmi tarih aralýðý nedir?;"Öðretim elemanlarýnýn akademik teþvik baþvurularýný 02-11 Ocak 2026 tarihleri arasýnda yapmalarý gerekmektedir. Baþvurular; YÖKSÝS çýktýsý ile birlikte FU Akademik Teþvik Sistemi (FUATS) üzerinden kadrolarýnýn bulunduðu birim komisyonuna iletilmelidir. Öðretim elemanlarý sadece YÖKSÝS ve FUATS sistem çýktýlarýný imzalayarak birimlerine teslim ederken; kanýtlayýcý belgelerini ise elektronik ortamda sunmakla yükümlüdürler.";[Takvim]|[Baþvuru Rehberi];Takvim Satýr 1;baþvuru|tarih|takvim|fuats;easy
862;Birim akademik teþvik baþvuru ve inceleme komisyonlarý kendilerine gelen baþvurularý hangi tarihler arasýnda incelemekle yükümlüdür?;"Öðretim elemanlarýnca yapýlan baþvurularýn birim akademik teþvik baþvuru ve inceleme komisyonu tarafýndan incelenmesi 12-15 Ocak 2026 tarihleri arasýnda FUATS sistemi üzerinden gerçekleþtirilir. Komisyon; teþvik almaya hak kazananlarýn verilerini 15 Ocak 2026 tarihinde sisteme girer ve ilgili YÖKSÝS ile FUATS sistem çýktýlarýný Dekanlýk veya Müdürlüklere gönderir. Bu süreç; baþvurularýn yönetmeliðe uygunluðunun ilk deðerlendirme aþamasýný oluþturur.";[Takvim];12-15 Ocak 2026;inceleme|komisyon|tarih|takvim;med
863;Akademik teþvik sonuçlarýna karþý yapýlacak itirazlarýn teslim adresi ve yöntemi takvimde nasýl belirtilmiþtir?;"Ýlan edilen sonuçlara karþý yapýlacak itirazlar 26-30 Ocak 2026 tarihleri arasýnda kabul edilir. Ýtiraz dilekçelerinin mutlaka Rektör Yardýmcýlýðý Makamýna þahsen ve elden teslim edilmesi zorunludur. Yönetmelik ve rehber hükümleri gereði posta; kargo veya e-posta yoluyla yapýlan itiraz baþvurularý iþleme alýnmaz. Teslim edilen itirazlar üst komisyon tarafýndan 01-05 Þubat 2026 tarihleri arasýnda deðerlendirilerek nihai karara baðlanýr.";[Takvim]|[Baþvuru Rehberi];26-30 Ocak 2026;itiraz|dilekçe|rektör yardýmcýsý|teslim;med
864;Akademik teþvik ödeneði almaya hak kazanan araþtýrmacýlarýn kesin listeleri hangi tarihte ödeme birimlerine bildirilmektedir?;"Teþvik almaya hak kazanan öðretim elemanlarýnýn kesin listeleri 06 Þubat 2026 tarihinde oluþturulur. Bu listeler; ödeme iþlemlerinin baþlatýlabilmesi amacýyla üniversitenin ilgili harcama birimlerine ayný gün bildirilir. Bu aþama; akademik teþvik sürecinin idari ve teknik olarak tamamlandýðý son basamaðý temsil eder. Kesinleþen listeler üzerinden tahakkuk iþlemleri baþlatýlýr ve ödemeler Þubat ayýnýn on beþinden itibaren hak sahiplerine ulaþtýrýlýr.";[Takvim];06 Þubat 2026;kesin liste|ödeme|harcama birimi|takvim;easy
865;Vakýf üniversitelerinden devlet üniversitelerine geçen öðretim elemanlarý hangi dönemdeki faaliyetleri için teþvik baþvurusunda bulunabilirler?;"Vakýf üniversitelerinden devlet üniversitelerine geçen öðretim elemanlarý; sadece devlet üniversitelerinde görev yaptýklarý sürede gerçekleþtirdikleri faaliyetler için teþvik baþvurusunda bulunabilirler. Vakýf üniversitesinde görevli olunan dönemde üretilen yayýnlar veya projeler teþvik puanlamasýna dahil edilmez. Bu araþtýrmacýlarýn YÖKSÝS çýktýsýnda her faaliyetin hangi kurum bünyesinde yapýldýðýný göstermeleri ve Kurum Deðiþikliði Beyan Formunu baþvuru dosyasýna eklemeleri zorunluluktur.";[Baþvuru Rehberi]|[Yönetmelik];Madde 7 / Madde 6(7);vakýf üniversitesi|kurum deðiþikliði|kýsýtlama|baþvuru;hard
866;Akademik teþvik baþvurusu sýrasýnda sunulacak YÖKSÝS ve FUATS sistem çýktýlarýnýn imzalanmasý ile ilgili kural nedir?;"Akademik teþvik ödeneði baþvurusunda bulunacak araþtýrmacýlarýn; YÖKSÝS çýktýsý ve FUATS sistem çýktýsýnýn her sayfasýný imzalý olarak sunmalarý zorunludur. Sadece son sayfanýn imzalanmasý veya imzasýz belge teslimi baþvurunun geçersiz sayýlmasýna neden olur. Her sayfanýn imzalanmasý; beyan edilen verilerin doðruluðunun araþtýrmacý tarafýndan resmen taahhüt edildiði anlamýna gelir. Ýmzalý dökümanlar birim komisyonlarýna teslim edilirken kanýtlayýcý belgeler elektronik ortamda sunulmaya devam edilir.";[Baþvuru Rehberi];Madde 8;imza|yöksis|fuats|onay;easy
867;Döner sermaye üzerinden yürütülen dýþ kaynaklý projelerin akademik teþvik kapsamýnda puanlanabilmesi için gereken asgari þartlar nelerdir?;Döner sermaye üzerinden yapýlan projelerin deðerlendirilebilmesi için projenin mutlaka Ar-Ge niteliði taþýmasý ve toplam proje süresinin dokuz aydan az olmamasý þarttýr. Projenin maddi desteðinin üniversiteye aktarýlmýþ olmasý ve 2025 yýlý içerisinde baþarýyla sonuçlanarak raporunun onaylanmýþ olmasý gerekmektedir. Süresi dokuz aydan az olan veya Ar-Ge niteliði olmayan döner sermaye iþleri puanlanmaz. Bilirkiþilik ve danýþmanlýk faaliyetleri bu kapsamda deðerlendirme dýþý tutulmuþtur.;[Baþvuru Rehberi]|[Yönetmelik];Madde 11 / Madde 7(2);döner sermaye|proje|Ar-Ge|süre;hard
868;Yükseköðretim kurumlarý tarafýndan desteklenen Bilimsel Araþtýrma Projeleri (BAP) akademik teþvik puanlamasý kapsamýnda deðerlendirilebilir mi?;"Hayýr; yükseköðretim kurumlarý tarafýndan desteklenen bilimsel araþtýrma projeleri (BAP) akademik teþvik kapsamýnda deðerlendirmeye alýnmaz ve puanlanmaz. Benzer þekilde TÜBÝTAK-1002 projeleri; araþtýrma altyapýsý oluþturma projeleri ve öðrenci projeleri de kapsam dýþýdýr. Araþtýrmacýlarýn bu projeleri FUATS sistemine puan almak amacýyla girmemeleri gerekir. Sadece yönetmelikte açýkça belirtilen TÜBÝTAK akademik destekleri ve dokuz aydan uzun süren dýþ kaynaklý Ar-Ge projeleri için teþvik puaný talep edilebilir.";[Baþvuru Rehberi]|[Yönetmelik];Madde 12 / Madde 7(2);BAP|proje|kapsam dýþý|tübitak 1002;easy
869;Araþtýrma faaliyetinin akademik teþvik puaný alabilmesi için gereken asgari süre ve resmi görevlendirme þartý nedir?;Araþtýrma faaliyetinin deðerlendirilebilmesi için araþtýrmacýnýn kurum dýþýnda en az dört ay süreyle tam zamanlý görevlendirilmiþ olmasý þarttýr. Bu görevlendirme için mutlaka Üniversite Yönetim Kurulu tarafýndan resmi bir izin kararý alýnmýþ olmalý ve bu belge baþvuruya eklenmelidir. Dört aydan az süren araþtýrmalar kesinlikle deðerlendirmeye alýnmaz. Ayrýca araþtýrmanýn 2025 yýlý içerisinde tamamlanmýþ ve sonuç raporunun ilgili kurumca baþarýlý bulunarak onaylanmýþ olmasý belgelendirilmelidir.;[Baþvuru Rehberi]|[Yönetmelik];Madde 15 / Madde 7(3);araþtýrma|süre|görevlendirme|yönetim kurulu;med
870;Kitaplarýn akademik teþvik kapsamýnda yayýn olarak puanlanabilmesi için sahip olmasý gereken zorunlu numara ve belgeler nelerdir?;"Kitaplarýn deðerlendirilebilmesi için ISBN (Uluslararasý Standart Kitap Numarasý) numarasýna sahip olmasý esastýr. Kitap yazarlýðý veya bölüm yazarlýðý faaliyetleri yayýneviyle yapýlan sözleþme veya davet mektubu ile belgelenmelidir. Kitabýn mutlaka 2025 takvim yýlý içerisinde yayýmlanmýþ olmasý gerekmektedir; daha önce deðerlendirilen kitaplarýn yeni baskýlarý puanlanmaz. Soru kitaplarý ve küratörlük kitaplarý deðerlendirme dýþý tutulmuþtur. Bildirilerden oluþan kitaplar da yayýn kategorisinde kabul edilmez.";[Baþvuru Rehberi]|[Yönetmelik];Madde 19 / Madde 7(4);kitap|ISBN|yayýn|sözleþme;easy
871;Tanýnmýþ uluslararasý yayýnevi sayýlabilmesi için bir yayýnevinin faaliyet süresi ve yayýn dili ile ilgili kriterleri nelerdir?;"Tanýnmýþ uluslararasý yayýnevi; en az beþ yýldýr uluslararasý düzeyde düzenli faaliyet yürüten yayýnevidir. Ayrýca Türkçe dýþýndaki dillerde ayný alanda farklý yazarlara ait en az yirmi kitap yayýmlamýþ olmasý þarttýr. Bu kriterleri saðlamayan yayýnevlerinden çýkan eserler uluslararasý kategoride puanlanamaz. Araþtýrmacýlarýn yayýnevinin bu özellikleri taþýdýðýný gösteren belgeleri veya internet sayfasý dökümanlarýný FUATS sistemine yüklemeleri zorunludur. Sadece Türkçe yayýn yapan yayýnevleri uluslararasý kabul edilmez.";[Baþvuru Rehberi]|[Yönetmelik];Madde 20 / Madde 3(l);uluslararasý yayýnevi|dil þartý|kitap sayýsý|yayýn;hard
872;Dergilerde gerçekleþtirilen editörlük faaliyetlerinde puanlama yapýlýrken uygulanan temel kýsýtlamalar ve kurallar nelerdir?;"Dergilerde editörlük faaliyetinde; yýllýk yayýnlanan dergi sayýsýna bakýlmaksýzýn sadece bir editörlük görevi dikkate alýnýr. Çok editörlü dergilerde sadece baþ editör teþvikten yararlanabilir; yardýmcý editörlükler puanlanmaz. Ayrýca editör kurulu üyelikleri yönetmelik deðiþikliði ile tamamen teþvik kapsamýndan çýkartýlmýþtýr. Araþtýrmacýlarýn editör olduklarýný gösteren web sitesi ekran görüntüsünü ve dergi indeks bilgisini sisteme yüklemeleri þarttýr. Farklý dergilerde de olsa tek bir görev puanlanýr.";[Baþvuru Rehberi]|[Yönetmelik];Madde 25 / Madde 7(4);editörlük|baþ editör|kýsýtlama|editör kurulu;med
873;Müzik ve Konservatuvar bölümleri için ses veya görüntü kayýtlarýnýn deðerlendirilmesinde sunulmasý gereken zorunlu belge nedir?;"Müzik ve Konservatuvar bölümleri için performansa dayalý etkinliklerin ulusal veya uluslararasý niteliðini gösteren belgeler sunulmalýdýr. Özellikle CD; DVD veya benzeri ortamdaki kayýtlara yönelik bandrol verildiðini gösterir belgenin sunulmasý zorunluluktur. Ulusal veya uluslararasý boyutta performansa dayalý kayýtlarýn deðerlendirilmesinde yayýmlanmýþ olma koþulu aranýr. Bestecilik; yorumculuk veya sahne tasarýmý gibi faaliyetlerde de etkinliðin 2025 yýlýnda yayýmlandýðý kanýtlanmalýdýr. Bandrolü bulunmayan þahsi kayýtlar teþvik puaný kazandýrmaz.";[Baþvuru Rehberi];Madde 28;ses kaydý|bandrol|müzik|konservatuvar;med
874;Tasarým faaliyetlerinin akademik teþvik puaný alabilmesi için ticarileþme veya tescil ile ilgili þartlar nelerdir?;"Tasarýmýn deðerlendirilebilmesi için bilim; teknoloji ve sanata katký saðlayýcý nitelikte ve araþtýrmacýnýn kendi alaný ile ilgili olmasý þarttýr. Tasarýmýn kamu kurumlarý veya özel hukuk tüzel kiþileriyle yapýlan sözleþme uyarýnca uygulanmýþ veya ticarileþtirilmiþ olmasý zorunludur. Ayrýca tasarýmýn 2025 yýlý içerisinde uygulamaya konulmuþ veya tescil edilmiþ olmasý gerekmektedir. Tescilsiz veya ticarileþmemiþ taslak aþamasýndaki çizimler puanlanmaz. Baþvuru sýrasýnda tasarým dosyasý ve uygulama belgesi sunulmalýdýr.";[Baþvuru Rehberi]|[Yönetmelik];Madde 30 / Madde 7(5);tasarým|ticarileþme|tescil|sözleþme;hard
875;Sergi faaliyetlerinin uluslararasý sayýlabilmesi için hangi üniversite biriminin onay belgesi veya kararý gereklidir?;"Bir serginin uluslararasý olarak deðerlendirilebilmesi için serginin uluslararasý nitelikte olduðunun ilgili bölüm; anabilim dalý veya anasanat dalý kurullarýnca onaylanmýþ olmasý þarttýr. Araþtýrmacýlarýn bu birim kurullarýndan alýnan resmi onay kararýný veya tutanaðýný FUATS sistemine yüklemeleri zorunludur. Ayrýca sergi faaliyetlerinde sanata katký saðlayýcý nitelik aranýr ve serginin tamamlandýðý tarih esas alýnýr. Eðitim-öðretim ve öðrenci kulüp faaliyetleri kapsamýndaki sergiler deðerlendirme dýþýdýr.";[Baþvuru Rehberi]|[Yönetmelik];Madde 31 / Madde 8(2);sergi|uluslararasý|onay|kurul kararý;med
876;Patent faaliyetlerinde ulusal ve uluslararasý patentlerin puanlanabilmesi için aranan temel tescil þartý nedir?;Patentlerin deðerlendirilebilmesi için ulusal veya uluslararasý yetkili kurumlarca tescillenmiþ olmasý þarttýr. Patent tescil tarihinin mutlaka 2025 yýlý olmasý esas alýnýr. Ulusal patentlerde inceleme raporu sonucunda Türk Patent ve Marka Kurumu tarafýndan verilen tesciller kabul edilir. Ulusal incelemesiz patentler ise deðerlendirme kapsamý dýþýndadýr. Birden fazla ülkede tescillenen ayný içerikli patentler için sadece bir kez baþvuru yapýlabilir. Baþvuru için tescil belgesi nüshasý sunulmalýdýr.;[Baþvuru Rehberi]|[Yönetmelik];Madde 34 / Madde 7(11);patent|tescil|ulusal|uluslararasý;hard
877;"Atýf faaliyetlerinin puanlanmasýnda ""self-citation"" (öz-atýf) yasaðýna dair kurallar yönetmelikte nasýl düzenlenmiþtir?";"Akademik teþvik sisteminde araþtýrmacýnýn kendi yayýnlarýna veya eserlerine yaptýðý atýflar kesinlikle kapsam dýþýdýr. Sadece baþvuru sahibinin yazar olarak yer almadýðý; baþka araþtýrmacýlar tarafýndan 2025 yýlýnda yayýmlanmýþ çalýþmalardaki atýflar dikkate alýnýr. Ayrýca araþtýrmacýnýn sadece devlet yükseköðretim kurumlarýnda görev yaptýðý sýrada ürettiði yayýnlarýna yapýlan atýflar geçerli kabul edilir. Atýflarýn deðerlendirilmesinde kiþi sayýsý dikkate alýnmaz; her bir baþvuru sahibi için ayrý puanlama yapýlýr.";[Baþvuru Rehberi]|[Yönetmelik];Madde 37 / Madde 7(8);atýf|self-citation|kapsam dýþý|kýsýtlama;med
878;Tebliðlerin uluslararasý sayýlabilmesi için katýlýmcý ülkeler ve konuþmacý oranlarý ile ilgili aranan þartlar nelerdir?;"Tebliðin sunulduðu etkinliðin uluslararasý sayýlabilmesi için Türkiye dýþýnda en az beþ farklý ülkeden sözlü teblið sunan konuþmacýnýn katýlým saðlamasý þarttýr. Ayrýca tebliðlerin yarýdan fazlasýnýn (%51 ve üzeri) Türkiye dýþýndan katýlýmcýlar tarafýndan sunulmuþ olmasý esastýr. Sadece beþ yabancý konuþmacýnýn olmasý yeterli deðildir; ülke çeþitliliði aranýr. Ek olarak etkinliðin uluslararasý niteliði için üniversite yönetim kurulu kararýnýn bulunmasý ve tebliðin tam metin olarak yayýmlanmasý zorunludur.";[Baþvuru Rehberi]|[Yönetmelik];Madde 40 / Madde 7(9);teblið|uluslararasý|ülke sayýsý|tam metin;hard
879;Akademik teþvik ödülü kategorisinde hangi tür belgeler ve ödüller kesinlikle kapsam dýþý býrakýlmýþtýr?;"Tebliðler için verilen ödüller; dergi hakemlikleri için verilen ödüller; yayýn teþvik ödülleri; mansiyon ödülleri; teþekkür ve baþarý belgeleri; plaketler ve burslar kesinlikle puanlama dýþýdýr. Ayrýca araþtýrmacýnýn kadrosunun bulunduðu kendi üniversitesi tarafýndan verilen ödüller de deðerlendirmeye alýnmaz. Puanlanacak bilim ödülünün sürekli olmasý; en az beþ kez verilmiþ olmasý; akademik bir jüri tarafýndan deðerlendirilmiþ olmasý ve araþtýrmacýnýn uzmanlýk alaný ile ilgili olarak 2025 yýlýnda verilmiþ olmasý þarttýr.";[Baþvuru Rehberi]|[Yönetmelik];Madde 45 / Madde 7(10);ödül|kapsam dýþý|mansiyon|üniversite ödülü;easy
880;Akademik Teþvik Ödeneði Yönetmeliði uyarýnca en yüksek Devlet memuru brüt aylýðý tutarý nasýl tanýmlanmýþtýr?;"En yüksek Devlet memuru brüt aylýðý; 1.500 aylýk gösterge rakamý ile 8.000 ek gösterge rakamýnýn toplamý olan 9.500 gösterge rakamýnýn; memur aylýk katsayýsý ile çarpýmý sonucu bulunan tutardýr. Bu tutar akademik teþvik ödemesi formülünde temel bir çarpan olarak yer alýr. Ödeme miktarý bu brüt tutarýn araþtýrmacýnýn kadro unvan oranlarý (%70-100 arasý) ve hesaplanan akademik teþvik puanýnýn yüze bölünmesiyle elde edilen katsayý ile çarpýlmasýyla hesaplanýr. Katsayýlar memur maaþ katsayýsýna baðlý olarak deðiþir.";[Yönetmelik];Madde 3(ç) / Madde 8(1);brüt aylýk|gösterge|maaþ katsayýsý|hesaplama;hard
881;Akademik teþvik puaný hesaplanýrken her bir faaliyet türünün toplam teþvik puaný içindeki aðýrlýðý nasýl sýnýrlandýrýlmýþtýr?;"Akademik teþvik puaný hesaplanýrken her bir akademik faaliyet türünün toplam puanýn hesaplanmasýndaki aðýrlýðý; akademik teþvik toplam puanýnýn %30’unu geçemez. Toplam akademik teþvik puaný ise hiçbir durumda 100 puaný aþamaz. Bu kural araþtýrmacýlarýn sadece tek bir alanda üretim yapmak yerine farklý akademik faaliyet alanlarýnda dengeli bir þekilde yer almasýný teþvik etmek amacýyla uygulanmaktadýr. Her kategori için Faaliyet Hesaplama Tablosu'ndaki (Tablo 4) üst sýnýrlar ayrýca geçerlidir.";[Yönetmelik];Madde 1(1) / Madde 8(3);üst sýnýr|aðýrlýk|puanlama|toplam puan;med
882;Üst komisyon üyeleri hangi kriterlere göre ve hangi süreyle görev yapmak üzere üniversite senatosu tarafýndan seçilir?;"Akademik Teþvik Düzenleme; Denetleme ve Ýtiraz Komisyonu üyeleri; yüksek akademik teþvik puanýna sahip öðretim üyeleri arasýndan; her doçentlik temel alanýndan en az bir kiþi olmak üzere rektörün önereceði üç aday arasýndan senato tarafýndan seçilir. Komisyon baþkan hariç en az dört üyeden oluþmak koþuluyla iki yýl süreyle seçilir. Süresi biten üyeler yeniden seçilebilir; komisyonun baþkanlýðýný ise rektör tarafýndan görevlendirilen bir rektör yardýmcýsý yürütür. Üyeliðin boþalmasý halinde ayný usulle yeni üye seçilir.";[Yönetmelik];Madde 4(1);üst komisyon|seçim|senato|görev süresi;med
883;Birim akademik teþvik baþvuru ve inceleme komisyonu üyeleri hangi makam tarafýndan seçilir ve asgari kaç kiþiden oluþur?;"Birim komisyonu; yükseköðretim kurumlarýnýn her bölüm; anabilim dalý veya anasanat dalý baþkanlýklarý bünyesinde en az üç üyeden oluþacak þekilde kurulur. Komisyon üyeleri ilgili birimin Yönetim Kurulu tarafýndan; yüksek akademik teþvik puanýna sahip olan öðretim elemanlarý arasýndan seçilir. Bölümde yeterli öðretim elemaný bulunmamasý halinde üyeler yakýn alanlardaki öðretim elemanlarý ile tamamlanabilir. Birim akademik teþvik baþvuru ve inceleme komisyonu üyeleri iki yýl için seçilir ve süresi bitenler yeniden görev alabilir.";[Yönetmelik];Madde 5(1);birim komisyonu|seçim|yönetim kurulu|görev süresi;med
884;Akademik teþvik komisyonlarýnda kararlarýn alýnmasý ve oylama usulü ile ilgili uygulanan temel yasak ve kurallar nelerdir?;"Hem üst komisyon hem de birim komisyonlarý; baþkan dahil üye tam sayýsýnýn salt çoðunluðu ile toplanýr ve katýlanlarýn salt çoðunluðu ile karar alýr. Oylarýn eþit olmasý halinde komisyon baþkanýnýn oyu yönünde karar verilmiþ sayýlýr. En kritik kurallardan biri; komisyon üyelerinin oylama sýrasýnda hiçbir þekilde çekimser oy kullanamayacak olmalarýdýr. Kararlar tutanak altýna alýnmalý ve deðerlendirme raporlarýnda yapýlan puan deðiþiklikleri gerekçeleriyle birlikte açýklanmalýdýr.";[Yönetmelik];Madde 4(2) / Madde 5(2);oylama|çekimser oy|karar yeter sayýsý|komisyon;hard
885;"Çok isimli yayýn; teblið ve patentler için uygulanan (k) katsayýsý kiþi sayýsýna göre nasýl deðiþmektedir?";"Çok isimli faaliyetlerde (k) katsayýsý Tablo 1'e göre belirlenir: 1 kiþi için 1; 2 kiþi için 0,8; 3 kiþi için 0,6; 4 kiþi için 0,45; 5 kiþi için 1/5; 6 kiþi için 1/6; 7 veya daha fazla kiþi için ise 1/kiþi sayýsý olarak uygulanýr. Bu katsayý faaliyetin toplam puaný ile çarpýlarak her bir araþtýrmacýnýn bireysel puanýna ulaþýlmasýný saðlar. Bu paylaþým usulü ortak yürütülen akademik çalýþmalarýn adil puanlanmasý amacýyla yönetmelikte standartlaþtýrýlmýþtýr.";[Yönetmelik];Madde 8(4) / Tablo 1;k katsayýsý|yazar sayýsý|puanlama|paylaþým;easy
886;Projelerde görev alan öðretim elemanlarýnýn puaný hesaplanýrken kullanýlan (r) katsayýsý rollere göre nasýl belirlenmiþtir?;"Akademik teþvik projelerinde (r) katsayýsý Tablo 2'de belirlenmiþtir: Projenin ""Yürütücüsü"" olan öðretim elemaný için r=1 katsayýsý uygulanýrken; projede ""Araþtýrmacý"" veya ""Bursiyer"" olarak görev yapanlar için r=0,5 katsayýsý uygulanýr. Bu katsayý projenin türüne göre belirlenen faaliyet oraný ile çarpýlarak araþtýrmacýnýn o projeden alacaðý puanýn hesaplanmasýnda kullanýlýr. Sadece baþarýyla sonuçlanmýþ ve sonuç raporu onaylanmýþ projeler için bu katsayýlar üzerinden puanlama yapýlýr.";[Yönetmelik];Madde 8(5) / Tablo 2;r katsayýsý|proje rolü|yürütücü|araþtýrmacý;easy
887;"SCI-Expanded; SSCI ve AHCI kapsamýndaki dergilerde yayýmlanan makaleler için kullanýlan (p) katsayýsý neye göre belirlenir?";"p katsayýsý; makalenin yayýmlandýðý yýl için derginin ISI Web of Science Çeyreklik (Quartile/Q) sýnýflandýrmasýna göre belirlenir: Q1 için 1; Q2 için 0,8; Q3 için 0,5; Q4 için 0,25 uygulanýr. AHCI kapsamýndaki dergiler için katsayý deðeri sabit 0,5 olarak uygulanýr. Eðer bir derginin Q deðeri henüz belirlenmemiþse en alt katsayý olan 0,25 deðeri esas alýnýr. Araþtýrmacýlarýn WOS üzerinden aldýklarý güncel Q deðerini gösteren belgeleri FUATS sistemine yüklemeleri zorunludur.";[Yönetmelik];Madde 8(6) / Tablo 3;p katsayýsý|quartile|Q deðeri|wos;hard
888;Akademik teþvik ödeneði hangi vergiden muaftýr ve diðer tazminatlarýn hesabýnda bir matrah olarak dikkate alýnýr mý?;"Akademik teþvik ödeneði; damga vergisi hariç herhangi bir vergiye tabi tutulmaz. Ayrýca bu ödenek ilgili mevzuatý uyarýnca ödenmekte olan zam; tazminat; ödenek; döner sermaye ek ödemesi; ikramiye ve ücret gibi benzeri ödemelerin hesabýnda kesinlikle dikkate alýnmaz. Yani diðer yan ödemelerin matrahýna dahil edilmez ve onlardan baðýmsýz bir kalem olarak Þubat ayýndan itibaren 12 ay boyunca ödenir. Ödeme yapýlabilmesi için personelin aktif olarak aylýk alýyor olmasý þarttýr.";[Yönetmelik];Madde 10(2);vergi muafiyeti|damga vergisi|ek ödeme|mali hükümler;med
889;Akademik teþvik baþvurusu sýrasýnda yapýlan yanlýþ veya yanýltýcý beyanlarýn tespit edilmesi durumunda hangi yaptýrýmlar uygulanýr?;Ödeme yapýldýktan sonra dahi faaliyetlerin gerçeðe aykýrý olduðu veya yönetmelik kapsamýna girmediði tespit edilirse yapýlan tüm ödemeler kanuni faiziyle birlikte geri alýnýr. Ayrýca yanlýþ veya yanýltýcý bildirimde bulunanlar hakkýnda komisyonun tespitiyle idari inceleme baþlatýlýr ve cezai müeyyidelerin uygulanmasý gerekirse genel hukuk hükümleri uygulanýr. Bu süreç araþtýrmacýlarýn beyan ettikleri her türlü verinin ve sunduklarý dijital kanýtlarýn doðruluðundan þahsen sorumlu olduklarýný vurgulamaktadýr.;[Yönetmelik];Madde 10(5);yanlýþ beyan|yaptýrým|geri alma|kanuni faiz;hard
890;Milli Savunma Üniversitesi ve Polis Akademisi kadrolarýndaki öðretim elemanlarý akademik teþvik yönetmeliði hükümlerine tabi midir?;"Evet; Akademik Teþvik Ödeneði Yönetmeliði hükümleri Milli Savunma Üniversitesi; Jandarma ve Sahil Güvenlik Akademisi ile Polis Akademisi kadrolarýnda bulunan öðretim elemanlarý hakkýnda da aynen uygulanýr. Bu kurumlardaki akademik teþvik düzenleme; denetleme ve itiraz süreçlerine iliþkin hususlar; ilgisine göre rektör veya akademi baþkanlarý tarafýndan yönetmelik çerçevesinde belirlenir. Bu personel de devlet üniversitelerindeki meslektaþlarý gibi ayný faaliyet türleri ve puanlama esaslarý üzerinden teþvikten yararlanma hakkýna sahiptir.";[Yönetmelik];Madde 1(2) / Madde 9(1);MSÜ|polis akademisi|jandarma|kapsam;med
891;"Dergilerin ""Alan Ýndeksi"" kategorisinde puanlanabilmesi için hangi kurumlarýn tanýmladýðý ve onayladýðý listeler esas alýnmaktadýr?";"Alan indeksleri; Üniversitelerarasý Kurul (ÜAK) Baþkanlýðý tarafýndan hazýrlanýp Yükseköðretim Kurulunca onaylanan doçentlik baþvurusu için kabul edilen endeksleri ifade eder. Bu kapsamda puanlama yapýlabilmesi için derginin ilgili alan indeksine girdiðini gösteren ÜAK sayfasýndan alýnmýþ belgenin FUATS sistemine yüklenmesi þarttýr. Alan indeksi puanlamasý sadece Eðitim Bilimleri; Mimarlýk; Sosyal; Beþeri ve Ýdari Bilimler ile Spor Bilimleri gibi yönetmelikte tanýmlanan belirli temel alanlar için geçerlidir.";[Baþvuru Rehberi]|[Yönetmelik];Madde 3(b) / Madde 26;alan indeksi|üak|doçentlik|indeks;hard
892;"Akademik teþvik kapsamýnda ""yurt dýþý araþtýrma"" faaliyeti için aylýk bazda belirlenen faaliyet oraný nedir?";"Yönetmeliðin Faaliyet Hesaplama Tablosu'na (Tablo 4) göre yurt dýþý araþtýrma faaliyetleri ay üzerinden deðerlendirilir ve her bir tam ay için faaliyet oraný 15 olarak belirlenmiþtir. Araþtýrmanýn puan alabilmesi için en az dört ay sürmesi þarttýr. Bu durumda dört aylýk bir yurt dýþý araþtýrma ""15 x 4 = 60"" oranýna sahip olur ve bu oran araþtýrma kategorisinin temel puaný olan 15 ile çarpýlarak (60% x 15) 9 puan kazandýrýr.";[Yönetmelik];Tablo 4 / Madde 7(3);araþtýrma|yurt dýþý|ay katsayýsý|puanlama;hard
893;TÜBÝTAK 1005 (Ulusal Yeni Fikirler ve Ürünler Araþtýrma Destek Programý) projesinde yürütücü olan birinin puan oraný kaçtýr?;"Yönetmeliðin Faaliyet Hesaplama Tablosu'na (Tablo 4) göre TÜBÝTAK 1005 ve 3001 projeleri için faaliyet oraný ""r x 70"" olarak belirlenmiþtir. Proje yürütücüsü için r katsayýsý 1 olduðundan; yürütücü bu projeden doðrudan 70 oranýnda puan alýr. Bu oran proje kategorisinin temel puaný olan 20 ile çarpýlarak (70% x 20) toplam 14 puan olarak teþvik puanýna yansýtýlýr. Projenin 2025 yýlýnda baþarýyla sonuçlanmýþ olmasý belgelenmelidir.";[Yönetmelik];Tablo 4 / Madde 8(5);tübitak 1005|proje|puanlama|yürütücü;med
894;"Akademik teþvik baþvurusu sýrasýnda öðretim elemanlarýnýn ""Kurum Deðiþikliði Beyan Formu"" sunmasý hangi durumda zorunludur?";"Öðretim elemaný 2025 yýlý içerisinde baþka bir kurumdan (üniversite veya diðer kamu kurumlarý) naklen gelmiþ ise Kurum Deðiþikliði Beyan Formunun sunulmasý zorunludur. Bu formda araþtýrmacýnýn önceki kurumda ve üniversitemizde gerçekleþtirdiði faaliyetler ayrýntýlý olarak belirtilmelidir. Ayrýca YÖKSÝS çýktýsýnda her bir faaliyetin hangi kurum bünyesinde yapýldýðýný da açýkça gösterilmelidir. Farklý kurumlarda gerçekleþtirilen faaliyetlerin deðerlendirilmesi; araþtýrmacýnýn þu an kadrosunun bulunduðu üniversitedeki komisyonca yapýlýr.";[Baþvuru Rehberi]|[Yönetmelik];Madde 8 / Madde 6(2);kurum deðiþikliði|beyan formu|naklen atama|yöksis;hard
895;Uluslararasý patentlerin akademik teþvik kapsamýnda deðerlendirilebilmesi için tescil belgesinde hangi teknik kriterler aranmaktadýr?;"Patent Ýþbirliði Antlaþmasý (PCT) kapsamýnda yapýlan baþvurularda; uluslararasý araþtýrma raporunun yazýlý görüþ kýsmýnda veya ön inceleme raporunda en az bir istemin patentlenebilirlik kriterlerini (yenilik; buluþ basamaðý; sanayiye uygulanabilirlik) saðladýðýnýn ifade edilmiþ olmasý þarttýr. Avrupa Patent Ofisi (EPO) tarafýndan verilen patentler de bu kapsamdadýr. Patentlerin tescil tarihinin 2025 yýlý olmasý esas alýnýr. Tescil belgesinin nüshasý veya yetkili mercilerce düzenlenen resmi onay raporu sisteme yüklenmelidir.";[Baþvuru Rehberi]|[Yönetmelik];Madde 33 / Madde 3(ö);patent|tescil|yenilik|buluþ basamaðý;hard
896;Birim akademik teþvik baþvuru ve inceleme komisyonunun kararlarýnda oylarýn eþitliði durumunda hangi kural iþletilir?;"Birim akademik teþvik baþvuru ve inceleme komisyonu; baþkan dahil üye tam sayýsýnýn salt çoðunluðu ile toplanýr ve katýlanlarýn salt çoðunluðu ile karar alýr. Oylarýn eþit daðýlmasý durumunda komisyon baþkanýnýn oyu yönünde karar alýnmýþ sayýlýr. Komisyon üyelerinin oylama sýrasýnda çekimser oy kullanmalarý kesinlikle yasaktýr. Bu kural; üst komisyon olan Akademik Teþvik Düzenleme; Denetleme ve Ýtiraz Komisyonu için de Madde 4(2) uyarýnca aynen geçerlidir.";[Yönetmelik];Madde 5(2) / Madde 4(2);birim komisyonu|karar yeter sayýsý|oy eþitliði|çekimser oy;med
897;"Ödül kategorisinde yer alan ""YÖK Yýlýn Doktora Tezi Ödülü"" akademik teþvik puanlamasýnda kaç faaliyet oranýna sahiptir?";Yönetmeliðin Faaliyet Hesaplama Tablosu'na (Tablo 4) göre YÖK Yýlýn Doktora Tezi Ödülü %100 faaliyet oranýna sahiptir. Bu oran ödül kategorisinin temel puaný olan 20 ile çarpýldýðýnda araþtýrmacýya 20 tam puan kazandýrýr. Benzer þekilde TÜBÝTAK Bilim Ödülü ve TÜBA Akademi Ödülü de %100 oran ile deðerlendirilir. Ödülün 2025 yýlýnda verilmiþ olmasý ve yetkili mercilerce onaylanmýþ belgesinin sisteme yüklenmesi þarttýr.;[Yönetmelik];Tablo 4 (Ödül);yök ödülü|doktora tezi|puanlama|ödül;easy
898;Akademik teþvik baþvurusu sýrasýnda öðretim elemanlarý kanýtlayýcý belgelerini fiziksel dosya olarak teslim etmeli midir?;"Hayýr; akademik teþvik baþvurularýnda öðretim elemanlarý sadece YÖKSÝS ve FUATS sistem çýktýlarýný imzalayarak fiziksel olarak birimlerine teslim edeceklerdir. Faaliyetlere iliþkin tüm örnek; kanýt ve belgeler ise sadece elektronik ortamda FUATS sistemi (https://akademiktesvik.firat.edu.tr) üzerinden sunulmalýdýr. Fiziksel dosya veya kanýt dökümaný teslimi yapýlmayacaðý takvimde açýkça belirtilmiþtir. Ýnceleme komisyonlarý tüm deðerlendirmeleri bu dijital belgeler üzerinden yapacaktýr.";[Takvim]|[Baþvuru Rehberi];02-11 Ocak 2026;kanýt|elektronik sunum|belge teslimi|fuats;easy
899;Ýlan edilen akademik teþvik sonuçlarýna karþý yapýlacak itirazlarýn deðerlendirilmesi ve nihai karara baðlanmasý ne kadar sürer?;"Üst komisyon tarafýndan alýnan itirazlar; itiraz süresinin bittiði tarihten itibaren en geç beþ iþ günü içerisinde deðerlendirilerek nihai karara baðlanýr. Fýrat Üniversitesi 2026 takvimine göre bu süreç 01-05 Þubat 2026 tarihleri arasýndadýr. Komisyonun itirazlar sonucunda vereceði bu kararlar kesindir ve üniversite bünyesinde baþka bir itiraz merci bulunmamaktadýr. Kesinleþen listeler 06 Þubat tarihinde ödeme birimlerine bildirilir.";[Takvim]|[Yönetmelik];Madde 6(6) / 01-05 Þubat 2026;itiraz|nihai karar|üst komisyon|takvim;med
900;"Hangi tür ses veya görüntü kayýtlarý akademik teþvik kapsamýnda ""yayýn"" kategorisinde puanlanabilmektedir?";"Dergilerdeki yayýnlarýn yaný sýra ses ve görüntü kayýtlarý da teþvik kapsamýndadýr. Ulusal ve uluslararasý boyutta performansa dayalý ses ve görüntü kayýtlarýnýn deðerlendirilmesinde mutlaka yayýmlanmýþ olma koþulu aranýr. Uluslararasý boyutta kiþisel veya karma kayýtlar ile ulusal boyutta kiþisel kayýtlar puanlamaya dahildir. Müzik ve Konservatuvar bölümleri için CD; DVD veya benzeri ortamdaki kayýtlara yönelik bandrol belgesinin sunulmasý zorunludur.";[Yönetmelik]|[Baþvuru Rehberi];Madde 7(4) / Madde 28;ses kaydý|görüntü kaydý|bandrol|yayýn;med
901;"Dergilerde yayýmlanan ""vaka takdimi"" veya ""editöre mektup"" gibi kýsa makaleler akademik teþvik puanlamasýnda nasýl hesaplanmaktadýr?";"SCI; SCI-Expanded; SSCI ve AHCI kapsamýndaki dergilerde müstakil yayýmlanmýþ vaka takdimi; editöre mektup; teknik not; araþtýrma notu ve kitap eleþtirisi gibi kýsa makaleler puanlamaya dahildir. Bu tür yayýnlar için ""k x p x 30"" (A1/A3 alanlarý) veya ""k x p x 40"" (A2/A4 alanlarý) formülü uygulanýr. Bu oranlar; tam araþtýrma makalesi puanýnýn yarýsýna denk gelmektedir. Puanlama için yayýnýn cilt/sayfa numarasý alarak yayýmlanmýþ olmasý zorunludur.";[Yönetmelik];Madde 8(6) / Tablo 4;kýsa makale|vaka takdimi|puanlama|hesaplama;hard
902;Ayný yayýn veya esere bir kitabýn farklý bölümlerinde yapýlan atýflar akademik teþvik puanlamasýnda nasýl sayýlmaktadýr?;"Ayný yayýn veya esere bir kitabýn farklý bölümlerinde veya kýsýmlarýnda yapýlan atýflar normal þartlarda yalnýzca bir atýf olarak deðerlendirilir. Ancak; bu kuralýn bir istisnasý mevcuttur: Eðer kitabýn her bir bölümünün yazarlarý farklý ise; bu farklý bölümlerde ayný esere yapýlan her bir atýf için ayrý ayrý puan deðerlendirmesi yapýlýr. Bu durumun belgelenmesi için kitabýn içindekiler sayfasý ve ilgili kaynakça sayfalarýnýn FUATS sistemine yüklenmesi araþtýrmacýnýn sorumluluðundadýr.";[Baþvuru Rehberi]|[Yönetmelik];Madde 37 / Madde 8(8);atýf|mükerrer atýf|kitap bölümü|puanlama;hard
903;"Sergi faaliyetlerinde ""tekrarlayan etkinlikler"" için uygulanan puanlama kýsýtlamasý tam olarak nedir?";"Ayný yýl içerisinde tekrar eden sergi; konser; festival ve gösteri gibi sanatsal etkinliklerin puanlanmasýnda en çok iki tekrar dikkate alýnýr. Ýlk etkinlik için tam puan verilirken; ikinci tekrar etkinlik için mevcut faaliyet puanýnýn yarýsý (%50'si) uygulanýr. Ýkiden fazla tekrar eden ayný içerikli faaliyetler için ise hiçbir puanlama yapýlmaz. Sergilerin deðerlendirilmesinde serginin açýldýðý ve tamamlandýðý tarih esas alýnýr. Eðitim-öðretim ve öðrenci kulüp faaliyetleri kapsamýndaki sergiler deðerlendirme dýþýdýr.";[Baþvuru Rehberi]|[Yönetmelik];Madde 32 / Madde 7(6);sergi|tekrar|puanlama|kýsýtlama;med
904;"Dergilerin ""Diðer uluslararasý hakemli dergiler"" kategorisinde puanlanabilmesi için hangi yayýn süresi þartýný saðlamasý gerekir?";"Bir derginin bu kategoride deðerlendirilebilmesi için en az beþ yýldýr yýlda en az bir sayý ile düzenli olarak yayýmlanýyor olmasý þarttýr. Ayrýca derginin editör veya yayýn kurulunun uluslararasý olmasý; bilimsel deðerlendirme sürecinin internet sayfasýnda ilan edilmiþ olmasý ve yayýmlanmýþ makale künyelerine dijital olarak ulaþýlabilmesi gerekir. Yayýn hayatý beþ yýldan az olan dergilerde çýkan makaleler teþvik kapsamýna dahil edilmez. Araþtýrmacýlar derginin arþiv bilgilerini FUATS üzerinden beyan etmelidir.";[Baþvuru Rehberi]|[Yönetmelik];Madde 21 / Madde 7(4);dergi|yayýn süresi|uluslararasý|kriter;med
905;Tebliðlerin sunulduðu etkinliðin uluslararasý niteliðini teyit etmek amacýyla ödemeye esas hangi resmi belge gereklidir?;"Bir tebliðin sunulduðu etkinliðin uluslararasý sayýlabilmesi için beþ farklý ülkeden konuþmacý katýlýmý gibi teknik kriterlerin yaný sýra resmi bir onay þartý vardýr. Etkinliðin uluslararasý niteliði haiz olup olmadýðý hususunda; ödemeye esas teþkil etmek üzere mutlaka ""üniversite yönetim kurulu kararý"" bulunmalýdýr. Bu karar bulunmayan etkinliklerde sunulan tebliðler; diðer þartlarý saðlasa dahi uluslararasý kategoride puanlanmaz. Araþtýrmacýlarýn bu kararý veya teyit belgesini kanýt olarak sisteme yüklemeleri zorunludur.";[Baþvuru Rehberi]|[Yönetmelik];Madde 40 / Madde 7(9);teblið|yönetim kurulu|onay|uluslararasý;hard
906;"Güzel Sanatlar temel alanýndaki ""A4"" branþlarý için uluslararasý kiþisel ses veya görüntü kaydý kaç puan oranýna sahiptir?";"Faaliyet Hesaplama Tablosu'na (Tablo 4) göre; sadece A4 (Güzel Sanatlar) temel alaný için geçerli olan uluslararasý boyutta performansa dayalý yayýmlanmýþ kiþisel ses ve/veya görüntü kayýtlarý için faaliyet oraný 20 olarak belirlenmiþtir. Karma ses veya görüntü kayýtlarýnda ise bu oran 10'dur. Bu kayýtlarýn puanlanabilmesi için 2025 yýlý içerisinde yayýmlanmýþ olmasý ve Müzik/Konservatuvar bölümleri için bandrol belgesinin sunulmasý þarttýr. Diðer temel alanlarda ses kaydý için oran tanýmlanmamýþtýr.";[Yönetmelik];Tablo 4 / Madde 8(7);ses kaydý|güzel sanatlar|A4 alaný|puanlama;hard
907;TÜBÝTAK projeleri için akademik teþvik baþvurusu sýrasýnda FUATS sistemine bilimsel kurul deðerlendirme raporu yüklenmeli midir?;Baþvuru Rehberi'nin 13. maddesine göre bilimsel kurul deðerlendirme raporlarý TÜBÝTAK projeleri için geçerli deðildir ve sisteme yüklenmesi zorunlu tutulmamýþtýr. TÜBÝTAK projeleri için sadece destekleyen kuruluþ (TÜBÝTAK) tarafýndan projenin sonuçlandýðýný veya kapatýldýðýný gösteren onaylý resmi belgenin sunulmasý yeterlidir. Ancak TÜBÝTAK dýþýndaki diðer ulusal veya uluslararasý özel/resmi kurum ve kuruluþlar tarafýndan desteklenen Ar-Ge projeleri için bu tür deðerlendirme raporlarýnýn sunulmasý gerekebilir.;[Baþvuru Rehberi];Madde 13;tübitak|proje belgeleri|deðerlendirme raporu|fuats;med
908;"Akademik teþvik puaný hesaplanýrken iki yazarlý bir makale veya patent için ""k"" katsayýsý deðeri kaçtýr?";"Yönetmelikte yer alan Tablo 1'e göre; çok isimli yayýnlarda (makale; derleme; kitap) ve patentlerde yazar sayýsý iki olduðunda uygulanacak ""k"" katsayýsý 0,8 olarak belirlenmiþtir. Bu katsayý faaliyet türü için belirlenen temel oran ile çarpýlarak bireysel puanýn hesaplanmasýnda kullanýlýr. Tek yazarlý bir eserde katsayý tam deðer olan 1 iken; yazar sayýsý arttýkça katsayý düþmektedir. Üç kiþi için 0,6; dört kiþi için 0,45 katsayýsý uygulanýr.";[Yönetmelik];Madde 8(4) / Tablo 1;k katsayýsý|iki isimli|paylaþým|hesaplama;easy
909;Özel bir paylaþým oraný bulunmayan karma sanatsal etkinliklerde puanlama kiþi sayýsýna bölünür mü?;"Normalde çok katýlýmcý faaliyetlerde oran/kiþi sayýsý dikkate alýnýrken; sergi faaliyet türündeki karma etkinlikler ile uluslararasý boyutta performansa dayalý yayýmlanmýþ karma ses veya görüntü kayýtlarý bu kuraldan muaftýr. Bu tür faaliyetlerde katýlýmcý sayýsýna bakýlmaksýzýn her bir öðretim elemanýna tam puan verilir. Bu istisna dýþýnda kalan tüm akademik faaliyetlerde (yayýn; teblið; patent vb.) yazar sayýsýna göre belirlenen (k) katsayýsý üzerinden puan paylaþýmý yapýlmasý zorunludur.";[Yönetmelik];Madde 8(7);karma etkinlik|istisna|kiþi sayýsý|ses kaydý;hard
910;Yabancý uyruklu öðretim elemanlarý akademik teþvik ödeneðinden faydalanabilir mi ve bu konudaki yönetmelik hükmü nedir?;"Hayýr; Akademik Teþvik Ödeneði Yönetmeliði'nin 6. maddesinin 9. fýkrasý uyarýnca yabancý uyruklu öðretim elemanlarý bu ödenekten kesinlikle yararlanamazlar. Teþvik ödeneði sadece devlet yükseköðretim kurumlarý kadrolarýnda bulunan Türk vatandaþý öðretim elemanlarýný kapsamaktadýr. Yabancý uyruklu personel sistem üzerinden faaliyet beyanýnda bulunsa dahi puan hesaplamasý yapýlmaz ve ödeme listelerine dahil edilmezler. Bu kuralýn herhangi bir istisnasý yönetmelikte yer almamaktadýr.";[Yönetmelik];Madde 6(9);yabancý uyruklu|kapsam dýþý|öðretim elemaný|ödeme;easy
911;Fýrat Üniversitesi öðretim elemanlarýnýn 2025 yýlý faaliyetleri için akademik teþvik baþvurularýný hangi tarih aralýðýnda ve hangi sistem üzerinden yapmalarý gerekmektedir?;Öðretim elemanlarý akademik teþvik baþvurularýný 02-11 Ocak 2026 tarihleri arasýnda gerçekleþtirmelidir. Baþvurular, kadrolarýnýn bulunduðu birim akademik teþvik baþvuru ve inceleme komisyonuna YÖKSÝS’ten alýnan çýktý ile birlikte FU Akademik Teþvik Sistemi (FUATS) üzerinden yapýlmalýdýr. Öðretim elemanlarý sadece YÖKSÝS ve FUATS sistem çýktýlarýný imzalayarak birimlerine teslim edecek olup, tüm kanýtlayýcý belgeler elektronik ortamda sunulacaktýr.;[Takvim]|[Baþvuru Rehberi];Tarih aralýðý 02-11 Ocak 2026;baþvuru|tarih|fuats|yöksis;easy
912;Akademik teþvik sonuçlarýna karþý yapýlacak itirazlarýn teslim edileceði makam ve takvimde belirlenen resmi teslim yöntemi tam olarak nasýldýr?;Ýlan edilen sonuçlara karþý itirazlar 26-30 Ocak 2026 tarihleri arasýnda kabul edilmektedir. Ýtiraz dilekçelerinin Rektör Yardýmcýlýðý Makamýna þahsen ve mutlaka elden teslim edilmesi zorunludur. Rehber ve takvim hükümleri uyarýnca posta, kargo veya e-posta yoluyla yapýlan baþvurular kabul edilmez. Teslim edilen dilekçeler Akademik Teþvik Düzenleme, Denetleme ve Ýtiraz Komisyonu tarafýndan 01-05 Þubat 2026 tarihleri arasýnda deðerlendirilerek nihai karara baðlanýr.;[Takvim]|[Baþvuru Rehberi];Tarih aralýðý 26-30 Ocak 2026;itiraz|dilekçe|elden teslim|rektör yardýmcýsý;med
913;Vakýf üniversitelerinden devlet üniversitelerine geçen öðretim elemanlarýnýn akademik teþvik baþvurusu yaparken uymasý gereken temel kýsýtlama ve kural nedir?;Vakýf üniversitelerinden devlet üniversitelerine geçen öðretim elemanlarý, sadece devlet üniversitelerinde görev yaptýklarý süre içerisinde gerçekleþtirdikleri faaliyetler için teþvik baþvurusunda bulunabilirler. Vakýf üniversitelerindeki görevlendirmeleri sýrasýnda üretilen faaliyetler puanlamaya dahil edilmez. Bu araþtýrmacýlarýn YÖKSÝS çýktýsýnda her faaliyetin hangi kurumda yapýldýðýný göstermeleri ve Kurum Deðiþikliði Beyan Formunu sunmalarý zorunludur.;[Baþvuru Rehberi]|[Yönetmelik];Madde 6(7);vakýf üniversitesi|kurum deðiþikliði|devlet üniversitesi|kýsýtlama;hard
914;Akademik teþvik ödeneðinden yararlanabilmek için araþtýrmacýnýn toplam teþvik puaný en az kaç olmalý ve hangi ödeme þartýný saðlamalýdýr?;Akademik teþvik ödeneðinin ödenebilmesi için araþtýrmacýnýn hesaplanan akademik teþvik puanýnýn en az otuz (30) olmasý þarttýr. Ayrýca, ödemeler öðretim elemanlarýna 2914 sayýlý Kanun veya 926 sayýlý Türk Silahlý Kuvvetleri Personel Kanunu uyarýnca aktif olarak aylýk ödendiði sürece yapýlýr. Puaný 30'un altýnda kalan veya aylýk almayan personele ödeme yapýlmaz. Ödemeler Þubat ayýnýn on beþinden itibaren on iki ay süreyle her ayýn on beþinde gerçekleþtirilir.;[Yönetmelik];Madde 10(2) ve 10(3);puan barajý|asgari puan|ödeme þartý|aylýk;easy
915;Döner sermaye üzerinden yürütülen dýþ kaynaklý projelerin akademik teþvik kapsamýnda puanlanabilmesi için gereken asgari süre ve içerik þartý nedir?;Döner sermaye üzerinden yapýlan projelerin deðerlendirilebilmesi için projenin mutlaka Ar-Ge niteliði taþýmasý þarttýr. Ayrýca toplam proje süresinin dokuz aydan az olmamasý gerekmektedir. Projenin maddi desteðinin üniversiteye aktarýlmýþ olmasý ve sonuç raporunun 2025 yýlý içerisinde yetkili mercilerce onaylanmýþ olmasý zorunluluktur. Süresi dokuz aydan az olan veya Ar-Ge niteliði bulunmayan döner sermaye iþleri kapsam dýþýdýr.;[Baþvuru Rehberi]|[Yönetmelik];Madde 7(2);döner sermaye|proje|Ar-Ge|süre;hard
916;Teþvik baþvurusu sýrasýnda sunulacak YÖKSÝS ve FUATS sistem çýktýlarý için uygulanan imza kuralý ve kapsamý nasýldýr?;Akademik teþvik ödeneði baþvurusunda bulunacak araþtýrmacýlarýn YÖKSÝS çýktýsý ve FUATS sistem çýktýsýný her sayfasý imzalý olarak sunmalarý zorunludur. Sadece son sayfanýn imzalanmasý veya imzasýz belgelerin teslim edilmesi baþvurunun geçersiz sayýlmasýna neden olabilir. Bu uygulama ile araþtýrmacý beyan ettiði tüm verilerin ve faaliyetlerin doðruluðunu her sayfa bazýnda onaylamýþ sayýlýr. Ýmzalý çýktýlar birim komisyonlarýna teslim edilirken diðer kanýtlayýcý belgeler elektronik ortamda kalacaktýr.;[Takvim]|[Baþvuru Rehberi];Baþvuru Dokümanlarý Genel Bilgilendirme;imza|yöksis|fuats|onay;easy
917;Araþtýrma faaliyetinden puan alabilmek için kurum dýþý görevlendirme süresi ve resmi onay organý ile ilgili kriterler nelerdir?;Araþtýrma faaliyetinin deðerlendirilebilmesi için araþtýrmacýnýn kurum dýþýnda en az dört ay süreyle tam zamanlý görevlendirilmiþ olmasý þarttýr. Bu görevlendirmenin mutlaka üniversite yönetim kurulu tarafýndan resmi bir izin kararý ile yapýlmýþ olmasý ve bu iznin baþvuruya eklenmesi gerekir. Dört aydan az süren araþtýrmalar ile eylem planý, fizibilite raporu ve envanter çalýþmasý niteliðindeki faaliyetler kesinlikle deðerlendirmeye alýnmaz. Araþtýrma 2025 yýlý içerisinde baþarýyla sonuçlandýrýlmýþ olmalýdýr.;[Baþvuru Rehberi]|[Yönetmelik];Madde 7(3);araþtýrma|süre|görevlendirme|yönetim kurulu;med
918;Kitaplarýn yayýn kategorisinde puanlanabilmesi için sahip olmasý gereken zorunlu numara nedir ve hangi tür kitaplar kapsam dýþýdýr?;Kitaplarýn deðerlendirilebilmesi için mutlaka ISBN numarasýna sahip olmasý esastýr. Kitap yazarlýðý, bölüm yazarlýðý veya editörlük faaliyetleri yayýneviyle yapýlan sözleþme veya davet mektubu ile belgelenmelidir. Sergiler kapsamýnda hazýrlanan küratörlük kitaplarý, sýnavlar için hazýrlanan soru kitaplarý ve bildirilerden oluþan kitaplar kesinlikle kapsam dýþýdýr. Daha önce herhangi bir yýlýn teþvik sürecinde deðerlendirilmiþ bir kitabýn yeni baskýlarý tekrar puanlamaya dahil edilmez.;[Baþvuru Rehberi]|[Yönetmelik];Madde 7(4);kitap|ISBN|yayýn|kýsýtlama;easy
919;Tanýnmýþ uluslararasý yayýnevi sayýlabilmesi için yayýnevinin faaliyet süresi ve yayýn dili ile ilgili hangi þartlarý saðlamasý gerekir?;Tanýnmýþ uluslararasý yayýnevi, en az beþ yýldýr uluslararasý düzeyde düzenli faaliyet yürüten yayýnevidir. Bu yayýnevinin Türkçe dýþýndaki dillerde ayný alanda farklý yazarlara ait en az yirmi kitap yayýmlamýþ olmasý zorunluluktur. Sadece Türkçe yayýn yapan yayýnevleri bu kapsamda uluslararasý kabul edilmez. Araþtýrmacýlarýn yayýnevinin bu kriterleri taþýdýðýný gösteren dökümanlarý veya internet sayfasý ekran çýktýlarýný FUATS sistemine yüklemeleri gerekmektedir.;[Baþvuru Rehberi]|[Yönetmelik];Madde 3(l);uluslararasý yayýnevi|dil þartý|kitap sayýsý|yayýn;hard
920;Dergilerde gerçekleþtirilen editörlük faaliyetlerinde puanlama yapýlýrken uygulanan temel kýsýtlamalar ve geçerli sayýlan görevler nelerdir?;"Dergilerde editörlük faaliyetinde, yýllýk yayýnlanan dergi sayýsýna bakýlmaksýzýn sadece bir editörlük görevi dikkate alýnýr. Çok editörlü dergilerde sadece baþ editör teþvik kapsamýndadýr; yardýmcý editörlükler puanlanmaz. Ayrýca editör kurulu üyelikleri yönetmelik deðiþikliði ile tamamen teþvik kapsamýndan çýkartýlmýþtýr. Araþtýrmacýlarýn yayýmlanmýþ dergi için editör olduklarýný gösteren web sitesi adresi ve ekran görüntüsünü sunmalarý þarttýr. Farklý dergilerde de olsa tek görev puanlanýr.";[Baþvuru Rehberi]|[Yönetmelik];Madde 7(4);editörlük|baþ editör|kýsýtlama|editör kurulu;med
921;Müzik ve Konservatuvar bölümleri için ses veya görüntü kayýtlarýnýn deðerlendirilmesinde sunulmasý gereken zorunlu belge nedir?;Müzik ve Konservatuvar bölümleri için performansa dayalý etkinliklerin ulusal veya uluslararasý niteliðini gösteren belgeler sunulmalýdýr. Özellikle CD, DVD veya benzeri ortamdaki kayýtlara yönelik bandrol verildiðini gösterir belgenin sunulmasý zorunluluktur. Ulusal veya uluslararasý boyutta performansa dayalý kayýtlarýn deðerlendirilmesinde yayýmlanmýþ olma koþulu aranýr. Bestecilik, yorumculuk veya sahne tasarýmý gibi faaliyetlerde de etkinliðin 2025 yýlýnda yayýmlandýðý kanýtlanmalýdýr. Bandrolü bulunmayan kayýtlar teþvik kapsamý dýþýndadýr.;[Baþvuru Rehberi]|[Yönetmelik];Madde 7(4);müzik|ses kaydý|bandrol|yayýn;med
922;Tasarým faaliyetlerinin akademik teþvik puaný alabilmesi için ticarileþme veya tescil ile ilgili hangi þartlar aranmaktadýr?;Tasarýmýn deðerlendirilebilmesi için bilim, teknoloji ve sanata katký saðlayýcý nitelikte ve araþtýrmacýnýn kendi alaný ile ilgili olmasý þarttýr. Tasarýmýn kamu kurumlarý veya özel hukuk tüzel kiþileriyle yapýlan sözleþme uyarýnca uygulanmýþ veya ticarileþtirilmiþ olmasý ya da 2025 yýlýnda tescil edilmiþ olmasý zorunludur. Tescilsiz veya ticarileþmemiþ taslak aþamasýndaki çizimler puanlanmaz. Baþvuru sýrasýnda tasarým dosyasý ve uygulama/ticarileþme belgesi sisteme yüklenmelidir. Tasarýmýn sonuçlandýðý tarih esas alýnýr.;[Baþvuru Rehberi]|[Yönetmelik];Madde 7(5);tasarým|ticarileþme|tescil|sözleþme;hard
923;Sergi faaliyetlerinin uluslararasý sayýlabilmesi için hangi üniversite biriminin onay belgesi veya kurul kararý gereklidir?;Bir serginin uluslararasý olarak deðerlendirilebilmesi için serginin uluslararasý nitelikte olduðunun ilgili bölüm, anabilim dalý veya anasanat dalý kurullarýnca onaylanmýþ olmasý esastýr. Araþtýrmacýlarýn bu birim kurullarýndan alýnan resmi onay kararýný veya tutanaðýný FUATS sistemine yüklemeleri zorunludur. Ayrýca sergi faaliyetlerinde sanata katký saðlayýcý nitelik aranýr ve serginin tamamlandýðý tarih olan 2025 yýlý esas alýnýr. Eðitim-öðretim ve öðrenci kulüp faaliyetleri kapsamýndaki sergiler deðerlendirme dýþýdýr.;[Baþvuru Rehberi]|[Yönetmelik];Madde 7(6);sergi|uluslararasý|onay|kurul kararý;med
924;Patent faaliyetlerinde ulusal ve uluslararasý patentlerin puanlanabilmesi için aranan temel tescil þartý nedir?;Patentlerin deðerlendirilebilmesi için ulusal veya uluslararasý yetkili kurumlarca tescillenmiþ olmasý ve tescil tarihinin 2025 yýlý olmasý þarttýr. Ulusal patentlerde inceleme raporu sonucunda Türk Patent ve Marka Kurumu tarafýndan verilen tesciller kabul edilir. Ulusal incelemesiz patentler ise deðerlendirme kapsamý dýþýndadýr. Birden fazla ülkede tescillenen ayný içerikli patentler için sadece bir kez baþvuru yapýlabilir. Baþvuru için tescil belgesi nüshasý sunulmalýdýr.;[Baþvuru Rehberi]|[Yönetmelik];Madde 7(7);patent|tescil|ulusal|uluslararasý;hard
925;Atýf faaliyetlerinin puanlanmasýnda self-citation (öz-atýf) yasaðýna dair kurallar yönetmelikte nasýl düzenlenmiþtir?;"Akademik teþvik sisteminde araþtýrmacýnýn kendi yayýnlarýna veya eserlerine yaptýðý atýflar kesinlikle kapsam dýþýdýr. Sadece baþvuru sahibinin yazar olarak yer almadýðý, baþka araþtýrmacýlar tarafýndan 2025 yýlýnda yayýmlanmýþ çalýþmalardaki atýflar dikkate alýnýr. Ayrýca araþtýrmacýnýn sadece devlet yükseköðretim kurumlarýnda görev yaptýðý sýrada ürettiði yayýnlarýna yapýlan atýflar geçerli kabul edilir. Atýflarýn deðerlendirilmesinde kiþi sayýsý dikkate alýnmaz; her bir baþvuru sahibi için ayrý puanlama yapýlýr.";[Baþvuru Rehberi]|[Yönetmelik];Madde 7(8);atýf|self-citation|kapsam dýþý|kýsýtlama;med
926;Tebliðlerin uluslararasý sayýlabilmesi için katýlýmcý ülkeler ve konuþmacý oranlarý ile ilgili aranan þartlar nelerdir?;Tebliðin sunulduðu etkinliðin uluslararasý sayýlabilmesi için Türkiye dýþýnda en az beþ farklý ülkeden sözlü teblið sunan konuþmacýnýn katýlým saðlamasý þarttýr. Ayrýca tebliðlerin yarýdan fazlasýnýn Türkiye dýþýndan katýlýmcýlar tarafýndan sunulmuþ olmasý esastýr. Sadece beþ yabancý konuþmacýnýn olmasý yeterli deðildir, ülke çeþitliliði aranýr. Ek olarak etkinliðin uluslararasý niteliði için üniversite yönetim kurulu kararýnýn bulunmasý ve tebliðin tam metin olarak yayýmlanmasý zorunludur.;[Baþvuru Rehberi]|[Yönetmelik];Madde 7(9);teblið|uluslararasý|ülke sayýsý|tam metin;hard
927;Akademik teþvik ödülü kategorisinde hangi tür belgeler ve ödüller kesinlikle kapsam dýþý býrakýlmýþtýr?;Tebliðler için verilen ödüller, dergi hakemlikleri için verilen ödüller, yayýn teþvik ödülleri, mansiyon ödülleri, teþekkür ve baþarý belgeleri, plaketler ve burslar kesinlikle kapsam dýþýdýr. Ayrýca araþtýrmacýnýn kadrosunun bulunduðu üniversitesi tarafýndan verilen ödüller de deðerlendirmeye alýnmaz. Puanlanacak bilim ödülünün sürekli olmasý, en az beþ kez verilmiþ olmasý, akademik bir jüri tarafýndan deðerlendirilmiþ olmasý ve araþtýrmacýnýn uzmanlýk alaný ile ilgili olarak 2025 yýlýnda verilmiþ olmasý þarttýr.;[Baþvuru Rehberi]|[Yönetmelik];Madde 7(10);ödül|kapsam dýþý|mansiyon|üniversite ödülü;easy
928;Akademik Teþvik Ödeneði Yönetmeliði uyarýnca en yüksek Devlet memuru brüt aylýðý tutarý nasýl hesaplanmaktadýr?;"En yüksek Devlet memuru brüt aylýðý; 1.500 aylýk gösterge rakamý ile 8.000 ek gösterge rakamýnýn toplamý olan 9.500 gösterge rakamýnýn, memur aylýk katsayýsý ile çarpýmý sonucu bulunan tutardýr. Bu tutar akademik teþvik ödemesi formülünde temel bir çarpan olarak yer alýr. Ödeme miktarý bu brüt tutarýn kadro unvan oranlarý ve hesaplanan akademik teþvik puanýnýn yüze bölünmesiyle elde edilen katsayý ile çarpýlmasýyla hesaplanýr. Katsayýlar memur maaþ artýþlarýna göre güncellenir.";[Yönetmelik];Madde 3(ç);brüt aylýk|gösterge|maaþ katsayýsý|hesaplama;hard
929;Akademik teþvik puaný hesaplanýrken her bir faaliyet türünün toplam puan içindeki aðýrlýðý nasýl sýnýrlandýrýlmýþtýr?;Akademik teþvik toplam puanýnýn hesaplanmasýnda, her bir akademik faaliyet türünün aðýrlýðý toplam akademik teþvik puanýnýn %30’unu geçemez. Toplam akademik teþvik puaný ise hiçbir durumda yüz puaný aþamaz. Bu kural araþtýrmacýlarýn akademik faaliyetlerini tek bir alan yerine farklý türlere yaymalarýný saðlamak amacýyla getirilmiþtir. Hesaplamalar Tablo 4'teki faaliyet oranlarý üzerinden yapýlýr. Bir kategorideki puan bu sýnýrý aþsa bile nihai toplama sadece %30’luk tavan deðer üzerinden yansýtýlýr.;[Yönetmelik];Madde 1(1) ve 8(3);aðýrlýk sýnýrý|puanlama|üst sýnýr|yüzde otuz;med
930;Üst komisyon üyeleri hangi kriterlere göre ve hangi süreyle görev yapmak üzere senato tarafýndan seçilir?;Akademik Teþvik Düzenleme, Denetleme ve Ýtiraz Komisyonu üyeleri yüksek akademik teþvik puanýna sahip öðretim üyeleri arasýndan seçilir. Her doçentlik temel alanýndan en az bir kiþi olmak üzere rektörün önereceði üç aday arasýndan senato tarafýndan belirlenir. Komisyon baþkan hariç en az dört üyeden oluþur ve iki yýl süreyle görev yapar. Süresi biten üyenin yeniden seçilmesi mümkündür. Komisyonun baþkanlýðýný rektörün görevlendirdiði bir rektör yardýmcýsý yürütür.;[Yönetmelik];Madde 4(1);üst komisyon|seçim|senato|görev süresi;med
931;Birim akademik teþvik baþvuru ve inceleme komisyonu üyeleri hangi makam tarafýndan seçilir ve asgari kaç kiþiden oluþur?;Birim komisyonu her bölüm, anabilim dalý veya anasanat dalý baþkanlýklarý bünyesinde en az üç üyeden oluþacak þekilde kurulur. Komisyon üyeleri ilgili birimin Yönetim Kurulu tarafýndan yüksek akademik teþvik puanýna sahip öðretim elemanlarý arasýndan seçilir. Birimde yeterli öðretim elemaný bulunmamasý halinde üyeler yakýn alanlardaki personelle tamamlanýr. Komisyon üyeleri iki yýl için seçilir. Birim akademik teþvik komisyonu baþkaný ilgili bölüm veya anabilim dalý baþkanýdýr.;[Yönetmelik];Madde 5(1);birim komisyonu|seçim|yönetim kurulu|görev süresi;med
932;Akademik teþvik komisyonlarýnda kararlarýn alýnmasý ve oylama usulü ile ilgili uygulanan temel kural nedir?;Hem üst komisyon hem de birim komisyonlarý baþkan dahil üye tamsayýsýnýn salt çoðunluðu ile toplanýr ve katýlanlarýn salt çoðunluðu ile karar alýr. Oylarýn eþit olmasý halinde komisyon baþkanýnýn oyu yönünde karar verilmiþ sayýlýr. En kritik kural ise üyelerin hiçbir þekilde çekimser oy kullanamayacak olmalarýdýr. Her üye lehinde veya aleyhinde görüþ bildirmek zorundadýr. Bu kural kararlarýn netleþmesini ve sürecin aksamamasýný saðlar.;[Yönetmelik];Madde 4(2) ve 5(2);oylama|çekimser oy|karar yeter sayýsý|komisyon;hard
933;Akademik teþvik ödeneði hangi vergiden muaftýr ve diðer tazminatlarýn hesabýnda bir matrah olarak dikkate alýnýr mý?;Akademik teþvik ödeneði damga vergisi hariç herhangi bir vergiye tabi tutulmaz. Ayrýca bu ödenek ilgili mevzuatý uyarýnca ödenmekte olan zam, tazminat, ödenek, döner sermaye ek ödemesi, ikramiye ve ücret gibi benzeri ödemelerin hesabýnda kesinlikle dikkate alýnmaz. Ödemeler sadece damga vergisi kesintisi yapýlarak araþtýrmacýya ulaþtýrýlýr. Diðer tüm özlük haklarý ve ek ödemelerden baðýmsýz bir teþvik kalemi olarak on iki ay boyunca ödenir.;[Yönetmelik];Madde 10(2);vergi muafiyeti|damga vergisi|ek ödeme|mali hükümler;med
934;Akademik teþvik baþvurusu sýrasýnda yapýlan yanlýþ veya yanýltýcý beyanlarýn tespit edilmesi durumunda hangi yaptýrýmlar uygulanýr?;Ödeme yapýldýktan sonra faaliyetlerin gerçeðe aykýrý olduðu veya yönetmelik kapsamýna girmediði anlaþýlan durumlarda yapýlan ödemeler kanuni faiziyle birlikte geri alýnýr. Ayrýca gerçeðe aykýrý, yanlýþ veya yanýltýcý bildirimde bulunanlar hakkýnda komisyonun tespitiyle idari inceleme baþlatýlýr. Ýnceleme sonucuna göre cezai müeyyidelerin uygulanmasý gerekirse genel hukuk hükümleri uygulanýr. Bu süreç araþtýrmacýlarýn beyan ettikleri verilerin doðruluðundan þahsen sorumlu olduklarýný vurgular.;[Yönetmelik];Madde 10(5);yanlýþ beyan|yaptýrým|geri alma|kanuni faiz;hard
935;Milli Savunma Üniversitesi ve Polis Akademisi kadrolarýndaki öðretim elemanlarý akademik teþvik yönetmeliði hükümlerine tabi midir?;Evet, Akademik Teþvik Ödeneði Yönetmeliði hükümleri Milli Savunma Üniversitesi, Jandarma ve Sahil Güvenlik Akademisi ile Polis Akademisi kadrolarýnda bulunan öðretim elemanlarý hakkýnda da aynen uygulanýr. bu kurumlardaki akademik teþvik düzenleme ve denetleme süreçlerine iliþkin hususlar ilgisine göre rektör veya akademi baþkanlarý tarafýndan yönetmelik çerçevesinde belirlenir. Bu personel de devlet yükseköðretim kurumlarýndaki meslektaþlarý gibi ayný puanlama esaslarý üzerinden teþvik ödeneðinden yararlanýr.;[Yönetmelik];Madde 1(2) ve 9(1);MSÜ|polis akademisi|jandarma|kapsam;med
936;Dergilerin Alan Ýndeksi kategorisinde puanlanabilmesi için hangi kurumun onayladýðý listeler esas alýnmaktadýr?;Alan indeksleri Üniversitelerarasý Kurul (ÜAK) Baþkanlýðý tarafýndan hazýrlanýp Yükseköðretim Kurulunca onaylanan doçentlik baþvurusu kriterlerindeki endeksleri ifade eder. Bu kapsamda puanlama yapýlabilmesi için derginin ilgili alan indeksine girdiðini gösteren ÜAK sayfasýndan alýnmýþ belgenin sunulmasý þarttýr. Alan indeksi puanlamasý sadece Eðitim Bilimleri, Mimarlýk, Sosyal, Beþeri ve Ýdari Bilimler ile Spor Bilimleri gibi belirli temel alanlar için geçerlidir.;[Baþvuru Rehberi]|[Yönetmelik];Madde 3(b);alan indeksi|üak|doçentlik|indeks;hard
937;Akademik teþvik kapsamýnda yurt dýþý araþtýrma faaliyeti için aylýk bazda belirlenen faaliyet oraný nedir?;Yönetmeliðin Faaliyet Hesaplama Tablosu uyarýnca yurt dýþý araþtýrma faaliyetleri ay üzerinden deðerlendirilir. Her bir tam ay için faaliyet oraný 15 olarak belirlenmiþtir. Araþtýrmanýn puan alabilmesi için en az dört ay sürmesi þarttýr. Bu durumda dört aylýk bir yurt dýþý araþtýrma 60 oranýna sahip olur ve bu oran araþtýrma kategorisinin temel puaný olan 15 ile çarpýlarak puanlanýr. Süre hesabý resmi görevlendirme belgeleri üzerinden yapýlýr.;[Yönetmelik];Tablo 4;araþtýrma|yurt dýþý|ay katsayýsý|puanlama;hard
938;Birim akademik teþvik baþvuru ve inceleme komisyonu hazýrladýðý raporlarda hangi tür açýklamalarý yapmakla yükümlüdür?;Birim komisyonu tarafýndan hazýrlanan deðerlendirme raporunda reddedilen veya puan deðerinde deðiþiklik yapýlan her bir akademik faaliyetle ilgili olarak açýklamada bulunulmasý zorunludur. Bu açýklamalar yönetmelik maddelerine dayandýrýlmalý ve araþtýrmacýya bildirilmelidir. Raporlar dekan veya müdür tarafýndan onaylanarak ilan edilen takvime uygun þekilde üst komisyona iletilir. Gerekçesiz yapýlan puan deðiþiklikleri üst komisyon incelemesinde tekrar deðerlendirmeye alýnabilir.;[Yönetmelik];Madde 6(4);deðerlendirme raporu|gerekçe|puan deðiþikliði|komisyon;med
939;TÜBÝTAK projeleri için akademik teþvik baþvurusu sýrasýnda bilimsel kurul deðerlendirme raporu sunulmalý mýdýr?;Baþvuru Rehberi'nin 13. maddesine göre bilimsel kurul deðerlendirme raporlarý TÜBÝTAK projeleri için geçerli deðildir ve sisteme yüklenmesi zorunlu deðildir. TÜBÝTAK projeleri için destekleyen kuruluþ tarafýndan projenin sonuçlandýðýný veya kapatýldýðýný gösteren onaylý belgenin sunulmasý yeterlidir. Ancak TÜBÝTAK dýþýndaki diðer ulusal veya uluslararasý projeler için projenin bilimsel baþarýsýný gösteren raporlarýn sunulmasý gerekebilir. Araþtýrmacýlar proje türüne göre istenen belgeleri dikkatle kontrol etmelidir.;[Baþvuru Rehberi];Madde 13;tübitak|proje belgeleri|deðerlendirme raporu|fuats;med
940;Akademik teþvik puaný hesaplanýrken iki yazarlý bir makale veya patent için k katsayýsý deðeri kaçtýr?;Yönetmelikte yer alan Tablo 1'e göre çok isimli yayýnlarda ve patentlerde kiþi sayýsý iki olduðunda uygulanacak k katsayýsý 0,8 olarak belirlenmiþtir. Bu katsayý faaliyetin temel puaný ile çarpýlarak her bir araþtýrmacýnýn bireysel puanýna ulaþýlýr. Yazar sayýsý üç olduðunda katsayý 0,6'ya, dört olduðunda ise 0,45'e düþmektedir. Tek yazarlý eserlerde ise katsayý tam deðer olan 1 olarak uygulanýr. Bu sistem ortak üretimlerde puan paylaþýmýný standartlaþtýrmayý hedefler.;[Yönetmelik];Tablo 1;k katsayýsý|iki isimli|paylaþým|hesaplama;easy
941;Akademik teþvik kapsamýnda deðerlendirilebilecek projelerde yürütücü ve araþtýrmacý rolleri için hangi r katsayýlarý uygulanýr?;"Projelerdeki rollere göre r katsayýsý Tablo 2'de belirlenmiþtir: Projenin yürütücüsü olan öðretim elemaný için r=1 katsayýsý uygulanýrken; projede araþtýrmacý veya bursiyer olarak görev yapanlar için r=0,5 katsayýsý uygulanýr. Bu katsayý projenin türüne göre belirlenen faaliyet oraný ile çarpýlarak araþtýrmacýnýn o projeden elde edeceði puanýn hesaplanmasýnda kullanýlýr. Sadece baþarýyla sonuçlanmýþ ve sonuç raporu onaylanmýþ projeler bu hesaplama kapsamýna dahil edilebilir.";[Yönetmelik];Tablo 2;r katsayýsý|proje rolü|yürütücü|araþtýrmacý;easy
942;SCI-Expanded, SSCI ve AHCI kapsamýndaki dergilerde yayýmlanan makaleler için kullanýlan p katsayýsý neye göre belirlenir?;"p katsayýsý makalenin yayýmlandýðý yýl için derginin ISI Web of Science Çeyreklik (Quartile/Q) sýnýflandýrmasýna göre belirlenir: Q1 için 1; Q2 için 0,8; Q3 için 0,5; Q4 için 0,25 uygulanýr. AHCI kapsamýndaki dergiler için katsayý sabit 0,5 olarak uygulanýr. Eðer bir derginin Q deðeri henüz belirlenmemiþse en alt katsayý olan 0,25 deðeri esas alýnýr. Araþtýrmacýlarýn WOS üzerinden aldýklarý güncel Q deðerini gösteren belgeyi sisteme yüklemeleri zorunludur.";[Yönetmelik];Tablo 3;p katsayýsý|quartile|Q deðeri|wos;hard
943;Özel bir paylaþým oraný bulunmayan karma sanatsal etkinliklerde puanlama kiþi sayýsýna bölünerek mi yapýlmaktadýr?;"Normalde faaliyetlerde oran/kiþi sayýsý dikkate alýnýrken; sergi faaliyet türündeki karma etkinlikler ile uluslararasý boyutta performansa dayalý yayýmlanmýþ karma ses veya görüntü kayýtlarý bu kuraldan muaftýr. Bu tür faaliyetlerde katýlýmcý sayýsýna bakýlmaksýzýn her bir öðretim elemanýna tam puan verilir. Bu istisna dýþýnda kalan tüm faaliyetlerde (yayýn, teblið, patent vb.) yazar sayýsýna göre belirlenen k katsayýsý üzerinden puan paylaþýmý yapýlmasý zorunluluktur.";[Yönetmelik];Madde 8(7);karma etkinlik|istisna|kiþi sayýsý|ses kaydý;hard
944;Akademik teþvik puaný hesaplanýrken araþtýrmacýnýn unvaný hangi tarih itibarýyla esas alýnarak ödeme tutarý belirlenir?;Puanlarýn ve ödemelerin hesaplanmasýnda öðretim elemanýnýn teþvik baþvurusu yaptýðý tarihteki kadro unvaný esas alýnacaktýr. Baþvuru döneminden sonra gerçekleþen unvan deðiþiklikleri o yýlýn teþvik ödemesi oranýna yansýtýlmaz. Unvanlara göre uygulanan oranlar profesör için %100, doçent için %90, dr. öðretim üyesi için %80 ve diðerleri için %70 þeklindedir. Araþtýrmacý kadrosunun bulunduðu birime baþvuru yapmalý ve YÖKSÝS verilerini güncellemelidir.;[Baþvuru Rehberi]|[Yönetmelik];Madde 8(8);kadro unvaný|baþvuru tarihi|ödeme oraný|unvan;med
945;Akademik teþvik ödeneði hangi unvanlardaki öðretim elemanlarýna en yüksek Devlet memuru brüt aylýðýnýn hangi oranlarýnda ödenir?;"Teþvik ödemesi; profesör kadrosundakiler için %100, doçent kadrosundakiler için %90, doktor öðretim üyeleri için %80, araþtýrma görevlisi ve öðretim görevlisi kadrolarýnda bulunanlar için ise %70 oraný üzerinden hesaplanýr. Bu oranlar en yüksek Devlet memuru brüt aylýðý tutarý ile çarpýlýr. Sonuç rakamý araþtýrmacýnýn akademik teþvik puanýnýn yüze bölünmesiyle elde edilen oranla tekrar çarpýlarak nihai ödeme miktarýna ulaþýlýr. Ödeme yapýlabilmesi için araþtýrmacýnýn aylýk alýyor olmasý þarttýr.";[Yönetmelik];Madde 8(1);ödeme oraný|unvan|kadro|hesaplama;easy
946;Üst komisyonun itirazlarý deðerlendirip nihai karara baðlanmasý süreci takvime göre kaç iþ gününü kapsamaktadýr?;Akademik Teþvik Düzenleme, Denetleme ve Ýtiraz Komisyonu itirazlarý 01-05 Þubat 2026 tarihleri arasýnda deðerlendirir. Yönetmeliðin 6. maddesi uyarýnca komisyon itirazlarý, itiraz süresinin bittiði tarihten itibaren en geç beþ iþ günü içerisinde karara baðlamak zorundadýr. Komisyonun bu aþamada vereceði kararlar kesindir ve üniversite bünyesinde baþka bir itiraz merci bulunmamaktadýr. Kesinleþen kararlar doðrultusunda 06 Þubat'ta kesin listeler oluþturularak harcama birimlerine iletilir.;[Takvim]|[Yönetmelik];Madde 6(6);itiraz süresi|nihai karar|üst komisyon|takvim;med
947;Dergilerin Diðer uluslararasý hakemli dergiler kategorisinde deðerlendirilebilmesi için hangi yayýn süresi þartýný saðlamasý gerekir?;Bir derginin bu kategoride deðerlendirilebilmesi için en az beþ yýldýr yýlda en az bir sayý ile yayýnlanýyor olmasý þarttýr. Ayrýca derginin editör veya yayýn kurulunun uluslararasý olmasý, bilimsel deðerlendirme süreci ve bu sürecin nasýl iþlediðinin internet sayfasýnda yer almasý gerekir. Derginin internet sayfasý üzerinden yayýmlanmýþ makalelerin künyelerine ulaþýlabilmesi de zorunlu kriterler arasýndadýr. Bu þartlarý taþýmayan dergilerde çýkan makaleler teþvik kapsamýna dahil edilmez.;[Baþvuru Rehberi]|[Yönetmelik];Madde 7(4);dergi|yayýn süresi|uluslararasý|kriter;med
948;Tebliðlerin sunulduðu etkinliðin uluslararasý niteliðini teyit etmek amacýyla ödemeye esas hangi resmi belge gereklidir?;Etkinliðin uluslararasý niteliði haiz olup olmadýðý hususunda, ödemeye esas teþkil etmek üzere üniversite yönetim kurulu kararýnýn olmasý gerekir. Bu karar bulunmayan etkinliklerde sunulan tebliðler diðer þartlarý saðlasa dahi uluslararasý kategoride puanlanmaz. Tebliðlerin deðerlendirilmesinde ayrýca en az beþ farklý ülkeden konuþmacý katýlýmý ve bildirilerin yarýsýndan fazlasýnýn Türkiye dýþýndan olmasý þartý da aranýr. Araþtýrmacýlarýn bu yönetim kurulu kararýný belgelemeleri zorunludur.;[Baþvuru Rehberi]|[Yönetmelik];Madde 7(9);teblið|yönetim kurulu|onay|uluslararasý;hard
949;YÖK Yýlýn Doktora Tezi Ödülü akademik teþvik puanlamasýnda kaç faaliyet oranýna sahiptir?;Faaliyet Hesaplama Tablosu uyarýnca YÖK Yýlýn Doktora Tezi Ödülü %100 faaliyet oranýna sahiptir. Bu ödül kategorisinin temel puaný olan 20 ile çarpýldýðýnda araþtýrmacýya 20 tam puan kazandýrýr. Benzer þekilde TÜBÝTAK Bilim Ödülü ve TÜBA Akademi Ödülü de %100 oran ile deðerlendirilir. Ödülün 2025 yýlýnda verilmiþ olmasý ve yetkili mercilerce onaylanmýþ belgesinin sisteme yüklenmesi þarttýr. Mansiyon ödülleri ise bu kapsamda kesinlikle deðerlendirmeye alýnmaz.;[Yönetmelik];Tablo 4;yök ödülü|doktora tezi|puanlama|ödül;easy
950;Ayný yayýn veya esere bir kitabýn farklý bölümlerinde yapýlan atýflar akademik teþvik puanlamasýnda nasýl sayýlmaktadýr?;Ayný yayýn veya esere bir kitabýn farklý bölümlerinde veya kýsýmlarýnda yapýlan atýflar yalnýzca bir atýf olarak deðerlendirilir. Ancak bölüm yazarlarý farklý olan kitaplarda farklý bölümlerde yapýlan her bir atýf için ayrý puan deðerlendirmesi yapýlýr. Bu istisnadan yararlanabilmek için kitabýn her bir bölümünün farklý yazarlar tarafýndan kaleme alýndýðýnýn belgelenmesi gerekir. Araþtýrmacýlarýn atýf yapýlan sayfalarla birlikte kitabýn içindekiler sayfasýný da sisteme yüklemeleri zorunludur.;[Baþvuru Rehberi]|[Yönetmelik];Madde 7(8);atýf|mükerrer atýf|kitap bölümü|puanlama;hard
951;Sergi faaliyetlerinde tekrarlayan etkinlikler için uygulanan puanlama kýsýtlamasý tam olarak nedir?;Ayný yýl içerisinde tekrar eden sergi, konser ve gösterilerin puanlanmasýnda en çok iki tekrar dikkate alýnýr. Ýkinci tekrar etkinliðe öncekinin (mevcut deðerlendirme yýlýndaki faaliyet puanýnýn) yarýsý yani %50'si verilir. Ýkiden fazla tekrar eden ayný içerikli faaliyetler için hiçbir puanlama yapýlmaz. Sergilerin deðerlendirilmesinde serginin tamamlandýðý tarih esas alýnýr. Eðitim-öðretim ve öðrenci kulüp faaliyetleri kapsamýndaki sergiler ise puanlanmaz.;[Baþvuru Rehberi]|[Yönetmelik];Madde 7(6);sergi|tekrar|puanlama|kýsýtlama;med
952;Tebliðlerin puanlanabilmesi için sunulan dökümanlarda tam metin olma zorunluluðu var mýdýr?;Evet, akademik teþvik kapsamýnda tebliðlerin deðerlendirilmesinde tam metin olmasý zorunludur. Tebliðin elektronik veya basýlý olarak etkinlik teblið kitapçýðýnda yer almasý ve yayýmlanmýþ tam metninin sunulmasý gerekir. Özet metinler kesinlikle kapsam dýþý býrakýlmýþtýr. Araþtýrmacýlarýn tam metni içeren kitabýn kapak, basým ve içindekiler sayfalarýyla birlikte bildirinin ilk ve son sayfasýný sisteme yüklemeleri þarttýr. Tam metni bulunmayan bildiriler puanlamaya esas alýnmaz.;[Baþvuru Rehberi]|[Yönetmelik];Madde 7(9);teblið|tam metin|özet metin|puanlama;med
953;Güzel Sanatlar temel alanýndaki A4 branþlarý için uluslararasý kiþisel ses veya görüntü kaydý kaç faaliyet oranýna sahiptir?;Faaliyet Hesaplama Tablosu'na göre, sadece A4 (Güzel Sanatlar) temel alaný için geçerli olan uluslararasý boyutta performansa dayalý yayýmlanmýþ kiþisel ses ve/veya görüntü kayýtlarý için faaliyet oraný 20 olarak belirlenmiþtir. Karma ses veya görüntü kayýtlarýnda bu oran 10'dur. Bu kayýtlarýn puanlanabilmesi için 2025 yýlý içerisinde yayýmlanmýþ olmasý ve bandrol belgesinin sunulmasý þarttýr. Diðer temel alanlarda (A1, A2, A3) ses kaydý için oran tanýmlanmamýþtýr.;[Yönetmelik];Tablo 4;ses kaydý|güzel sanatlar|A4 alaný|puanlama;hard
954;Akademik teþvik baþvurusu sýrasýnda öðretim elemanlarýnýn Kurum Deðiþikliði Beyan Formu sunmasý hangi durumda zorunludur?;Öðretim elemaný 2025 yýlý içerisinde baþka bir kurumdan naklen gelmiþ ise Kurum Deðiþikliði Beyan Formunun sunulmasý zorunludur. Bu formda araþtýrmacýnýn önceki kurumda ve mevcut üniversitede gerçekleþtirdiði faaliyetler ayrýntýlý olarak belirtilmelidir. Ayrýca YÖKSÝS çýktýsýnda her bir faaliyetin hangi kurum bünyesinde yapýldýðý açýkça gösterilmelidir. Farklý kurumlarda gerçekleþtirilen faaliyetlerin deðerlendirilmesi araþtýrmacýnýn þu an kadrosunun bulunduðu üniversitedeki komisyonca yapýlýr.;[Baþvuru Rehberi]|[Yönetmelik];Madde 6(2);kurum deðiþikliði|beyan formu|naklen atama|yöksis;hard
955;Yabancý uyruklu öðretim elemanlarý akademik teþvik ödeneðinden faydalanabilir mi?;Hayýr, Akademik Teþvik Ödeneði Yönetmeliði'nin 6. maddesinin 9. fýkrasý uyarýnca yabancý uyruklu öðretim elemanlarý akademik teþvik ödeneðinden yararlanamazlar. Bu ödenek sadece devlet yükseköðretim kurumlarý kadrolarýnda bulunan Türk vatandaþý öðretim elemanlarýný kapsamaktadýr. Yabancý uyruklu personel sistem üzerinden faaliyet beyanýnda bulunsa dahi puan hesaplamasý yapýlmaz ve ödeme listelerine dahil edilmezler. Bu kuralýn herhangi bir istisnasý dokümanlarda yer almamaktadýr.;[Yönetmelik];Madde 6(9);yabancý uyruklu|kapsam dýþý|öðretim elemaný|ödeme;easy
956;Uluslararasý patentlerin akademik teþvik kapsamýnda deðerlendirilebilmesi için tescil belgesinde hangi teknik kriterler aranmaktadýr?;Uluslararasý patentlerin deðerlendirilebilmesi için Patent Ýþbirliði Antlaþmasý (PCT) kapsamýnda yapýlan baþvurularda en az bir istemin patentlenebilirlik kriterlerini saðladýðýnýn ifade edilmiþ olmasý þarttýr. Bu kriterler yenilik, buluþ basamaðý ve sanayiye uygulanabilirliktir. Avrupa Patent Ofisi (EPO) tarafýndan verilen patentler de bu kapsamdadýr. Patentlerin tescil tarihinin 2025 yýlý olmasý esas alýnýr. Tescil belgesinin nüshasý veya yetkili mercilerce düzenlenen resmi rapor sisteme yüklenmelidir.;[Baþvuru Rehberi]|[Yönetmelik];Madde 3(ö);patent|tescil|yenilik|buluþ basamaðý;hard
957;Akademik teþvik baþvurusu sýrasýnda öðretim elemanlarý kanýtlayýcý belgelerini fiziksel dosya olarak teslim etmeli midir?;Hayýr, akademik teþvik baþvurularýnda öðretim elemanlarý sadece YÖKSÝS ve FUATS sistem çýktýlarýný imzalayarak fiziksel olarak birimlerine teslim edeceklerdir. Faaliyetlere iliþkin tüm örnek, kanýt ve belgeler ise sadece elektronik ortamda FUATS sistemi üzerinden sunulmalýdýr. Fiziksel dosya veya kanýt dökümaný teslimi yapýlmayacaðý takvimde açýkça belirtilmiþtir. Ýnceleme komisyonlarý tüm deðerlendirmeleri bu dijital belgeler üzerinden yapacaktýr.;[Takvim]|[Baþvuru Rehberi];Baþvuru Dokümanlarý Genel Bilgilendirme;kanýt|elektronik sunum|belge teslimi|fuats;easy
958;Dergilerin Alan endeksleri kategorisinde puanlanabilmesi için hangi üniversite branþlarý bu kapsamýn dýþýnda tutulmuþtur?;Baþvuru Rehberi'nin 26. maddesine göre Alan Ýndeksine giren dergiler için puanlama sadece belirli alanlarda geçerlidir. Eðitim Bilimleri, Mimarlýk, Planlama ve Tasarým, Sosyal, Beþeri ve Ýdari Bilimler ile Spor Bilimleri temel alanlarý dýþýndaki tüm branþlar alan indeksi kategorisinden puan alamayacaktýr. Bu alanlar dýþýndaki araþtýrmacýlarýn yayýnlarý alan endeksli olsa dahi diðer uluslararasý hakemli dergi kategorisinde deðerlendirilir. Kapsam dýþý alanlarda yapýlan beyanlar birim komisyonlarýnca reddedilmektedir.;[Baþvuru Rehberi];Madde 26;alan indeksi|kýsýtlama|temel alanlar|yayýn;hard
959;Dergilerde yayýmlanan vaka takdimi veya editöre mektup gibi kýsa makaleler akademik teþvik puanlamasýnda nasýl hesaplanmaktadýr?;SCI, SCI-Expanded, SSCI ve AHCI kapsamýndaki dergilerde müstakil yayýmlanmýþ vaka takdimi, editöre mektup, teknik not, araþtýrma notu ve kitap eleþtirisi gibi kýsa makaleler puanlamaya dahildir. Bu tür yayýnlar için k x p x 30 (A1/A3 alanlarý) veya k x p x 40 (A2/A4 alanlarý) formülü uygulanýr. Bu oranlar tam araþtýrma makalesi puanýnýn tam yarýsýna denk gelmektedir. Puanlama için yayýnýn cilt ve sayfa alarak yayýmlanmýþ olmasý zorunludur.;[Yönetmelik];Tablo 4;kýsa makale|vaka takdimi|puanlama|hesaplama;hard
960;Birim akademik teþvik komisyonunun inceleme sonuçlarýný Dekanlýk veya Müdürlüklere iletmesi için belirlenen son tarih nedir?;Birim Akademik Teþvik Baþvuru ve Ýnceleme Komisyonu teþvik almaya hak kazananlarýn YÖKSÝS ve FUATS sistem çýktýlarýný 15 Ocak 2026 tarihine kadar Dekanlýk veya Müdürlüklere göndermekle yükümlüdür. Bu belgeler ayný gün içinde sisteme de girilmelidir. Birimlerin bu süreyi aþmasý üst komisyonun deðerlendirme takvimini aksatacaðý için tarihsel uyum zorunludur. Dekanlýklar ise kendilerine gelen bu evraklarý 16 Ocak'ta üst komisyona iletir.;[Takvim];15 Ocak 2026;birim teslimi|dekanlýk|son tarih|takvim;easy
961;Fýrat Üniversitesi öðretim elemanlarýnýn 2025 yýlý akademik faaliyetlerine yönelik teþvik baþvurularýný hangi tarihlerde ve hangi sistemler üzerinden yapmalarý gerekmektedir?;"Öðretim elemanlarý akademik teþvik baþvurularýný 02-11 Ocak 2026 tarihleri arasýnda gerçekleþtirmelidir. Baþvurular; kadrolarýnýn bulunduðu yükseköðretim kurumunun ilgili birim akademik teþvik baþvuru ve inceleme komisyonuna, YÖKSÝS’ten alýnan çýktý ile birlikte FU Akademik Teþvik Sistemi (FUATS) üzerinden yapýlmalýdýr. Araþtýrmacýlar sadece YÖKSÝS ve FUATS sistem çýktýlarýný imzalayarak birimlerine teslim ederler; ancak tüm kanýtlayýcý belgelerin elektronik ortamda sisteme yüklenmesi zorunludur. Süresi geçtikten sonra yapýlan baþvurular yönetmelik gereði deðerlendirmeye alýnmaz.";[Takvim]|[Baþvuru Rehberi];Takvim Satýr 1 / Madde 8;baþvuru|tarih|fuats|yöksis;easy
962;Akademik teþvik sonuçlarýna karþý yapýlacak itirazlarýn teslim edileceði makam, geçerli teslim yöntemi ve bu itirazlarýn nihai karara baðlanma süreci nasýldýr?;Ýlan edilen sonuçlara karþý itirazlar 26-30 Ocak 2026 tarihleri arasýnda Rektör Yardýmcýlýðý Makamýna þahsen ve elden teslim edilen dilekçelerle yapýlýr. Posta, kargo veya e-posta yoluyla yapýlan itiraz baþvurularý rehber hükümleri uyarýnca kesinlikle kabul edilmez. Sunulan bu itirazlar Akademik Teþvik Düzenleme, Denetleme ve Ýtiraz Komisyonu tarafýndan 01-05 Þubat 2026 tarihleri arasýnda deðerlendirilerek nihai karara baðlanýr. Komisyonun itirazlar sonucunda verdiði kararlar kesin nitelik taþýr ve bu aþamadan sonra kesin listeler oluþturularak harcama birimlerine bildirilir.;[Takvim]|[Baþvuru Rehberi];26-30 Ocak 2026 / Madde 6(6);itiraz|rektör yardýmcýlýðý|nihai karar|takvim;med
963;Akademik teþvik baþvurusu sýrasýnda öðretim elemanlarýnýn YÖKSÝS ve FUATS sistem çýktýlarýnýn imzalanmasý konusunda uymasý gereken zorunlu kural nedir?;"Akademik Teþvik Ödeneði baþvurusunda bulunacak araþtýrmacýlarýn YÖKSÝS çýktýsý ve FUATS sistem çýktýsýnýn her sayfasýný imzalý olarak sunmalarý zorunludur. Sadece son sayfanýn imzalanmasý veya bazý sayfalarýn imzasýz býrakýlmasý durumunda baþvuru geçersiz sayýlabilir veya eksik evrak iþlemi görebilir. Bu kural; beyan edilen tüm akademik faaliyetlerin doðruluðunun araþtýrmacý tarafýndan her sayfa bazýnda onaylanmasýný ve yasal sorumluluðun üstlenilmesini amaçlamaktadýr. Ýmzalý belgeler birim komisyonlarýna fiziksel olarak teslim edilirken, faaliyetlere dair diðer tüm kanýtlayýcý dökümanlar dijital ortamda FUATS sistemine yüklenmelidir.";[Baþvuru Rehberi];Baþvuru Dokümanlarý Ýçin Genel Bilgilendirme;imza|yöksis|fuats|onay;easy
964;Vakýf üniversitelerinden devlet üniversitelerine geçen öðretim elemanlarýnýn akademik teþvik puaný hesaplanýrken hangi faaliyetleri deðerlendirme kapsamýna alýnmaktadýr?;Vakýf yükseköðretim kurumlarýndan devlet yükseköðretim kurumlarý kadrolarýna geçen öðretim elemanlarýnýn akademik teþvik puanlarýnýn hesaplanmasýnda sadece devlet yükseköðretim kurumlarýnda gerçekleþtirdikleri faaliyetler esas alýnýr. Araþtýrmacýnýn vakýf üniversitesindeki görev süresi boyunca ürettiði yayýnlar, projeler veya diðer akademik çýktýlar puanlamaya dahil edilmez. Bu durumdaki öðretim elemanlarýnýn YÖKSÝS çýktýsýnda her bir faaliyetin hangi kurumda yapýldýðýný açýkça göstermeleri ve Kurum Deðiþikliði Beyan Formunu baþvuru dosyasýna eklemeleri zorunluluktur. Sistem sadece devlet kurumlarý bünyesindeki çalýþmalarý teþvik etmektedir.;[Baþvuru Rehberi]|[Yönetmelik];Madde 6(7);vakýf üniversitesi|kurum deðiþikliði|devlet üniversitesi|kýsýtlama;hard
965;Döner sermaye üzerinden yürütülen dýþ kaynaklý projelerin akademik teþvik puaný alabilmesi için gereken asgari süre ve içerik þartý nedir?;"Döner sermaye üzerinden yapýlan dýþ kaynaklý (yurt içi veya yurt dýþý) projelerin deðerlendirilebilmesi için projenin mutlaka Ar-Ge niteliði taþýmasý þarttýr. Ayrýca toplam proje süresinin dokuz aydan az olmamasý gerekmektedir; süresi 9 aydan az olan projeler kapsam dýþý býrakýlmýþtýr. Projenin maddi desteðinin üniversiteye aktarýlmýþ olmasý ve 2025 yýlý içerisinde baþarýyla sonuçlandýrýlarak sonuç raporunun yetkili mercilerce onaylanmýþ olmasý zorunludur. Bilirkiþilik ve danýþmanlýk gibi Ar-Ge niteliði taþýmayan döner sermaye faaliyetleri bu süre þartýný saðlasa dahi proje kategorisinde puanlanamaz.";[Baþvuru Rehberi]|[Yönetmelik];Madde 7(2);döner sermaye|proje|Ar-Ge|süre;hard
966;Üniversite bünyesinde yürütülen Bilimsel Araþtýrma Projeleri (BAP) ve TÜBÝTAK-1002 projeleri akademik teþvik puanlamasý kapsamýnda deðerlendirilebilir mi?;"Hayýr; yükseköðretim kurumlarý tarafýndan desteklenen bilimsel araþtýrma projeleri (BAP) akademik teþvik kapsamýnda deðerlendirmeye alýnmaz. Benzer þekilde TÜBÝTAK-1002 (Hýzlý Destek) projeleri, araþtýrma altyapýsý oluþturma projeleri, giriþimcilik projeleri ve öðrenci projeleri de puanlama dýþýnda tutulmuþtur. Araþtýrmacýlarýn bu tür projeleri FUATS sistemine puan almak amacýyla girmemeleri gerekmektedir. Sadece yönetmelikte açýkça belirtilen TÜBÝTAK akademik destekleri (1001, 1003 vb.) ve dokuz aydan uzun süren dýþ kaynaklý Ar-Ge projeleri için teþvik puaný talep edilebilir.";[Baþvuru Rehberi]|[Yönetmelik];Madde 12 / Madde 7(2);BAP|proje|kapsam dýþý|tübitak 1002;easy
967;Araþtýrma faaliyetinin deðerlendirilebilmesi için gereken kurum dýþý görevlendirme süresi ve resmi onay organý ile ilgili kriterler nelerdir?;Araþtýrma faaliyetinin deðerlendirilebilmesi için araþtýrmacýnýn kurum dýþýnda bir üniversite veya araþtýrma merkezinde en az dört ay süreyle tam zamanlý görevlendirilmiþ olmasý þarttýr. Bu görevlendirmenin mutlaka üniversite yönetim kurulu tarafýndan resmi bir izin kararý ile yapýlmýþ olmasý ve bu belgenin baþvuruya eklenmesi gerekmektedir. Dört aydan az süren araþtýrmalar kesinlikle deðerlendirmeye alýnmaz. Araþtýrmanýn 2025 yýlý içerisinde tamamlanmýþ olmasý ve sonuç raporunun ilgili kurumca baþarýlý bulunarak onaylanmýþ olmasý zorunludur. Eylem planý ve fizibilite raporu gibi çalýþmalar araþtýrma kategorisinde puanlanamaz.;[Baþvuru Rehberi]|[Yönetmelik];Madde 7(3);araþtýrma|süre|görevlendirme|yönetim kurulu;med
968;Yayýn kategorisindeki kitaplarýn akademik teþvik puaný alabilmesi için sahip olmasý gereken zorunlu numara ve belgelendirme þartlarý nelerdir?;"Kitaplarýn deðerlendirilebilmesi için ISBN (Uluslararasý Standart Kitap Numarasý) numarasýna sahip olmasý temel bir zorunluluktur. Kitap yazarlýðý, bölüm yazarlýðý veya editörlük faaliyetlerinin yayýneviyle yapýlan sözleþme ya da davet mektubu gibi evraklarla belgelenmesi gerekir. Kitabýn mutlaka 2025 takvim yýlý içerisinde yayýmlanmýþ olmasý gerekmektedir; daha önce deðerlendirilen bir kitabýn yeni baskýlarý puanlamaya dahil edilmez. Sýnavlar için hazýrlanan soru kitaplarý, bildirilerden oluþan kitaplar ve sergiler kapsamýnda hazýrlanan küratörlük kitaplarý ise kapsam dýþý tutulmuþtur.";[Baþvuru Rehberi]|[Yönetmelik];Madde 7(4) / Madde 19;kitap|ISBN|yayýn|sözleþme;easy
969;Tanýnmýþ uluslararasý yayýnevi sayýlabilmesi için bir yayýnevinin faaliyet süresi ve yayýn dili ile ilgili hangi kriterleri saðlamasý gerekir?;"Tanýnmýþ uluslararasý yayýnevi; en az beþ yýldýr uluslararasý düzeyde düzenli faaliyet yürüten ve Türkçe dýþýndaki dillerde ayný alanda farklý yazarlara ait en az yirmi kitap yayýmlamýþ olan yayýnevidir. Bu kriterleri saðlayan yayýnevlerinden çýkan özgün bilimsel kitaplar uluslararasý kategoride puanlanýr. Araþtýrmacýlarýn yayýnevinin bu özellikleri taþýdýðýný kanýtlayan belgeleri veya yayýnevi internet sayfasýndaki bilgileri FUATS sistemine yüklemeleri zorunludur. Sadece Türkçe yayýn yapan yayýnevleri, uluslararasý niteliðe sahip olsalar dahi bu kapsamda uluslararasý yayýnevi olarak deðerlendirilemez.";[Baþvuru Rehberi]|[Yönetmelik];Madde 3(l) / Madde 24;uluslararasý yayýnevi|dil þartý|kitap sayýsý|yayýn;hard
970;Dergilerde gerçekleþtirilen editörlük faaliyetlerinde puanlama yapýlýrken uygulanan temel kýsýtlamalar ve geçerli sayýlan görevler nelerdir?;"Dergilerde editörlük faaliyetinde, yýllýk yayýnlanan dergi sayýsýna bakýlmaksýzýn sadece bir editörlük görevi dikkate alýnýr. Çok editörlü dergilerde sadece baþ editör teþvik kapsamýndadýr; yardýmcý editörlükler puanlanmaz. Ayrýca editör kurulu üyelikleri yönetmelik deðiþikliði ile teþvik kapsamýndan tamamen çýkartýlmýþtýr. Araþtýrmacýlarýn yayýmlanmýþ dergi için editör olduklarýný gösteren web sitesi adresi ve ekran görüntüsünü kanýt olarak sunmalarý þarttýr. Alan editörlüðü veya danýþma kurulu üyeliði gibi görevler için puan verilmez; farklý dergilerde de olsa sadece bir editörlük dikkate alýnýr.";[Baþvuru Rehberi]|[Yönetmelik];Madde 25 / Madde 7(4);editörlük|baþ editör|dergi|kýsýtlama;med
971;Müzik ve Konservatuvar bölümleri için ses veya görüntü kayýtlarýnýn deðerlendirilmesinde sunulmasý gereken ek belgeler ve yayýmlanma þartý nedir?;"Müzik ve Konservatuvar bölümleri için performansa dayalý etkinliklerin ulusal veya uluslararasý niteliðini ve 2025 yýlýnda yayýmlanmýþ olduðunu gösteren belgeler sunulmalýdýr. Özellikle CD, DVD veya benzeri ortamdaki kayýtlara yönelik yetkili mercilerce bandrol verildiðini gösterir belgenin sunulmasý zorunluluktur. Ulusal ve uluslararasý boyutta performansa dayalý ses veya görüntü kayýtlarýnýn deðerlendirilmesinde mutlaka yayýmlanmýþ olma koþulu aranýr. Bandrolü bulunmayan þahsi kayýtlar veya yayýmlanmamýþ performanslar akademik teþvik puanlamasý dýþýnda býrakýlmaktadýr; ayrýca kaydýn özgünlüðü belgelenmelidir.";[Baþvuru Rehberi];Madde 28 / Madde 7(4);müzik|ses kaydý|bandrol|yayýn;med
972;Tasarým faaliyetlerinin akademik teþvik puaný alabilmesi için ticarileþme veya tescil ile ilgili hangi þartlarý saðlamasý gerekmektedir?;Tasarýmýn deðerlendirilebilmesi için bilim, teknoloji ve sanata katký saðlayýcý nitelikte olmasý ve araþtýrmacýnýn kendi uzmanlýk alaný ile ilgili olmasý zorunludur. Tasarýmýn kamu kurumlarý veya özel hukuk tüzel kiþileriyle yapýlan sözleþme uyarýnca uygulanmýþ veya ticarileþtirilmiþ olmasý ya da 2025 yýlý içerisinde resmi mercilerce tescil edilmiþ olmasý þarttýr. Tescilsiz veya ticarileþmemiþ taslak aþamasýndaki çizimler puanlanmaz. Baþvuru sýrasýnda tasarým dosyasý ve uygulama/ticarileþme belgesi FUATS sistemine yüklenmelidir. Tasarýmýn sonuçlandýðý tarih 2025 yýlý olarak esas alýnýr.;[Baþvuru Rehberi]|[Yönetmelik];Madde 7(5) / Madde 30;tasarým|ticarileþme|tescil|sözleþme;hard
973;Sergi faaliyetlerinin uluslararasý sayýlabilmesi için hangi üniversite biriminin onay belgesi veya kurul kararý sunulmalýdýr?;"Bir serginin uluslararasý olarak deðerlendirilebilmesi için serginin uluslararasý nitelikte olduðunun ilgili bölüm, anabilim dalý veya anasanat dalý kurullarýnca onaylanmýþ olmasý ve buna dair resmi bir kararýn bulunmasý þarttýr. Bu onay belgesi veya kurul karar tutanaðý FUATS sistemine yüklenmelidir. Ayrýca sergi faaliyetlerinde sanata katký saðlayýcý nitelik aranýr ve serginin tamamlandýðý tarih olan 2025 yýlý esas alýnýr. Eðitim-öðretim faaliyetleri ve öðrenci kulüp faaliyetleri kapsamýndaki sergiler ise hiçbir þekilde puanlamaya dahil edilmez; sadece akademik/sanatsal özgün etkinlikler puanlanýr.";[Baþvuru Rehberi]|[Yönetmelik];Madde 31 / Madde 7(6);sergi|uluslararasý|onay|kurul kararý;med
974;Patent faaliyetlerinde ulusal ve uluslararasý patentlerin puanlanabilmesi için aranan temel tescil yýlý ve rapor þartý nedir?;"Patentlerin deðerlendirilebilmesi için ulusal veya uluslararasý yetkili kurumlarca tescillenmiþ olmasý ve tescil tarihinin 2025 yýlý olmasý þarttýr. Ulusal patentlerde inceleme raporu sonucunda Türk Patent ve Marka Kurumu tarafýndan verilen tesciller kabul edilir; ulusal incelemesiz patentler deðerlendirme kapsamý dýþýndadýr. Uluslararasý patentlerde PCT kapsamýnda patentlenebilirlik kriterlerini (yenilik, buluþ basamaðý, sanayiye uygulanabilirlik) saðladýðýnýn belgelenmesi veya Avrupa Patent Ofisi tescili aranýr. Ayný patent birden fazla ülkede tescillense dahi sadece bir kez puanlanýr ve tescil belgesi sunulmalýdýr.";[Baþvuru Rehberi]|[Yönetmelik];Madde 7(7) / Madde 34;patent|tescil|ulusal|uluslararasý;hard
975;Atýf faaliyetlerinin puanlanmasýnda self-citation (öz-atýf) yasaðýna dair kurallar ve geçerli atýf kaynaklarý nelerdir?;"Akademik teþvik sisteminde araþtýrmacýnýn kendi yayýnlarýna veya eserlerine yaptýðý atýflar kesinlikle kapsam dýþýdýr. Sadece baþvuru sahibinin yazar olarak yer almadýðý, baþka araþtýrmacýlar tarafýndan 2025 yýlýnda yayýmlanmýþ çalýþmalardaki atýflar dikkate alýnýr. Ayrýca araþtýrmacýnýn sadece devlet yükseköðretim kurumlarýnda görev yaptýðý sýrada ürettiði yayýnlarýna yapýlan atýflar geçerli kabul edilir; devlet dýþý üretimlere atýf puanlanmaz. Atýflarýn deðerlendirilmesinde kiþi sayýsý dikkate alýnmaz, her bir baþvuru sahibi için ayrý puanlama yapýlýr. Atýf yapan eserin de yönetmelik kapsamýndaki kategorilerde olmasý þarttýr.";[Baþvuru Rehberi]|[Yönetmelik];Madde 7(8) / Madde 37;atýf|self-citation|kapsam dýþý|kýsýtlama;med
976;Tebliðlerin uluslararasý sayýlabilmesi için katýlýmcý ülkeler, konuþmacý oranlarý ve resmi onay þartý ile ilgili kurallar nelerdir?;"Tebliðin sunulduðu etkinliðin uluslararasý sayýlabilmesi için Türkiye dýþýnda en az beþ farklý ülkeden sözlü teblið sunan konuþmacýnýn katýlým saðlamasý þarttýr. Ayrýca tebliðlerin yarýdan fazlasýnýn (%51 ve üzeri) Türkiye dýþýndan katýlýmcýlar tarafýndan sunulmuþ olmasý esastýr. Sadece beþ yabancý konuþmacýnýn olmasý yeterli deðildir, ülke çeþitliliði aranýr. Ek olarak etkinliðin uluslararasý niteliði için üniversite yönetim kurulu kararýnýn bulunmasý ve tebliðin tam metin olarak yayýmlanmýþ olmasý zorunludur; özet metinler puanlanmaz. Çevrimiçi etkinliklerde de bu koþullarýn tamamý aranmaktadýr.";[Baþvuru Rehberi]|[Yönetmelik];Madde 7(9) / Madde 40;teblið|uluslararasý|ülke sayýsý|tam metin;hard
977;Akademik teþvik ödülü kategorisinde hangi tür belgeler ve ödüller kesinlikle kapsam dýþý býrakýlarak puanlamaya dahil edilmez?;Tebliðler için verilen ödüller, dergi hakemlikleri için verilen ödüller, yayýn teþvik ödülleri, mansiyon ödülleri, teþekkür ve baþarý belgeleri, plaketler ve burslar kesinlikle kapsam dýþýdýr. Ayrýca araþtýrmacýnýn kadrosunun bulunduðu kendi üniversitesi tarafýndan verilen ödüller de puanlanmaz. Puanlanacak bilim ödülünün sürekli olmasý (en az 5 kez verilmiþ), akademik bir jüri tarafýndan deðerlendirilmiþ olmasý ve araþtýrmacýnýn uzmanlýk alaný ile ilgili olarak 2025 yýlýnda verilmiþ olmasý þarttýr. Hizmet belgeleri ve onur belgeleri de bu kapsamda deðerlendirme dýþý tutulur.;[Baþvuru Rehberi]|[Yönetmelik];Madde 7(10) / Madde 45;ödül|kapsam dýþý|mansiyon|üniversite ödülü;easy
978;Akademik Teþvik Ödeneði Yönetmeliði uyarýnca en yüksek Devlet memuru brüt aylýðý tutarý hangi gösterge rakamlarý üzerinden hesaplanmaktadýr?;"En yüksek Devlet memuru brüt aylýðý; 1.500 aylýk gösterge rakamý ile 8.000 ek gösterge rakamýnýn toplamý olan 9.500 gösterge rakamýnýn, memur aylýk katsayýsý ile çarpýmý sonucu bulunan tutardýr. Bu tutar akademik teþvik ödemesi formülünde temel bir çarpan olarak yer alýr. Ödeme miktarý bu brüt tutarýn kadro unvan oranlarý (%70-100 arasý) ve hesaplanan akademik teþvik puanýnýn yüze bölünmesiyle elde edilen katsayý ile çarpýlmasýyla hesaplanýr. Bu hesaplama yöntemi tüm devlet yükseköðretim kurumlarý için standarttýr ve katsayýlar dönemlik güncellenir.";[Yönetmelik];Madde 3(ç) / Madde 8(1);brüt aylýk|gösterge|maaþ katsayýsý|hesaplama;hard
979;Akademik teþvik puaný hesaplanýrken her bir faaliyet türünün toplam teþvik puaný üzerindeki etkisi nasýl sýnýrlandýrýlmýþtýr?;"Akademik teþvik puaný hesaplanýrken her bir akademik faaliyet türünün (proje, yayýn, atýf vb.) toplam puanýn hesaplanmasýndaki aðýrlýðý, akademik teþvik toplam puanýnýn %30’unu geçemez. Toplam akademik teþvik puaný ise hiçbir durumda 100 puaný aþamaz. Bu kural araþtýrmacýlarýn sadece tek bir alanda üretim yapmak yerine farklý akademik faaliyet alanlarýnda dengeli bir þekilde yer almasýný teþvik etmek amacýyla uygulanmaktadýr. Her kategori için Tablo 4'teki üst sýnýrlar geçerlidir; bir alanda 100 puan toplansa dahi toplama etkisi en fazla 30 puan olabilir.";[Yönetmelik];Madde 1(1) / Madde 8(3);üst sýnýr|aðýrlýk|puanlama|toplam puan;med
980;Üst komisyon üyeleri hangi kriterlere göre seçilir, hangi süreyle görev yapar ve komisyonun baþkanlýðýný kim yürütür?;"Akademik Teþvik Düzenleme, Denetleme ve Ýtiraz Komisyonu üyeleri; yüksek akademik teþvik puanýna sahip öðretim üyeleri arasýndan, her doçentlik temel alanýndan en az bir kiþi olmak üzere rektörün her bir üyelik için önereceði üç aday arasýndan senato tarafýndan seçilir. Komisyon, baþkan hariç en az dört üyeden oluþmak koþuluyla iki yýl süreyle seçilir. Süresi biten üyeler yeniden seçilebilir. Komisyonun baþkanlýðýný rektör tarafýndan görevlendirilen bir rektör yardýmcýsý yürütür. Üyeliðin boþalmasý durumunda ayný usulle yeni üye atanýr.";[Yönetmelik];Madde 4(1);üst komisyon|seçim|senato|görev süresi;med
981;Birim akademik teþvik baþvuru ve inceleme komisyonu üyeleri hangi makam tarafýndan seçilir ve üye yapýsý nasýl oluþturulur?;"Birim komisyonu, yükseköðretim kurumlarýnýn her bölüm, anabilim dalý veya anasanat dalý baþkanlýklarý bünyesinde en az üç üyeden oluþacak þekilde kurulur. Komisyon üyeleri ilgili birimin Yönetim Kurulu tarafýndan, yüksek akademik teþvik puanýna sahip olan öðretim elemanlarý arasýndan seçilerek oluþturulur. Bölümde yeterli öðretim elemaný bulunmamasý halinde üyeler yakýn alanlardaki öðretim elemanlarý ile tamamlanabilir. Birim akademik teþvik baþvuru ve inceleme komisyonu üyeleri iki yýl için seçilir; birim baþkaný komisyonun doðal baþkanýdýr.";[Yönetmelik];Madde 5(1);birim komisyonu|seçim|yönetim kurulu|görev süresi;med
982;Akademik teþvik komisyonlarýnda kararlarýn alýnmasý, toplantý yeter sayýsý ve oylama usulü ile ilgili temel kurallar nelerdir?;"Hem üst komisyon hem de birim komisyonlarý, baþkan dahil üye tam sayýsýnýn salt çoðunluðu ile toplanýr ve katýlanlarýn salt çoðunluðu ile karar alýr. Oylarýn eþit olmasý halinde komisyon baþkanýnýn oyu yönünde karar verilmiþ sayýlýr. En kritik kurallardan biri, komisyon üyelerinin oylama sýrasýnda hiçbir þekilde çekimser oy kullanamayacak olmalarýdýr; her üye kabul veya ret yönünde görüþ bildirmek zorundadýr. Komisyon kararlarý tutanak altýna alýnarak imzalanýr ve reddedilen faaliyetler için mutlaka gerekçeli açýklama yapýlýr.";[Yönetmelik];Madde 4(2) / Madde 5(2);oylama|çekimser oy|karar yeter sayýsý|komisyon;hard
983;Çok isimli yayýn, teblið ve patentler için uygulanan (k) katsayýsý kiþi sayýsýna göre nasýl kademelendirilmiþtir?;"Çok isimli faaliyetlerde (k) katsayýsý Tablo 1'e göre belirlenir: 1 kiþi için 1; 2 kiþi için 0,8; 3 kiþi için 0,6; 4 kiþi için 0,45; 5 kiþi için 1/5; 6 kiþi için 1/6; 7 veya daha fazla kiþi için ise 1/kiþi sayýsý olarak uygulanýr. Bu katsayý faaliyetin toplam puaný ile çarpýlarak her bir araþtýrmacýnýn bireysel puanýna ulaþýlmasýný saðlar. Bu paylaþým usulü ortak yürütülen akademik çalýþmalarýn adil puanlanmasý amacýyla yönetmelikte standartlaþtýrýlmýþtýr; yazar sayýsý arttýkça bireysel puan oransal olarak azalmaktadýr.";[Yönetmelik];Madde 8(4) / Tablo 1;k katsayýsý|yazar sayýsý|puanlama|paylaþým;easy
984;Projelerde görev alan öðretim elemanlarýnýn puaný hesaplanýrken yürütücü ve araþtýrmacý rolleri için hangi katsayýlar uygulanmaktadýr?;"Akademik teþvik projelerinde (r) katsayýsý Tablo 2'de belirlenmiþtir: Projenin 'Yürütücüsü' olan öðretim elemaný için r=1 katsayýsý uygulanýrken; projede 'Araþtýrmacý' veya 'Bursiyer' olarak görev yapanlar için r=0,5 katsayýsý uygulanýr. Bu katsayý projenin türüne göre belirlenen faaliyet oraný ile çarpýlarak araþtýrmacýnýn o projeden alacaðý puanýn hesaplanmasýnda kullanýlýr. Projenin baþarýyla sonuçlanmýþ ve sonuç raporunun onaylanmýþ olmasý bu katsayýnýn uygulanabilmesi için ön koþuldur; yürütücü dýþýndaki rollere sabit yarý puan verilmektedir.";[Yönetmelik];Madde 8(5) / Tablo 2;r katsayýsý|proje rolü|yürütücü|araþtýrmacý;easy
985;SCI-Expanded, SSCI ve AHCI kapsamýndaki dergilerde yayýmlanan makaleler için kullanýlan (p) katsayýsý hangi kriterlere göre belirlenir?;"p katsayýsý, makalenin yayýmlandýðý yýl için derginin ISI Web of Science Çeyreklik (Quartile/Q) sýnýflandýrmasýna göre belirlenir: Q1 için 1; Q2 için 0,8; Q3 için 0,5; Q4 için 0,25 uygulanýr. AHCI kapsamýndaki dergiler için katsayý deðeri sabit 0,5 olarak uygulanýr. Eðer bir derginin Q deðeri henüz belirlenmemiþse en alt katsayý olan 0,25 deðeri esas alýnýr. Araþtýrmacýlarýn WOS üzerinden aldýklarý ve güncel Q deðerini gösteren belgeleri FUATS sistemine yüklemeleri zorunludur; dergi sýnýflandýrmasý puanýn temel çarpanýdýr.";[Yönetmelik];Madde 8(6) / Tablo 3;p katsayýsý|quartile|Q deðeri|wos;hard
986;Akademik teþvik ödeneði hangi vergiden muaftýr ve diðer mali tazminatlarýn hesabýnda dikkate alýnýr mý?;"Akademik teþvik ödeneði, damga vergisi hariç herhangi bir vergiye tabi tutulmaz. Ayrýca bu ödenek ilgili mevzuatý uyarýnca ödenmekte olan zam, tazminat, ödenek, döner sermaye ek ödemesi, ikramiye ve ücret gibi benzeri ödemelerin hesabýnda kesinlikle dikkate alýnmaz. Yani diðer yan ödemelerin matrahýna dahil edilmez ve onlardan baðýmsýz bir kalem olarak Þubat ayýndan itibaren 12 ay boyunca ödenir. Ödeme yapýlabilmesi için personelin aktif olarak aylýk alýyor olmasý þarttýr; emekli olanlar veya aylýðý kesilenler bu ödenekten faydalanamaz.";[Yönetmelik];Madde 10(2);vergi muafiyeti|damga vergisi|ek ödeme|mali hükümler;med
987;Akademik teþvik baþvurusu sýrasýnda yapýlan yanlýþ veya yanýltýcý beyanlarýn tespit edilmesi durumunda uygulanacak mali ve idari yaptýrýmlar nelerdir?;"Ödeme yapýldýktan sonra dahi, faaliyetlerin gerçeðe aykýrý olduðu veya yönetmelik kapsamýna girmediði tespit edilirse yapýlan tüm ödemeler kanuni faiziyle birlikte geri alýnýr. Ayrýca yanlýþ veya yanýltýcý bildirimde bulunanlar hakkýnda komisyonun tespitiyle idari inceleme baþlatýlýr; inceleme sonucuna göre cezai müeyyidelerin uygulanmasý gerekirse genel hukuk hükümleri uygulanýr. Bu süreç araþtýrmacýlarýn beyan ettikleri her türlü verinin ve sunduklarý dijital kanýtlarýn doðruluðundan þahsen sorumlu olduklarýný vurgulamaktadýr; tespitten sonra hukuki süreç iþletilir.";[Yönetmelik];Madde 10(5);yanlýþ beyan|yaptýrým| geri alma|kanuni faiz;hard
988;Milli Savunma Üniversitesi ve Polis Akademisi kadrolarýndaki öðretim elemanlarý akademik teþvik ödeneðinden faydalanabilir mi?;"Evet, Akademik Teþvik Ödeneði Yönetmeliði hükümleri Milli Savunma Üniversitesi, Jandarma ve Sahil Güvenlik Akademisi ile Polis Akademisi kadrolarýnda bulunan öðretim elemanlarý hakkýnda da uygulanýr. Bu kurumlardaki akademik teþvik düzenleme, denetleme ve itiraz süreçlerine iliþkin hususlar; ilgisine göre rektör veya akademi baþkanlarý tarafýndan yönetmelik çerçevesinde belirlenir. Bu personel de devlet yükseköðretim kurumlarýndaki meslektaþlarý gibi ayný faaliyet türleri ve puanlama esaslarý üzerinden teþvik ödeneðinden yararlanma hakkýna sahiptir; ödemeler merkezi bütçeden karþýlanýr.";[Yönetmelik];Madde 1(2) / Madde 9(1);MSÜ|polis akademisi|jandarma|kapsam;med
989;Dergilerin Alan Ýndeksi kategorisinde puanlanabilmesi için hangi kurumun onayladýðý listeler esas alýnmaktadýr?;"Alan indeksleri, Üniversitelerarasý Kurul (ÜAK) Baþkanlýðý tarafýndan hazýrlanýp Yükseköðretim Kurulunca onaylanan doçentlik baþvurusu kriterlerindeki endeksleri ifade eder. Bu kapsamda puanlama yapýlabilmesi için derginin ilgili alan indeksine girdiðini gösteren ÜAK sayfasýndan alýnmýþ belgenin FUATS sistemine yüklenmesi þarttýr. Alan indeksi puanlamasý sadece Eðitim Bilimleri, Mimarlýk, Sosyal, Beþeri ve Ýdari Bilimler ile Spor Bilimleri gibi yönetmelikte tanýmlanan belirli temel alanlar için geçerlidir; fen bilimleri ve saðlýk gibi alanlarda bu kategoriden puan talep edilemez.";[Baþvuru Rehberi]|[Yönetmelik];Madde 3(b) / Madde 26;alan indeksi|üak|doçentlik|indeks;hard
990;Akademik teþvik kapsamýnda yurt dýþý araþtýrma faaliyeti için aylýk bazda belirlenen faaliyet oraný ve asgari süre þartý nedir?;"Yönetmeliðin Faaliyet Hesaplama Tablosu'na göre yurt dýþý araþtýrma faaliyetleri ay üzerinden deðerlendirilir; her bir tam ay için faaliyet oraný 15 olarak belirlenmiþtir. Araþtýrmanýn puan alabilmesi için en az dört ay sürmesi þarttýr. Bu durumda dört aylýk bir yurt dýþý araþtýrma 60 oranýna sahip olur ve bu oran araþtýrma kategorisinin temel puaný olan 15 ile çarpýlarak (60% x 15) 9 puan kazandýrýr. On iki aylýk bir araþtýrmada ise üst limit olan 15 puana ulaþýlabilir. Süre hesabý resmi görevlendirme belgeleri ve yönetim kurulu kararý üzerinden yapýlýr.";[Yönetmelik];Tablo 4 / Madde 7(3);araþtýrma|yurt dýþý|ay katsayýsý|puanlama;hard
991;TÜBÝTAK 1005 projesinde yürütücü olan bir öðretim elemanýnýn alacaðý faaliyet oraný ve puan hesaplamasý nasýldýr?;"Yönetmeliðin Faaliyet Hesaplama Tablosu'na göre TÜBÝTAK 1005 ve 3001 projeleri için faaliyet oraný r x 70 olarak belirlenmiþtir. Proje yürütücüsü için r katsayýsý 1 olduðundan, yürütücü bu projeden doðrudan 70 oranýnda puan alýr. Bu oran proje kategorisinin temel puaný olan 20 ile çarpýlarak (70% x 20) toplam 14 puan olarak teþvik puanýna yansýtýlýr. Projenin 2025 yýlýnda baþarýyla sonuçlanmýþ olmasý ve raporunun onaylanmýþ olmasý belgelenmelidir; araþtýrmacý olmasý durumunda r=0,5 üzerinden 35 oranýnda (7 puan) deðerlendirilir.";[Yönetmelik];Tablo 4 / Madde 8(5);tübitak 1005|proje|puanlama|yürütücü;med
992;Kurum deðiþtiren öðretim elemanlarýnýn akademik teþvik baþvurusu yaparken Kurum Deðiþikliði Beyan Formu sunmasý hangi durumlarda zorunludur?;"Öðretim elemaný 2025 yýlý içerisinde baþka bir kurumdan (üniversite veya diðer kamu kurumlarý) naklen gelmiþ ise Kurum Deðiþikliði Beyan Formunun sunulmasý zorunludur. Bu formda araþtýrmacýnýn önceki kurumda ve üniversitemizde gerçekleþtirdiði faaliyetler ayrýntýlý olarak belirtilmelidir. Ayrýca YÖKSÝS çýktýsýnda her bir faaliyetin hangi kurum bünyesinde yapýldýðý da açýkça gösterilmelidir. Farklý kurumlarda gerçekleþtirilen faaliyetlerin deðerlendirilmesi, araþtýrmacýnýn þu an kadrosunun bulunduðu üniversitedeki komisyonca yapýlýr; belgenin eksikliði baþvurunun usulden reddine neden olabilir.";[Baþvuru Rehberi]|[Yönetmelik];Madde 8 / Madde 6(2);kurum deðiþikliði|beyan formu|naklen atama|yöksis;hard
993;Uluslararasý patentlerin akademik teþvik kapsamýnda deðerlendirilebilmesi için uluslararasý araþtýrma raporunda hangi teknik ifadelerin bulunmasý þarttýr?;"Patent Ýþbirliði Antlaþmasý (PCT) kapsamýnda yapýlan baþvurularda; uluslararasý araþtýrma raporunun yazýlý görüþ kýsmýnda veya ön inceleme raporunda en az bir istemin patentlenebilirlik kriterlerini (yenilik, buluþ basamaðý, sanayiye uygulanabilirlik) saðladýðýnýn ifade edilmiþ olmasý þarttýr. Avrupa Patent Ofisi (EPO) tarafýndan verilen patentler de bu kapsamdadýr. Patentlerin tescil tarihinin 2025 yýlý olmasý esas alýnýr. Tescil belgesinin nüshasý veya yetkili mercilerce düzenlenen resmi onay raporu FUATS sistemine yüklenmelidir. Ýncelemesiz veya tescilsiz patentler puanlanamaz.";[Baþvuru Rehberi]|[Yönetmelik];Madde 33 / Madde 3(ö);patent|tescil|yenilik|buluþ basamaðý;hard
994;Birim akademik teþvik komisyonunun kararlarýnda oylarýn eþitliði durumunda hangi kural iþletilir ve üyelerin çekimser kalma hakký var mýdýr?;"Birim akademik teþvik baþvuru ve inceleme komisyonu, baþkan dahil üye tam sayýsýnýn salt çoðunluðu ile toplanýr ve katýlanlarýn salt çoðunluðu ile karar alýr. Oylarýn eþit daðýlmasý durumunda komisyon baþkanýnýn oyu yönünde karar alýnmýþ sayýlýr. Komisyon üyelerinin oylama sýrasýnda çekimser oy kullanmalarý kesinlikle yasaktýr; her üye kabul veya ret yönünde görüþ bildirmekle yükümlüdür. Bu kural, üst komisyon olan Akademik Teþvik Düzenleme, Denetleme ve Ýtiraz Komisyonu için de Madde 4(2) uyarýnca aynen geçerlidir; kararlarýn sürüncemede kalmasý engellenir.";[Yönetmelik];Madde 5(2) / Madde 4(2);birim komisyonu|karar yeter sayýsý|oy eþitliði|çekimser oy;med
995;YÖK Yýlýn Doktora Tezi Ödülü'nün akademik teþvik puanlamasýndaki faaliyet oraný ve toplam puan getirisi nedir?;"Yönetmeliðin Faaliyet Hesaplama Tablosu'na göre YÖK Yýlýn Doktora Tezi Ödülü %100 faaliyet oranýna sahiptir. Bu oran ödül kategorisinin temel puaný olan 20 ile çarpýldýðýnda araþtýrmacýya 20 tam puan kazandýrýr. Benzer þekilde TÜBÝTAK Bilim Ödülü ve TÜBA Akademi Ödülü de %100 oran ile deðerlendirilir. Ödülün 2025 yýlýnda verilmiþ olmasý ve yetkili mercilerce onaylanmýþ belgesinin sisteme yüklenmesi þarttýr. Ayný çalýþma nedeniyle alýnan farklý ödüllerden sadece en yüksek olaný puanlanýr; mansiyon veya teþekkür belgeleri bu kategoride deðerlendirilmez.";[Yönetmelik];Tablo 4 (Ödül);yök ödülü|doktora tezi|puanlama|ödül;easy
996;Akademik teþvik baþvurusu sýrasýnda araþtýrmacýlarýn kanýtlayýcý dökümanlarýný fiziksel dosya olarak teslim etmeleri gerekmekte midir?;"Hayýr, akademik teþvik baþvurularýnda öðretim elemanlarý sadece YÖKSÝS ve FUATS sistem çýktýlarýný imzalayarak fiziksel olarak birimlerine teslim edeceklerdir. Faaliyetlere iliþkin tüm örnek, kanýt ve dökümanlar ise sadece elektronik ortamda FUATS sistemi (https://akademiktesvik.firat.edu.tr) üzerinden sunulmalýdýr. Fiziksel dosya veya kaðýt ortamýnda kanýt teslimi yapýlmayacaðý takvimde açýkça belirtilmiþtir. Ýnceleme komisyonlarý tüm deðerlendirmeleri bu dijital belgeler üzerinden yapacaktýr; araþtýrmacýlar belgelerin okunabilirliðinden ve eksiksiz yüklendiðinden þahsen sorumludur.";[Takvim]|[Baþvuru Rehberi];02-11 Ocak 2026 / Genel Bilgiler;kanýt|elektronik sunum|belge teslimi|fuats;easy
997;Akademik teþvik sonuçlarýna karþý yapýlan itirazlarýn deðerlendirilmesi ve nihai karara baðlanmasý için belirlenen takvim aralýðý nedir?;Üst komisyon tarafýndan alýnan itirazlar, itiraz süresinin bittiði tarihten itibaren en geç beþ iþ günü içerisinde deðerlendirilerek nihai karara baðlanýr. Fýrat Üniversitesi 2026 takvimine göre bu süreç 01-05 Þubat 2026 tarihleri arasýndadýr. Komisyonun itirazlar sonucunda vereceði bu kararlar kesin niteliktedir ve üniversite bünyesinde baþka bir itiraz merci bulunmamaktadýr. Kesinleþen listeler 06 Þubat tarihinde ödeme birimlerine bildirilir. Ýtiraz dilekçesinin Rektör Yardýmcýlýðýna elden teslim edilmesi süreci baþlatan zorunlu bir adýmdýr.;[Takvim]|[Yönetmelik];Madde 6(6) / 01-05 Þubat 2026;itiraz|nihai karar|üst komisyon|takvim;med
998;Dergilerin Diðer uluslararasý hakemli dergiler kategorisinde deðerlendirilebilmesi için hangi yayýn süresi ve editöryal þartlarý saðlamasý gerekir?;"Bir derginin bu kategoride deðerlendirilebilmesi için en az beþ yýldýr yýlda en az bir sayý ile yayýnlanýyor olmasý þarttýr. Ayrýca derginin editör veya yayýn kurulunun uluslararasý olmasý, bilimsel deðerlendirme süreci ve bu sürecin nasýl iþlediðinin internet sayfasýnda yer almasý ve yayýmlanmýþ makale künyelerine dijital olarak ulaþýlabilmesi gerekir. Yayýn hayatý beþ yýldan az olan dergilerde çýkan makaleler teþvik kapsamýna dahil edilmez. Araþtýrmacýlar derginin arþiv bilgilerini ve indeks bilgisini FUATS üzerinden beyan etmelidir; Google Scholar bu kategoride indeks olarak kabul edilmez.";[Baþvuru Rehberi]|[Yönetmelik];Madde 21 / Madde 7(4);dergi|yayýn süresi|uluslararasý|kriter;med
999;Ayný yayýn veya esere bir kitabýn farklý bölümlerinde yapýlan atýflarýn puanlanmasýnda hangi istisnai durumda her atýf ayrý sayýlýr?;"Ayný yayýn veya esere bir kitabýn farklý bölümlerinde veya kýsýmlarýnda yapýlan atýflar normal þartlarda yalnýzca bir atýf olarak deðerlendirilir. Ancak; bu kuralýn bir istisnasý mevcuttur: Eðer kitabýn her bir bölümünün yazarlarý farklý ise, bu farklý bölümlerde ayný esere yapýlan her bir atýf için ayrý puan deðerlendirmesi yapýlýr. Bu durumun belgelenmesi için kitabýn içindekiler sayfasý ve ilgili kaynakça sayfalarýnýn FUATS sistemine yüklenmesi araþtýrmacýnýn sorumluluðundadýr. Aksi halde tüm kitaptaki atýflar tek bir faaliyet olarak iþleme alýnýr.";[Baþvuru Rehberi]|[Yönetmelik];Madde 37 / Madde 7(8);atýf|mükerrer atýf|kitap bölümü|puanlama;hard
1000;Sergi faaliyetlerinde tekrarlayan etkinlikler için uygulanan puanlama kýsýtlamasý ve ikinci tekrar için geçerli puan oraný nedir?;"Ayný yýl içerisinde tekrar eden sergi, konser, festival ve gösteri gibi sanatsal etkinliklerin puanlanmasýnda en çok iki tekrar dikkate alýnýr. Ýlk etkinlik için tam puan verilirken, ikinci tekrar etkinlik için mevcut faaliyet puanýnýn yarýsý (%50'si) uygulanýr. Ýkiden fazla tekrar eden ayný içerikli faaliyetler için ise hiçbir puanlama yapýlmaz. Sergilerin deðerlendirilmesinde serginin açýldýðý ve tamamlandýðý tarih olan 2025 yýlý esas alýnýr. Eðitim-öðretim faaliyetleri ve öðrenci kulüp faaliyetleri kapsamýndaki sergiler ise puanlanmaz; bu faaliyetler sanatsal özgünlük kriterine uymalýdýr.";[Baþvuru Rehberi]|[Yönetmelik];Madde 32 / Madde 7(6);sergi|tekrar|puanlama|kýsýtlama;"med"""
